file,line,name,parent,context,author,displayName,effective_author,credit_status
adv_aceCPR\config.cpp,3,adv_aceCPR,,CfgPatches,[SeL] Belbo // Adrian,,[SeL] Belbo // Adrian,Explicit
TAEASTRS\config.cpp,4,ADDON,,CfgPatches,Chatter and M3ales; TAE Mod Team,,Chatter and M3ales; TAE Mod Team,Explicit
TAECore\config.cpp,13,TAECore,,CfgPatches,TAE Mod Team,,TAE Mod Team,Explicit
TAEDrones\config.cpp,2,TAEDrones,,CfgPatches,TAE Mod Team,,TAE Mod Team,Explicit
TAEDrones\config.cpp,52,missiles_titan,MissileLauncher,CfgWeapons,,,,External inheritance / no local author
TAEDrones\config.cpp,56,tae_weapon_autonomous_at,missiles_titan,CfgWeapons,TAE Mod Team,Autonomous AT Launcher,TAE Mod Team,Explicit
TAEDrones\config.cpp,71,tae_weapon_autonomous_aa,missiles_titan,CfgWeapons,TAE Mod Team,Autonomous AA Launcher,TAE Mod Team,Explicit
TAEDrones\config.cpp,86,tae_blaster_turret_packed,ACE_ItemCore,CfgWeapons,TAE Mod Team,Blaster Turret (Packed),TAE Mod Team,Explicit
TAEDrones\config.cpp,101,tae_autonomous_aa_turret_packed,ACE_ItemCore,CfgWeapons,TAE Mod Team,Autonomous AA Turret (Packed),TAE Mod Team,Explicit
TAEDrones\config.cpp,118,tae_autonomous_at_turret_packed,tae_autonomous_aa_turret_packed,CfgWeapons,TAE Mod Team,Autonomous AT Turret (Packed),TAE Mod Team,Explicit
TAEDrones\config.cpp,125,tae_seeker_droid_packed,ACE_ItemCore,CfgWeapons,TAE Mod Team,Seeker Droid (Packed),TAE Mod Team,Explicit
TAEDrones\config.cpp,151,CAManBase,Man,CfgVehicles,,,,External inheritance / no local author
TAEDrones\config.cpp,187,tae_seeker_droid_ai,I_UAV_AI,CfgVehicles,TAE Mod Team,Seeker Droid AI,TAE Mod Team,Explicit
TAEDrones\config.cpp,194,tae_autonomous_turret_ai,I_UAV_AI,CfgVehicles,TAE Mod Team,Autonomous Turret Droid,TAE Mod Team,Explicit
TAEDrones\config.cpp,206,tae_blaster_turret,mti_armoury_drones_blasterturret_base,CfgVehicles,TAE Mod Team,Blaster Turret,TAE Mod Team,Explicit
TAEDrones\config.cpp,220,tae_autonomous_aa_turret,mti_armoury_drones_paap_aa,CfgVehicles,TAE Mod Team,Autonomous AA Turret,TAE Mod Team,Explicit
TAEDrones\config.cpp,234,tae_autonomous_at_turret,mti_armoury_drones_paap_at,CfgVehicles,TAE Mod Team,Autonomous AT Turret,TAE Mod Team,Explicit
TAEDrones\config.cpp,248,tae_seeker_droid,mti_armoury_drones_prowler_1500,CfgVehicles,TAE Mod Team,Seeker Droid,TAE Mod Team,Explicit
TAEGear\Armors\config.cpp,2,TAEGear_Armors,,CfgPatches,,,,External inheritance / no local author
TAEGear\Armors\config.cpp,37,tae_armor_traditional,tgf_armour_light_armour,CfgWeapons,,Traditional Mandalorian Armor,,External inheritance / no local author
TAEGear\Armors\config.cpp,102,tae_armor_medium,tgf_armour_medium_armour,CfgWeapons,,Medium Mandalorian Armor,,External inheritance / no local author
TAEGear\Armors\config.cpp,167,tae_armor_recon,tgf_armour_super_light_armour,CfgWeapons,,Recon Mandalorian Armor,,External inheritance / no local author
TAEGear\Armors\config.cpp,232,tae_armor_heavy,tgf_armour_heavy_armour,CfgWeapons,,Heavy Mandalorian Armor,,External inheritance / no local author
TAEGear\Armors\config.cpp,296,tae_armor_battle,tgf_armour_battle_armour,CfgWeapons,,Battle Mandalorian Armor,,External inheritance / no local author
TAEGear\Armors\config.cpp,360,tae_armor_war_chief,tgf_armour_war_chief_armour,CfgWeapons,,War Chief Mandalorian Armor,,External inheritance / no local author
TAEGear\Armors\config.cpp,424,tae_armor_arbiter,tgf_armour_arbiter_armour,CfgWeapons,,Arbiter Mandalorian Armor,,External inheritance / no local author
TAEGear\Armors\config.cpp,488,tae_armor_ls_traditional,ls_mandalorianVest_standard,CfgWeapons,Edonn,Traditional Mandalorian Armor (LS),Edonn,Explicit
TAEGear\Armors\config.cpp,552,tae_nite_owl_armor,tgf_armour_nite_owl_armour,CfgWeapons,,Nite Owl Mandalorian Armor,,External inheritance / no local author
TAEGear\Armors\Customs\config.cpp,2,TAEGear_Armors_Customs,,CfgPatches,,,,External inheritance / no local author
TAEGear\Armors\Customs\config.cpp,416,tae_karr_armor_medium_fd,tae_armor_medium,CfgWeapons,Nova,House Karr Medium Armor (Foundling),Nova,Explicit
TAEGear\Armors\Customs\config.cpp,436,tae_karr_armor_medium_mr,tae_armor_medium,CfgWeapons,Nova,House Karr Medium Armor (Mandalorian Recruit),Nova,Explicit
TAEGear\Armors\Customs\config.cpp,456,tae_karr_armor_medium_ma,tae_armor_medium,CfgWeapons,Nova,House Karr Medium Armor (Mandalorian Apprentice),Nova,Explicit
TAEGear\Armors\Customs\config.cpp,476,tae_karr_armor_medium_mm,tae_armor_medium,CfgWeapons,Nova,House Karr Medium Armor (Mandalorian),Nova,Explicit
TAEGear\Armors\Customs\config.cpp,496,tae_karr_armor_medium_mv,tae_armor_medium,CfgWeapons,Nova,House Karr Medium Armor (Mandalorian Veteran),Nova,Explicit
TAEGear\Armors\Customs\config.cpp,517,tae_karr_armor_niteowl_fd,tae_nite_owl_armor,CfgWeapons,Edonn,House Karr Nite Owl Armor (Foundling),Edonn,Explicit
TAEGear\Armors\Customs\config.cpp,537,tae_karr_armor_niteowl_mr,tae_nite_owl_armor,CfgWeapons,Edonn,House Karr Nite Owl Armor (Mandalorian Recruit),Edonn,Explicit
TAEGear\Armors\Customs\config.cpp,557,tae_karr_armor_niteowl_ma,tae_nite_owl_armor,CfgWeapons,Edonn,House Karr Nite Owl Armor (Mandalorian Apprentice),Edonn,Explicit
TAEGear\Armors\Customs\config.cpp,577,tae_karr_armor_niteowl_mm,tae_nite_owl_armor,CfgWeapons,Edonn,House Karr Nite Owl Armor (Mandalorian),Edonn,Explicit
TAEGear\Armors\Customs\config.cpp,597,tae_karr_armor_niteowl_mv,tae_nite_owl_armor,CfgWeapons,Edonn,House Karr Nite Owl Armor (Mandalorian Veteran),Edonn,Explicit
TAEGear\Armors\Customs\config.cpp,619,tae_hondo_armor,tae_armor_medium,CfgWeapons,Hondo,Hondo's Armor,Hondo,Explicit
TAEGear\Armors\Customs\config.cpp,641,tae_teka_armor,tae_armor_medium,CfgWeapons,Teka,Teka's Pilot Armor,Teka,Explicit
TAEGear\Armors\Customs\config.cpp,661,tae_shyyyo_recon_armor,tae_armor_recon,CfgWeapons,Hondo,Shyyyo Recon Armor,Hondo,Explicit
TAEGear\Armors\Customs\config.cpp,683,tae_towi_armor,tae_nite_owl_armor,CfgWeapons,Jimothy,Towi's Nite Owl Armor,Jimothy,Explicit
TAEGear\Armors\Customs\config.cpp,696,tae_bingo_armor,tae_armor_battle,CfgWeapons,Jimothy,Bingo's Battle Armor,Jimothy,Explicit
TAEGear\Armors\Customs\config.cpp,709,tae_acklay_armor,tae_armor_ls_traditional,CfgWeapons,Edonn,Clan Acklay Armor,Edonn,Explicit
TAEGear\Armors\Customs\config.cpp,726,tae_acklay_niteowl_armor,tae_nite_owl_armor,CfgWeapons,Edonn,Clan Acklay Nite Owl Armor,Edonn,Explicit
TAEGear\Armors\Customs\config.cpp,746,tae_stasik_armor,tae_armor_traditional,CfgWeapons,Hondo,Stasik's Armor,Hondo,Explicit
TAEGear\Armors\Customs\config.cpp,767,tae_edonn_armor,tae_armor_ls_traditional,CfgWeapons,Edonn,Edonn's Armor,Edonn,Explicit
TAEGear\Armors\Customs\config.cpp,792,tae_frenk_armor,tae_armor_arbiter,CfgWeapons,Jimothy,Frenk's Arbiter Armor,Jimothy,Explicit
TAEGear\Armors\Customs\config.cpp,814,tae_nox_armor,tae_armor_heavy,CfgWeapons,Nox,Nox's Armor,Nox,Explicit
TAEGear\Armors\Customs\config.cpp,836,tae_jimothy_armor,tae_armor_heavy,CfgWeapons,Jimothy,Jimothy's Armor,Jimothy,Explicit
TAEGear\Armors\Customs\config.cpp,858,tae_foxx_armor,tae_armor_medium,CfgWeapons,Juno,Clan Foxx Armor,Juno,Explicit
TAEGear\Armors\Customs\config.cpp,878,tae_juno_armor,tae_armor_heavy,CfgWeapons,Juno,Juno's Heavy Armor,Juno,Explicit
TAEGear\Armors\Customs\config.cpp,898,tae_galaxy_armor,tae_armor_medium,CfgWeapons,Galaxy,Galaxy's Medium Armor,Galaxy,Explicit
TAEGear\Armors\Customs\config.cpp,919,tae_varen_recon_armor,tae_armor_recon,CfgWeapons,Valeria,Clan Varen Recon Armor,Valeria,Explicit
TAEGear\Armors\Customs\config.cpp,939,tae_varen_niteowl_armor,tae_nite_owl_armor,CfgWeapons,Valeria,Clan Varen Nite Owl Armor,Valeria,Explicit
TAEGear\Armors\Customs\config.cpp,961,tae_haranverd_traditional_armor,tae_armor_traditional,CfgWeapons,Sage,Clan Haranverd Traditional Armor,Sage,Explicit
TAEGear\Armors\Customs\config.cpp,982,tae_haranverd_niteowl_armor,tae_nite_owl_armor,CfgWeapons,Sage,Clan Haranverd Nite Owl Armor,Sage,Explicit
TAEGear\Armors\Customs\config.cpp,1004,tae_kyram_armor,tae_armor_traditional,CfgWeapons,Nova,Clan Kyr'am Traditional Armor,Nova,Explicit
TAEGear\Armors\Customs\config.cpp,1025,tae_rook_armor,tae_armor_battle,CfgWeapons,Nox,Clan Rook Battle Armor,Nox,Explicit
TAEGear\Armors\Customs\config.cpp,1045,tae_hades_armor,tae_armor_war_chief,CfgWeapons,Lanval,Hades' War Chief Armor,Lanval,Explicit
TAEGear\Armors\Customs\config.cpp,1065,tae_andora_armor,tae_nite_owl_armor,CfgWeapons,Jimothy,Andora's Nite Owl Armor,Jimothy,Explicit
TAEGear\Armors\Customs\config.cpp,1085,tae_goostivool_armor,tae_armor_ls_traditional,CfgWeapons,Nox,Goostivool's Armor,Nox,Explicit
TAEGear\Armors\Customs\config.cpp,1103,tae_shen_armor,tae_armor_arbiter,CfgWeapons,Hondo,Shen's Arbiter Armor,Hondo,Explicit
TAEGear\Backpacks\config.cpp,2,TAEGear_Backpacks,,CfgPatches,,,,External inheritance / no local author
TAEGear\Backpacks\config.cpp,342,tae_jetpack,Bag_Base,CfgVehicles,,TAE base,,External inheritance / no local author
TAEGear\Backpacks\config.cpp,352,tae_jetpack_JT13,tae_jetpack,CfgVehicles,Kandosii Mod Devs and Edonn,House Karr JT-13 Jetpack,Kandosii Mod Devs and Edonn,Explicit
TAEGear\Backpacks\config.cpp,371,tae_jetpack_JT13_LR,tae_jetpack_JT13,CfgVehicles,Kandosii Mod Devs and Edonn,House Karr JT-13 LR Jetpack,Kandosii Mod Devs and Edonn,Explicit
TAEGear\Backpacks\config.cpp,384,tae_jetpack_JT12,tae_jetpack,CfgVehicles,Kandosii Mod Devs and Edonn,House Karr JT-12 Jetpack,Kandosii Mod Devs and Edonn,Explicit
TAEGear\Backpacks\config.cpp,403,tae_jetpack_JT12_LR,tae_jetpack_JT12,CfgVehicles,Kandosii Mod Devs and Edonn,House Karr JT-12 LR Jetpack,Kandosii Mod Devs and Edonn,Explicit
TAEGear\Backpacks\config.cpp,416,tae_jetpack_MSEJT4,KND_RotaryBackpack,CfgVehicles,Kandosii Mod Devs and Edonn,House Karr MS-EJT4 Jetpack,Kandosii Mod Devs and Edonn,Explicit
TAEGear\Backpacks\config.cpp,439,tae_jetpack_MSEJT4_LR,tae_jetpack_MSEJT4,CfgVehicles,,House Karr MS-EJT4 LR Jetpack,Kandosii Mod Devs and Edonn,Inherited locally from tae_jetpack_MSEJT4
TAEGear\Backpacks\config.cpp,448,tae_jetpack_Z6,tae_jetpack,CfgVehicles,Kandosii Mod Devs and Edonn,House Karr Z-6 Jetpack,Kandosii Mod Devs and Edonn,Explicit
TAEGear\Backpacks\config.cpp,467,tae_jetpack_z12,tae_jetpack,CfgVehicles,Kandosii Mod Devs and Edonn,House Karr Z-12 Jetpack,Kandosii Mod Devs and Edonn,Explicit
TAEGear\Backpacks\config.cpp,486,tae_jetpack_Z4,tae_jetpack,CfgVehicles,Kandosii Mod Devs and Edonn,House Karr Z-4 Jetpack,Kandosii Mod Devs and Edonn,Explicit
TAEGear\Backpacks\config.cpp,515,tae_modular_pack,tgf_backpacks_modular_pack,CfgVehicles,,,,External inheritance / no local author
TAEGear\Backpacks\config.cpp,520,tae_modular_pack_grenadier,tae_modular_pack,CfgVehicles,,,,External inheritance / no local author
TAEGear\Backpacks\config.cpp,531,tae_modular_pack_heavy,tae_modular_pack,CfgVehicles,,,,External inheritance / no local author
TAEGear\Backpacks\config.cpp,536,tae_modular_pack_marksman,tae_modular_pack,CfgVehicles,,,,External inheritance / no local author
TAEGear\Backpacks\config.cpp,547,tae_modular_pack_medic,tae_modular_pack,CfgVehicles,,,,External inheritance / no local author
TAEGear\Backpacks\config.cpp,559,tae_modular_pack_female,tgf_backpacks_modular_pack_female,CfgVehicles,,,,External inheritance / no local author
TAEGear\Backpacks\config.cpp,564,tae_modular_pack_lr,tgf_backpacks_modular_pack_lr,CfgVehicles,,,,External inheritance / no local author
TAEGear\Backpacks\config.cpp,575,tae_modular_pack_lr_female,tgf_backpacks_modular_pack_lr_female,CfgVehicles,,,,External inheritance / no local author
TAEGear\Backpacks\config.cpp,586,tae_modular_pack_engi,tgf_backpacks_modular_pack_engi,CfgVehicles,,,,External inheritance / no local author
TAEGear\Backpacks\config.cpp,591,tae_modular_pack_engi_female,tgf_backpacks_modular_pack_engi_female,CfgVehicles,,,,External inheritance / no local author
TAEGear\Backpacks\config.cpp,598,tae_hondo_JT13,tae_jetpack_JT13,CfgVehicles,Kandosii Mod Devs and Edonn,Hondo's JT-13 Jetpack,Kandosii Mod Devs and Edonn,Explicit
TAEGear\Backpacks\config.cpp,605,tae_hondo_JT13_LR,tae_jetpack_JT13_LR,CfgVehicles,Kandosii Mod Devs and Edonn,Hondo's JT-13 Jetpack LR,Kandosii Mod Devs and Edonn,Explicit
TAEGear\Backpacks\config.cpp,612,tae_frenk_JT12,tae_jetpack_JT12,CfgVehicles,House Kandosii and Jimothy,Frenk's JT-12 Jetpack,House Kandosii and Jimothy,Explicit
TAEGear\Backpacks\config.cpp,622,tae_jimothy_JT12,tae_jetpack_JT12,CfgVehicles,House Kandosii and Jimothy,Jimothy's JT-12 Jetpack,House Kandosii and Jimothy,Explicit
TAEGear\Backpacks\config.cpp,632,tae_stasik_JT12,tae_jetpack_JT12,CfgVehicles,Kandosii Mod Devs and Edonn,Stasik's JT-12 Jetpack,Kandosii Mod Devs and Edonn,Explicit
TAEGear\Backpacks\config.cpp,642,tae_stasik_JT12_LR,tae_jetpack_JT12_LR,CfgVehicles,Kandosii Mod Devs and Edonn,Stasik's JT-12 Jetpack LR,Kandosii Mod Devs and Edonn,Explicit
TAEGear\Backpacks\config.cpp,652,tae_edonn_JT13_LR,tae_jetpack_JT13_LR,CfgVehicles,Kandosii Mod Devs and Edonn,Edonn's JT-13 Jetpack LR,Kandosii Mod Devs and Edonn,Explicit
TAEGear\Backpacks\config.cpp,659,tae_edonn_JT13,tae_jetpack_JT13,CfgVehicles,Kandosii Mod Devs and Edonn,Edonn's JT-13 Jetpack,Kandosii Mod Devs and Edonn,Explicit
TAEGear\Backpacks\config.cpp,666,tae_nova_Z6,tae_jetpack_Z6,CfgVehicles,Kandosii Mod Devs and Edonn,Nova's Z-6 Jetpack,Kandosii Mod Devs and Edonn,Explicit
TAEGear\config.cpp,2,TAEGear,,CfgPatches,TAE Mod Team,,TAE Mod Team,Explicit
TAEGear\Helmets\config.cpp,2,TAEGear_Helmets,,CfgPatches,,,,External inheritance / no local author
TAEGear\Helmets\config.cpp,47,tae_helmet_traditional,tgf_helmets_traditional,CfgWeapons,,,,External inheritance / no local author
TAEGear\Helmets\config.cpp,77,tae_helmet_battle_master,tgf_helmets_battle_master,CfgWeapons,,,,External inheritance / no local author
TAEGear\Helmets\config.cpp,105,tae_helmet_gunslinger,tgf_helmets_gunslinger,CfgWeapons,,,,External inheritance / no local author
TAEGear\Helmets\config.cpp,133,tae_helmet_gunslinger_vet,tgf_helmets_gunslinger_vet,CfgWeapons,,,,External inheritance / no local author
TAEGear\Helmets\config.cpp,161,tae_helmet_warlord,tgf_helmets_warlord,CfgWeapons,,,,External inheritance / no local author
TAEGear\Helmets\config.cpp,189,tae_helmet_viper,tgf_helmets_viper,CfgWeapons,,,,External inheritance / no local author
TAEGear\Helmets\config.cpp,217,tae_helmet_heavy,tgf_helmets_heavy,CfgWeapons,,,,External inheritance / no local author
TAEGear\Helmets\config.cpp,245,tae_helmet_pilot,tgf_helmets_pilot,CfgWeapons,,,,External inheritance / no local author
TAEGear\Helmets\config.cpp,273,tae_helmet_shrike,tgf_helmets_shrike,CfgWeapons,,,,External inheritance / no local author
TAEGear\Helmets\config.cpp,301,tae_helmet_arbiter,tgf_helmets_arbiter,CfgWeapons,,,,External inheritance / no local author
TAEGear\Helmets\config.cpp,329,tae_helmet_war_chief,tgf_helmets_war_chief,CfgWeapons,,,,External inheritance / no local author
TAEGear\Helmets\config.cpp,357,tae_helmet_nite_owl,tgf_helmets_nite_owl,CfgWeapons,,,,External inheritance / no local author
TAEGear\Helmets\config.cpp,386,tae_helmet_ls_traditional,ls_mandalorianHelmet_traditional,CfgWeapons,,Mandalorian Traditional Helmet (LS),,External inheritance / no local author
TAEGear\Helmets\config.cpp,415,tae_helmet_ls_dinDjarin,ls_mandalorianHelmet_dinDjarin,CfgWeapons,,Mandalorian Din Djarin Helmet (LS),,External inheritance / no local author
TAEGear\Helmets\config.cpp,444,tae_helmet_ls_executioner,ls_mandalorianHelmet_executioner,CfgWeapons,,Mandalorian Executioner Helmet (LS),,External inheritance / no local author
TAEGear\Helmets\config.cpp,473,tae_helmet_ls_armorer,ls_mandalorianHelmet_armorer,CfgWeapons,,Mandalorian Armorer Helmet (LS),,External inheritance / no local author
TAEGear\Helmets\config.cpp,505,tae_ls_mandalorian_rangefinder,ls_mandalorian_rangefinder,CfgWeapons,,Mandalorian Rangefinder,,External inheritance / no local author
TAEGear\Helmets\Customs\config.cpp,2,TAEGear_Helmets_Customs,,CfgPatches,,,,External inheritance / no local author
TAEGear\Helmets\Customs\config.cpp,562,tae_karr_helmet_fd,tae_helmet_traditional,CfgWeapons,Nova,House Karr Traditional Helmet (Foundling),Nova,Explicit
TAEGear\Helmets\Customs\config.cpp,582,tae_karr_helmet_mr,tae_helmet_traditional,CfgWeapons,Nova,House Karr Traditional Helmet (Mandalorian Recruit),Nova,Explicit
TAEGear\Helmets\Customs\config.cpp,602,tae_karr_helmet_ma,tae_helmet_traditional,CfgWeapons,Nova,House Karr Traditional Helmet (Mandalorian Apprentice),Nova,Explicit
TAEGear\Helmets\Customs\config.cpp,622,tae_karr_helmet_mm,tae_helmet_traditional,CfgWeapons,Nova,House Karr Traditional Helmet (Mandalorian),Nova,Explicit
TAEGear\Helmets\Customs\config.cpp,642,tae_karr_helmet_mv,tae_helmet_traditional,CfgWeapons,Nova,House Karr Traditional Helmet (Mandalorian Veteran),Nova,Explicit
TAEGear\Helmets\Customs\config.cpp,664,tae_karr_helmet_niteowl_fd,tae_helmet_nite_owl,CfgWeapons,Edonn,House Karr Nite Owl Helmet,Edonn,Explicit
TAEGear\Helmets\Customs\config.cpp,684,tae_karr_helmet_niteowl_mr,tae_helmet_nite_owl,CfgWeapons,Edonn,House Karr Nite Owl Helmet,Edonn,Explicit
TAEGear\Helmets\Customs\config.cpp,704,tae_karr_helmet_niteowl_ma,tae_helmet_nite_owl,CfgWeapons,Edonn,House Karr Nite Owl Helmet,Edonn,Explicit
TAEGear\Helmets\Customs\config.cpp,724,tae_karr_helmet_niteowl_mm,tae_helmet_nite_owl,CfgWeapons,Edonn,House Karr Nite Owl Helmet,Edonn,Explicit
TAEGear\Helmets\Customs\config.cpp,744,tae_karr_helmet_niteowl_mv,tae_helmet_nite_owl,CfgWeapons,Edonn,House Karr Nite Owl Helmet,Edonn,Explicit
TAEGear\Helmets\Customs\config.cpp,766,tae_hondo_helmet,tae_helmet_battle_master,CfgWeapons,Hondo,Hondo's Helmet,Hondo,Explicit
TAEGear\Helmets\Customs\config.cpp,787,tae_nova_helmet,tae_helmet_ls_armorer,CfgWeapons,Nova,Nova's Armorer Helmet,Nova,Explicit
TAEGear\Helmets\Customs\config.cpp,811,tae_teka_helmet,tae_helmet_pilot,CfgWeapons,Teka,Teka's Helmet,Teka,Explicit
TAEGear\Helmets\Customs\config.cpp,824,tae_shyyyo_helmet,tae_helmet_pilot,CfgWeapons,Hondo,Shyyyo Pilot Helmet,Hondo,Explicit
TAEGear\Helmets\Customs\config.cpp,839,tae_acklay_helmet,tae_helmet_ls_traditional,CfgWeapons,Edonn,Clan Acklay Helmet,Edonn,Explicit
TAEGear\Helmets\Customs\config.cpp,860,tae_ls_grey_rangefinder,tae_ls_mandalorian_rangefinder,CfgWeapons,Edonn,LS Grey,Edonn,Explicit
TAEGear\Helmets\Customs\config.cpp,879,tae_acklay_niteowl_helmet,tae_helmet_nite_owl,CfgWeapons,Edonn,Clan Acklay Nite Owl Helmet,Edonn,Explicit
TAEGear\Helmets\Customs\config.cpp,900,tae_edonn_helmet,tae_helmet_ls_dinDjarin,CfgWeapons,Edonn,Edonn's Helmet,Edonn,Explicit
TAEGear\Helmets\Customs\config.cpp,929,tae_dark_grey_rangefinder,tgf_nvg_rangefinder_r,CfgWeapons,Edonn,Dark Grey,Edonn,Explicit
TAEGear\Helmets\Customs\config.cpp,947,tae_nox_helmet,tae_helmet_warlord,CfgWeapons,Nox,Nox's Helmet,Nox,Explicit
TAEGear\Helmets\Customs\config.cpp,969,tae_jimothy_helmet,tae_helmet_heavy,CfgWeapons,Jimothy,Jimothy's Helmet,Jimothy,Explicit
TAEGear\Helmets\Customs\config.cpp,988,tae_jimothy_rangefinder,tgf_nvg_heavy_nv,CfgWeapons,Jimothy,,Jimothy,Explicit
TAEGear\Helmets\Customs\config.cpp,1003,tae_frenk_helmet,tae_helmet_gunslinger,CfgWeapons,Jimothy,Frenk's Gunslinger Helmet,Jimothy,Explicit
TAEGear\Helmets\Customs\config.cpp,1022,tae_towi_helmet,tae_helmet_arbiter,CfgWeapons,Jimothy,Towi's Arbiter Helmet,Jimothy,Explicit
TAEGear\Helmets\Customs\config.cpp,1043,tae_stasik_helmet,tae_helmet_viper,CfgWeapons,Hondo,Stasik's Helmet,Hondo,Explicit
TAEGear\Helmets\Customs\config.cpp,1062,tae_bingo_helmet,tae_helmet_viper,CfgWeapons,Jimothy,Bingo's Viper Helmet,Jimothy,Explicit
TAEGear\Helmets\Customs\config.cpp,1084,tae_foxx_helmet,tae_helmet_traditional,CfgWeapons,Juno,Clan Foxx Helmet,Juno,Explicit
TAEGear\Helmets\Customs\config.cpp,1104,tae_foxx_rangefinder,tgf_nvg_rangefinder_r,CfgWeapons,Juno,Clan Foxx Rangefinder,Juno,Explicit
TAEGear\Helmets\Customs\config.cpp,1122,tae_juno_helmet,tae_helmet_arbiter,CfgWeapons,Juno,Juno's Arbiter Helmet,Juno,Explicit
TAEGear\Helmets\Customs\config.cpp,1142,tae_bean_helmet,tae_helmet_war_chief,CfgWeapons,Bean,Bean's War Chief Helmet,Bean,Explicit
TAEGear\Helmets\Customs\config.cpp,1164,tae_varen_helmet,tae_helmet_traditional,CfgWeapons,Valeria,Clan Varen Traditional Helmet,Valeria,Explicit
TAEGear\Helmets\Customs\config.cpp,1184,tae_dark_red_rangefinder,tgf_nvg_rangefinder_r,CfgWeapons,Valeria,Dark Red,Valeria,Explicit
TAEGear\Helmets\Customs\config.cpp,1202,tae_valeria_helmet,tae_helmet_viper,CfgWeapons,Valeria,Valeria's Viper Helmet,Valeria,Explicit
TAEGear\Helmets\Customs\config.cpp,1221,tae_keira_helmet,tae_helmet_pilot,CfgWeapons,Keira,keira's tinkered helmet,Keira,Explicit
TAEGear\Helmets\Customs\config.cpp,1270,tae_haranverd_traditional_helmet,tae_helmet_traditional,CfgWeapons,Sage,Clan Haranverd Traditional Helmet,Sage,Explicit
TAEGear\Helmets\Customs\config.cpp,1291,tae_haranverd_niteowl_helmet,tae_helmet_nite_owl,CfgWeapons,Sage,Clan Haranverd Nite Owl Helmet,Sage,Explicit
TAEGear\Helmets\Customs\config.cpp,1313,tae_kyram_helmet,tae_helmet_traditional,CfgWeapons,Nova,Clan Kyr'am Traditional Helmet,Nova,Explicit
TAEGear\Helmets\Customs\config.cpp,1335,tae_rook_helmet,tae_helmet_traditional,CfgWeapons,Nox,Clan Rook Traditional Helmet,Nox,Explicit
TAEGear\Helmets\Customs\config.cpp,1355,tae_hades_helmet,tae_helmet_arbiter,CfgWeapons,Lanval,Hades' Arbiter Helmet,Lanval,Explicit
TAEGear\Helmets\Customs\config.cpp,1375,tae_grey_helmet,tae_helmet_gunslinger_vet,CfgWeapons,Bean,Grey's Gunslinger Veteran Helmet,Bean,Explicit
TAEGear\Helmets\Customs\config.cpp,1395,tae_galaxy_helmet,tae_helmet_gunslinger,CfgWeapons,Nox,Galaxy's Gunslinger Helmet,Nox,Explicit
TAEGear\Helmets\Customs\config.cpp,1415,tae_vario_helmet,tae_helmet_traditional,CfgWeapons,Nox,Vario's Traditional Helmet,Nox,Explicit
TAEGear\Helmets\Customs\config.cpp,1435,tae_andora_helmet,tae_helmet_nite_owl,CfgWeapons,Jimothy,Andora's Nite Owl Helmet,Jimothy,Explicit
TAEGear\Helmets\Customs\config.cpp,1455,tae_goostivool_helmet,tae_helmet_ls_executioner,CfgWeapons,Nox,Goostivool's Executioner Helmet,Nox,Explicit
TAEGear\Helmets\Customs\config.cpp,1475,tae_shen_helmet,tae_helmet_gunslinger,CfgWeapons,Hondo,Shen's Gunslinger Helmet,Hondo,Explicit
TAEGear\Uniforms\config.cpp,2,TAEUniforms,,CfgPatches,TAE Mod Team,,TAE Mod Team,Explicit
TAEGear\Uniforms\config.cpp,278,tae_uniform_unit_ls_mandalorian,ls_mandalorian_base,CfgVehicles,Edonn,TAE LS Mandalorian Undersuit,Edonn,Explicit
TAEGear\Uniforms\config.cpp,290,tae_uniform_unit_forgemaster_seal,tgf_undersuit_unit_forgemaster_seal,CfgVehicles,Edonn,TAE Mandalorian Undersuit with Seal (Forgemaster),Edonn,Explicit
TAEGear\Uniforms\config.cpp,302,tae_uniform_unit_black_seal,tgf_undersuit_unit_black_seal,CfgVehicles,Edonn,TAE Mandalorian Undersuit with Seal (Black),Edonn,Explicit
TAEGear\Uniforms\config.cpp,314,tae_uniform_unit_dark_blue_seal,tgf_undersuit_unit_dark_blue_seal,CfgVehicles,Edonn,TAE Mandalorian Undersuit with Seal (Dark Blue),Edonn,Explicit
TAEGear\Uniforms\config.cpp,326,tae_uniform_unit_dark_green_seal,tgf_undersuit_unit_dark_green_seal,CfgVehicles,Edonn,TAE Mandalorian Undersuit with Seal (Dark Green),Edonn,Explicit
TAEGear\Uniforms\config.cpp,338,tae_uniform_unit_grey_seal,tgf_undersuit_unit_grey_seal,CfgVehicles,Edonn,TAE Mandalorian Undersuit with Seal (Grey),Edonn,Explicit
TAEGear\Uniforms\config.cpp,350,tae_uniform_unit_orange_seal,tgf_undersuit_unit_orange_seal,CfgVehicles,Edonn,TAE Mandalorian Undersuit with Seal (Orange),Edonn,Explicit
TAEGear\Uniforms\config.cpp,362,tae_uniform_unit_red_seal,tgf_undersuit_unit_red_seal,CfgVehicles,Edonn,TAE Mandalorian Undersuit with Seal (Red),Edonn,Explicit
TAEGear\Uniforms\config.cpp,374,tae_uniform_unit_dark_red_seal,tae_uniform_unit_red_seal,CfgVehicles,Edonn,TAE Mandalorian Undersuit with Seal (Dark Red),Edonn,Explicit
TAEGear\Uniforms\config.cpp,386,tae_uniform_unit_brown_seal,tae_uniform_unit_red_seal,CfgVehicles,Edonn,TAE Mandalorian Undersuit with Seal (Brown),Edonn,Explicit
TAEGear\Uniforms\config.cpp,398,tae_uniform_unit_white_seal,tgf_undersuit_unit_white_seal,CfgVehicles,Edonn,TAE Mandalorian Undersuit with Seal (White),Edonn,Explicit
TAEGear\Uniforms\config.cpp,410,tae_uniform_unit_skirata,tgf_undersuit_unit_skirata,CfgVehicles,Edonn,TAE Mandalorian Undersuit with Seal (Kal Skirata),Edonn,Explicit
TAEGear\Uniforms\config.cpp,422,tae_uniform_unit_vau,tgf_undersuit_unit_vau,CfgVehicles,Edonn,TAE Mandalorian Undersuit with Seal (Walon Vau),Edonn,Explicit
TAEGear\Uniforms\config.cpp,434,tae_uniform_unit_black_female,tgf_undersuit_unit_black_female,CfgVehicles,Edonn,TAE Female Mandalorian Undersuit with Seal (Black),Edonn,Explicit
TAEGear\Uniforms\config.cpp,446,tae_uniform_unit_dark_blue_female,tgf_undersuit_unit_dark_blue_female,CfgVehicles,Edonn,TAE Female Mandalorian Undersuit with Seal (Dark Blue),Edonn,Explicit
TAEGear\Uniforms\config.cpp,458,tae_uniform_unit_dark_red_female,tgf_undersuit_unit_red_female,CfgVehicles,Edonn,TAE Female Mandalorian Undersuit with Seal (Dark Red),Edonn,Explicit
TAEGear\Uniforms\config.cpp,475,tae_uniform_unit_grey_female,tgf_undersuit_unit_grey_female,CfgVehicles,Edonn,TAE Female Mandalorian Undersuit with Seal (Grey),Edonn,Explicit
TAEGear\Uniforms\config.cpp,487,tae_uniform_unit_red_female,tgf_undersuit_unit_red_female,CfgVehicles,Edonn,TAE Female Mandalorian Undersuit with Seal (Red),Edonn,Explicit
TAEGear\Uniforms\config.cpp,499,tae_uniform_unit_orange_female,tae_uniform_unit_black_female,CfgVehicles,The Great Forge and Edonn,TAE Female Mandalorian Undersuit with Seal (Orange),The Great Forge and Edonn,Explicit
TAEGear\Uniforms\config.cpp,508,tae_uniform_unit_brown_female,tae_uniform_unit_black_female,CfgVehicles,The Great Forge and Edonn,TAE Female Mandalorian Undersuit with Seal (Brown),The Great Forge and Edonn,Explicit
TAEGear\Uniforms\config.cpp,517,tae_uniform_unit_dark_green_female,tae_uniform_unit_black_female,CfgVehicles,The Great Forge and Edonn,TAE Female Mandalorian Undersuit with Seal (Green),The Great Forge and Edonn,Explicit
TAEGear\Uniforms\config.cpp,526,tae_uniform_unit_forgemaster_female,tae_uniform_unit_black_female,CfgVehicles,The Great Forge and Edonn,TAE Female Mandalorian Undersuit with Seal (Forgemaster),The Great Forge and Edonn,Explicit
TAEGear\Uniforms\config.cpp,535,tae_uniform_unit_skirata_female,tae_uniform_unit_black_female,CfgVehicles,The Great Forge and Edonn,TAE Female Mandalorian Undersuit with Seal (Kal Skirata),The Great Forge and Edonn,Explicit
TAEGear\Uniforms\config.cpp,544,tae_uniform_unit_vau_female,tae_uniform_unit_black_female,CfgVehicles,The Great Forge and Edonn,TAE Female Mandalorian Undersuit with Seal (Walon Vau),The Great Forge and Edonn,Explicit
TAEGear\Uniforms\config.cpp,553,tae_uniform_unit_white_female,tgf_undersuit_unit_white_female,CfgVehicles,Edonn,TAE Female Mandalorian Undersuit with Seal (White),Edonn,Explicit
TAEGear\Uniforms\config.cpp,568,ls_mandalorianUniform,,CfgWeapons,,,,External inheritance / no local author
TAEGear\Uniforms\config.cpp,571,tgf_undersuit_uniform_forgemaster_seal,,CfgWeapons,,,,External inheritance / no local author
TAEGear\Uniforms\config.cpp,574,tgf_undersuit_uniform_black_seal,,CfgWeapons,,,,External inheritance / no local author
TAEGear\Uniforms\config.cpp,577,tgf_undersuit_uniform_dark_blue_seal,,CfgWeapons,,,,External inheritance / no local author
TAEGear\Uniforms\config.cpp,580,tgf_undersuit_uniform_dark_green_seal,,CfgWeapons,,,,External inheritance / no local author
TAEGear\Uniforms\config.cpp,583,tgf_undersuit_uniform_grey_seal,,CfgWeapons,,,,External inheritance / no local author
TAEGear\Uniforms\config.cpp,586,tgf_undersuit_uniform_orange_seal,,CfgWeapons,,,,External inheritance / no local author
TAEGear\Uniforms\config.cpp,589,tgf_undersuit_uniform_red_seal,,CfgWeapons,,,,External inheritance / no local author
TAEGear\Uniforms\config.cpp,592,tgf_undersuit_uniform_white_seal,,CfgWeapons,,,,External inheritance / no local author
TAEGear\Uniforms\config.cpp,595,tgf_undersuit_uniform_skirata,,CfgWeapons,,,,External inheritance / no local author
TAEGear\Uniforms\config.cpp,598,tgf_undersuit_uniform_vau,,CfgWeapons,,,,External inheritance / no local author
TAEGear\Uniforms\config.cpp,601,tgf_undersuit_uniform_black_female,,CfgWeapons,,,,External inheritance / no local author
TAEGear\Uniforms\config.cpp,604,tgf_undersuit_uniform_dark_blue_female,,CfgWeapons,,,,External inheritance / no local author
TAEGear\Uniforms\config.cpp,607,tgf_undersuit_uniform_grey_female,,CfgWeapons,,,,External inheritance / no local author
TAEGear\Uniforms\config.cpp,610,tgf_undersuit_uniform_red_female,,CfgWeapons,,,,External inheritance / no local author
TAEGear\Uniforms\config.cpp,613,tgf_undersuit_uniform_white_female,,CfgWeapons,,,,External inheritance / no local author
TAEGear\Uniforms\config.cpp,617,tae_uniform_ls_mandalorian,ls_mandalorianUniform,CfgWeapons,Edonn,TAE LS Mandalorian Undersuit,Edonn,Explicit
TAEGear\Uniforms\config.cpp,635,tae_uniform_forgemaster_seal,tgf_undersuit_uniform_forgemaster_seal,CfgWeapons,Edonn,TAE Mandalorian Undersuit with Seal (Forgemaster),Edonn,Explicit
TAEGear\Uniforms\config.cpp,653,tae_uniform_black_seal,tgf_undersuit_uniform_black_seal,CfgWeapons,Edonn,TAE Mandalorian Undersuit with Seal (Black),Edonn,Explicit
TAEGear\Uniforms\config.cpp,671,tae_uniform_dark_blue_seal,tgf_undersuit_uniform_dark_blue_seal,CfgWeapons,Edonn,TAE Mandalorian Undersuit with Seal (Dark Blue),Edonn,Explicit
TAEGear\Uniforms\config.cpp,689,tae_uniform_dark_green_seal,tgf_undersuit_uniform_dark_green_seal,CfgWeapons,Edonn,TAE Mandalorian Undersuit with Seal (Dark Green),Edonn,Explicit
TAEGear\Uniforms\config.cpp,707,tae_uniform_grey_seal,tgf_undersuit_uniform_grey_seal,CfgWeapons,Edonn,TAE Mandalorian Undersuit with Seal (Grey),Edonn,Explicit
TAEGear\Uniforms\config.cpp,725,tae_uniform_orange_seal,tgf_undersuit_uniform_orange_seal,CfgWeapons,Edonn,TAE Mandalorian Undersuit with Seal (Orange),Edonn,Explicit
TAEGear\Uniforms\config.cpp,743,tae_uniform_red_seal,tgf_undersuit_uniform_red_seal,CfgWeapons,Edonn,TAE Mandalorian Undersuit with Seal (Red),Edonn,Explicit
TAEGear\Uniforms\config.cpp,761,tae_uniform_dark_red_seal,tae_uniform_red_seal,CfgWeapons,Edonn,TAE Mandalorian Undersuit with Seal (Dark Red),Edonn,Explicit
TAEGear\Uniforms\config.cpp,777,tae_uniform_brown_seal,tae_uniform_red_seal,CfgWeapons,Edonn,TAE Mandalorian Undersuit with Seal (Brown),Edonn,Explicit
TAEGear\Uniforms\config.cpp,793,tae_uniform_white_seal,tgf_undersuit_uniform_white_seal,CfgWeapons,Edonn,TAE Mandalorian Undersuit with Seal (White),Edonn,Explicit
TAEGear\Uniforms\config.cpp,811,tae_uniform_skirata,tgf_undersuit_uniform_skirata,CfgWeapons,Edonn,TAE Mandalorian Undersuit with Seal (Kal Skirata),Edonn,Explicit
TAEGear\Uniforms\config.cpp,829,tae_uniform_vau,tgf_undersuit_uniform_vau,CfgWeapons,Edonn,TAE Mandalorian Undersuit with Seal (Walon Vau),Edonn,Explicit
TAEGear\Uniforms\config.cpp,847,tae_uniform_black_female,tgf_undersuit_uniform_black_female,CfgWeapons,Edonn,TAE Female Mandalorian Undersuit with Seal (Black),Edonn,Explicit
TAEGear\Uniforms\config.cpp,865,tae_uniform_dark_blue_female,tgf_undersuit_uniform_dark_blue_female,CfgWeapons,Edonn,TAE Female Mandalorian Undersuit with Seal (Dark Blue),Edonn,Explicit
TAEGear\Uniforms\config.cpp,883,tae_uniform_dark_red_female,tgf_undersuit_uniform_red_female,CfgWeapons,Edonn,TAE Female Mandalorian Undersuit with Seal (Dark Red),Edonn,Explicit
TAEGear\Uniforms\config.cpp,901,tae_uniform_grey_female,tgf_undersuit_uniform_grey_female,CfgWeapons,Edonn,TAE Female Mandalorian Undersuit with Seal (Grey),Edonn,Explicit
TAEGear\Uniforms\config.cpp,919,tae_uniform_red_female,tgf_undersuit_uniform_red_female,CfgWeapons,Edonn,TAE Female Mandalorian Undersuit with Seal (Red),Edonn,Explicit
TAEGear\Uniforms\config.cpp,937,tae_uniform_orange_female,tae_uniform_black_female,CfgWeapons,The Great Forge and Edonn,TAE Female Mandalorian Undersuit with Seal (Orange),The Great Forge and Edonn,Explicit
TAEGear\Uniforms\config.cpp,944,tae_uniform_brown_female,tae_uniform_black_female,CfgWeapons,The Great Forge and Edonn,TAE Female Mandalorian Undersuit with Seal (Brown),The Great Forge and Edonn,Explicit
TAEGear\Uniforms\config.cpp,951,tae_uniform_dark_green_female,tae_uniform_black_female,CfgWeapons,The Great Forge and Edonn,TAE Female Mandalorian Undersuit with Seal (Green),The Great Forge and Edonn,Explicit
TAEGear\Uniforms\config.cpp,958,tae_uniform_forgemaster_female,tae_uniform_black_female,CfgWeapons,The Great Forge and Edonn,TAE Female Mandalorian Undersuit with Seal (Forgemaster),The Great Forge and Edonn,Explicit
TAEGear\Uniforms\config.cpp,965,tae_uniform_skirata_female,tae_uniform_black_female,CfgWeapons,The Great Forge and Edonn,TAE Female Mandalorian Undersuit with Seal (Kal Skirata),The Great Forge and Edonn,Explicit
TAEGear\Uniforms\config.cpp,972,tae_uniform_vau_female,tae_uniform_black_female,CfgWeapons,The Great Forge and Edonn,TAE Female Mandalorian Undersuit with Seal (Walon Vau),The Great Forge and Edonn,Explicit
TAEGear\Uniforms\config.cpp,979,tae_uniform_white_female,tgf_undersuit_uniform_white_female,CfgWeapons,Edonn,TAE Female Mandalorian Undersuit with Seal (White),Edonn,Explicit
TAEHUD\config.cpp,3,TAEHUD,,CfgPatches,TAE Mod Team,,TAE Mod Team,Explicit
TAEInsignias\config.cpp,2,TAEInsignias,,CfgPatches,TAE Mod Team,,TAE Mod Team,Explicit
TAEInsignias\config.cpp,12,TAE_Insignia_Acklay,,CfgUnitInsignia,TAE Mod Team,House Karr Acklay,TAE Mod Team,Explicit
TAEInsignias\config.cpp,19,TAE_Insignia_Foxx,,CfgUnitInsignia,TAE Mod Team,House Karr Foxx,TAE Mod Team,Explicit
TAEInsignias\config.cpp,26,TAE_Insignia_House_Karr,,CfgUnitInsignia,TAE Mod Team,House Karr,TAE Mod Team,Explicit
TAEInsignias\config.cpp,33,TAE_Insignia_Rook,,CfgUnitInsignia,TAE Mod Team,House Karr Rook,TAE Mod Team,Explicit
TAEInsignias\config.cpp,40,TAE_Insignia_Shyyyo_Flight,,CfgUnitInsignia,TAE Mod Team,Shyyyo Flight,TAE Mod Team,Explicit
TAEInsignias\config.cpp,47,TAE_Insignia_Varen,,CfgUnitInsignia,TAE Mod Team,House Karr Varen,TAE Mod Team,Explicit
TAEInsignias\config.cpp,54,TAE_Insignia_Kyram,,CfgUnitInsignia,TAE Mod Team,House Karr Kyr'am,TAE Mod Team,Explicit
TAEInsignias\config.cpp,61,TAE_Insignia_Haranverd,,CfgUnitInsignia,TAE Mod Team,House Karr Haranverd,TAE Mod Team,Explicit
TAEJLTSCompat\config.cpp,3,JLTS_optionals_TFARBeta_compat,,CfgPatches,Poly; TAE Mod Team,,Poly; TAE Mod Team,Explicit
TAEJLTSCompat\config.cpp,113,JLTS_clone_comlink,TFAR_anprc152,CfgWeapons,MrClock,$STR_JLTS_names_RadioCWP8,MrClock,Explicit
TAEJLTSCompat\config.cpp,132,JLTS_droid_comlink,JLTS_clone_comlink,CfgWeapons,,$STR_JLTS_names_RadioDroid,MrClock,Inherited locally from JLTS_clone_comlink
TAEJLTSCompat\config.cpp,141,JLTS_clone_comlink_1,JLTS_clone_comlink,CfgWeapons,,CWP-8 1,MrClock,Inherited locally from JLTS_clone_comlink
TAEJLTSCompat\config.cpp,150,JLTS_clone_comlink_2,JLTS_clone_comlink,CfgWeapons,,CWP-8 2,MrClock,Inherited locally from JLTS_clone_comlink
TAEJLTSCompat\config.cpp,159,JLTS_clone_comlink_3,JLTS_clone_comlink,CfgWeapons,,CWP-8 3,MrClock,Inherited locally from JLTS_clone_comlink
TAEJLTSCompat\config.cpp,168,JLTS_clone_comlink_4,JLTS_clone_comlink,CfgWeapons,,CWP-8 4,MrClock,Inherited locally from JLTS_clone_comlink
TAEJLTSCompat\config.cpp,177,JLTS_clone_comlink_5,JLTS_clone_comlink,CfgWeapons,,CWP-8 5,MrClock,Inherited locally from JLTS_clone_comlink
TAEJLTSCompat\config.cpp,186,JLTS_clone_comlink_6,JLTS_clone_comlink,CfgWeapons,,CWP-8 6,MrClock,Inherited locally from JLTS_clone_comlink
TAEJLTSCompat\config.cpp,195,JLTS_clone_comlink_7,JLTS_clone_comlink,CfgWeapons,,CWP-8 7,MrClock,Inherited locally from JLTS_clone_comlink
TAEJLTSCompat\config.cpp,204,JLTS_clone_comlink_8,JLTS_clone_comlink,CfgWeapons,,CWP-8 8,MrClock,Inherited locally from JLTS_clone_comlink
TAEJLTSCompat\config.cpp,213,JLTS_clone_comlink_9,JLTS_clone_comlink,CfgWeapons,,CWP-8 9,MrClock,Inherited locally from JLTS_clone_comlink
TAEJLTSCompat\config.cpp,222,JLTS_clone_comlink_10,JLTS_clone_comlink,CfgWeapons,,CWP-8 10,MrClock,Inherited locally from JLTS_clone_comlink
TAEJLTSCompat\config.cpp,231,JLTS_clone_comlink_11,JLTS_clone_comlink,CfgWeapons,,CWP-8 11,MrClock,Inherited locally from JLTS_clone_comlink
TAEJLTSCompat\config.cpp,240,JLTS_clone_comlink_12,JLTS_clone_comlink,CfgWeapons,,CWP-8 12,MrClock,Inherited locally from JLTS_clone_comlink
TAEJLTSCompat\config.cpp,249,JLTS_clone_comlink_13,JLTS_clone_comlink,CfgWeapons,,CWP-8 13,MrClock,Inherited locally from JLTS_clone_comlink
TAEJLTSCompat\config.cpp,258,JLTS_clone_comlink_14,JLTS_clone_comlink,CfgWeapons,,CWP-8 14,MrClock,Inherited locally from JLTS_clone_comlink
TAEJLTSCompat\config.cpp,267,JLTS_clone_comlink_15,JLTS_clone_comlink,CfgWeapons,,CWP-8 15,MrClock,Inherited locally from JLTS_clone_comlink
TAEJLTSCompat\config.cpp,276,JLTS_clone_comlink_16,JLTS_clone_comlink,CfgWeapons,,CWP-8 16,MrClock,Inherited locally from JLTS_clone_comlink
TAEJLTSCompat\config.cpp,285,JLTS_clone_comlink_17,JLTS_clone_comlink,CfgWeapons,,CWP-8 17,MrClock,Inherited locally from JLTS_clone_comlink
TAEJLTSCompat\config.cpp,294,JLTS_clone_comlink_18,JLTS_clone_comlink,CfgWeapons,,CWP-8 18,MrClock,Inherited locally from JLTS_clone_comlink
TAEJLTSCompat\config.cpp,303,JLTS_clone_comlink_19,JLTS_clone_comlink,CfgWeapons,,CWP-8 19,MrClock,Inherited locally from JLTS_clone_comlink
TAEJLTSCompat\config.cpp,312,JLTS_clone_comlink_20,JLTS_clone_comlink,CfgWeapons,,CWP-8 20,MrClock,Inherited locally from JLTS_clone_comlink
TAEJLTSCompat\config.cpp,321,JLTS_clone_comlink_21,JLTS_clone_comlink,CfgWeapons,,CWP-8 21,MrClock,Inherited locally from JLTS_clone_comlink
TAEJLTSCompat\config.cpp,330,JLTS_clone_comlink_22,JLTS_clone_comlink,CfgWeapons,,CWP-8 22,MrClock,Inherited locally from JLTS_clone_comlink
TAEJLTSCompat\config.cpp,339,JLTS_clone_comlink_23,JLTS_clone_comlink,CfgWeapons,,CWP-8 23,MrClock,Inherited locally from JLTS_clone_comlink
TAEJLTSCompat\config.cpp,348,JLTS_clone_comlink_24,JLTS_clone_comlink,CfgWeapons,,CWP-8 24,MrClock,Inherited locally from JLTS_clone_comlink
TAEJLTSCompat\config.cpp,357,JLTS_clone_comlink_25,JLTS_clone_comlink,CfgWeapons,,CWP-8 25,MrClock,Inherited locally from JLTS_clone_comlink
TAEJLTSCompat\config.cpp,366,JLTS_clone_comlink_26,JLTS_clone_comlink,CfgWeapons,,CWP-8 26,MrClock,Inherited locally from JLTS_clone_comlink
TAEJLTSCompat\config.cpp,375,JLTS_clone_comlink_27,JLTS_clone_comlink,CfgWeapons,,CWP-8 27,MrClock,Inherited locally from JLTS_clone_comlink
TAEJLTSCompat\config.cpp,384,JLTS_clone_comlink_28,JLTS_clone_comlink,CfgWeapons,,CWP-8 28,MrClock,Inherited locally from JLTS_clone_comlink
TAEJLTSCompat\config.cpp,393,JLTS_clone_comlink_29,JLTS_clone_comlink,CfgWeapons,,CWP-8 29,MrClock,Inherited locally from JLTS_clone_comlink
TAEJLTSCompat\config.cpp,402,JLTS_clone_comlink_30,JLTS_clone_comlink,CfgWeapons,,CWP-8 30,MrClock,Inherited locally from JLTS_clone_comlink
TAEJLTSCompat\config.cpp,411,JLTS_clone_comlink_31,JLTS_clone_comlink,CfgWeapons,,CWP-8 31,MrClock,Inherited locally from JLTS_clone_comlink
TAEJLTSCompat\config.cpp,420,JLTS_clone_comlink_32,JLTS_clone_comlink,CfgWeapons,,CWP-8 32,MrClock,Inherited locally from JLTS_clone_comlink
TAEJLTSCompat\config.cpp,429,JLTS_clone_comlink_33,JLTS_clone_comlink,CfgWeapons,,CWP-8 33,MrClock,Inherited locally from JLTS_clone_comlink
TAEJLTSCompat\config.cpp,438,JLTS_clone_comlink_34,JLTS_clone_comlink,CfgWeapons,,CWP-8 34,MrClock,Inherited locally from JLTS_clone_comlink
TAEJLTSCompat\config.cpp,447,JLTS_clone_comlink_35,JLTS_clone_comlink,CfgWeapons,,CWP-8 35,MrClock,Inherited locally from JLTS_clone_comlink
TAEJLTSCompat\config.cpp,456,JLTS_clone_comlink_36,JLTS_clone_comlink,CfgWeapons,,CWP-8 36,MrClock,Inherited locally from JLTS_clone_comlink
TAEJLTSCompat\config.cpp,465,JLTS_clone_comlink_37,JLTS_clone_comlink,CfgWeapons,,CWP-8 37,MrClock,Inherited locally from JLTS_clone_comlink
TAEJLTSCompat\config.cpp,474,JLTS_clone_comlink_38,JLTS_clone_comlink,CfgWeapons,,CWP-8 38,MrClock,Inherited locally from JLTS_clone_comlink
TAEJLTSCompat\config.cpp,483,JLTS_clone_comlink_39,JLTS_clone_comlink,CfgWeapons,,CWP-8 39,MrClock,Inherited locally from JLTS_clone_comlink
TAEJLTSCompat\config.cpp,492,JLTS_clone_comlink_40,JLTS_clone_comlink,CfgWeapons,,CWP-8 40,MrClock,Inherited locally from JLTS_clone_comlink
TAEJLTSCompat\config.cpp,501,JLTS_clone_comlink_41,JLTS_clone_comlink,CfgWeapons,,CWP-8 41,MrClock,Inherited locally from JLTS_clone_comlink
TAEJLTSCompat\config.cpp,510,JLTS_clone_comlink_42,JLTS_clone_comlink,CfgWeapons,,CWP-8 42,MrClock,Inherited locally from JLTS_clone_comlink
TAEJLTSCompat\config.cpp,519,JLTS_clone_comlink_43,JLTS_clone_comlink,CfgWeapons,,CWP-8 43,MrClock,Inherited locally from JLTS_clone_comlink
TAEJLTSCompat\config.cpp,528,JLTS_clone_comlink_44,JLTS_clone_comlink,CfgWeapons,,CWP-8 44,MrClock,Inherited locally from JLTS_clone_comlink
TAEJLTSCompat\config.cpp,537,JLTS_clone_comlink_45,JLTS_clone_comlink,CfgWeapons,,CWP-8 45,MrClock,Inherited locally from JLTS_clone_comlink
TAEJLTSCompat\config.cpp,546,JLTS_clone_comlink_46,JLTS_clone_comlink,CfgWeapons,,CWP-8 46,MrClock,Inherited locally from JLTS_clone_comlink
TAEJLTSCompat\config.cpp,555,JLTS_clone_comlink_47,JLTS_clone_comlink,CfgWeapons,,CWP-8 47,MrClock,Inherited locally from JLTS_clone_comlink
TAEJLTSCompat\config.cpp,564,JLTS_clone_comlink_48,JLTS_clone_comlink,CfgWeapons,,CWP-8 48,MrClock,Inherited locally from JLTS_clone_comlink
TAEJLTSCompat\config.cpp,573,JLTS_clone_comlink_49,JLTS_clone_comlink,CfgWeapons,,CWP-8 49,MrClock,Inherited locally from JLTS_clone_comlink
TAEJLTSCompat\config.cpp,582,JLTS_clone_comlink_50,JLTS_clone_comlink,CfgWeapons,,CWP-8 50,MrClock,Inherited locally from JLTS_clone_comlink
TAEJLTSCompat\config.cpp,591,JLTS_clone_comlink_51,JLTS_clone_comlink,CfgWeapons,,CWP-8 51,MrClock,Inherited locally from JLTS_clone_comlink
TAEJLTSCompat\config.cpp,600,JLTS_clone_comlink_52,JLTS_clone_comlink,CfgWeapons,,CWP-8 52,MrClock,Inherited locally from JLTS_clone_comlink
TAEJLTSCompat\config.cpp,609,JLTS_clone_comlink_53,JLTS_clone_comlink,CfgWeapons,,CWP-8 53,MrClock,Inherited locally from JLTS_clone_comlink
TAEJLTSCompat\config.cpp,618,JLTS_clone_comlink_54,JLTS_clone_comlink,CfgWeapons,,CWP-8 54,MrClock,Inherited locally from JLTS_clone_comlink
TAEJLTSCompat\config.cpp,627,JLTS_clone_comlink_55,JLTS_clone_comlink,CfgWeapons,,CWP-8 55,MrClock,Inherited locally from JLTS_clone_comlink
TAEJLTSCompat\config.cpp,636,JLTS_clone_comlink_56,JLTS_clone_comlink,CfgWeapons,,CWP-8 56,MrClock,Inherited locally from JLTS_clone_comlink
TAEJLTSCompat\config.cpp,645,JLTS_clone_comlink_57,JLTS_clone_comlink,CfgWeapons,,CWP-8 57,MrClock,Inherited locally from JLTS_clone_comlink
TAEJLTSCompat\config.cpp,654,JLTS_clone_comlink_58,JLTS_clone_comlink,CfgWeapons,,CWP-8 58,MrClock,Inherited locally from JLTS_clone_comlink
TAEJLTSCompat\config.cpp,663,JLTS_clone_comlink_59,JLTS_clone_comlink,CfgWeapons,,CWP-8 59,MrClock,Inherited locally from JLTS_clone_comlink
TAEJLTSCompat\config.cpp,672,JLTS_clone_comlink_60,JLTS_clone_comlink,CfgWeapons,,CWP-8 60,MrClock,Inherited locally from JLTS_clone_comlink
TAEJLTSCompat\config.cpp,681,JLTS_clone_comlink_61,JLTS_clone_comlink,CfgWeapons,,CWP-8 61,MrClock,Inherited locally from JLTS_clone_comlink
TAEJLTSCompat\config.cpp,690,JLTS_clone_comlink_62,JLTS_clone_comlink,CfgWeapons,,CWP-8 62,MrClock,Inherited locally from JLTS_clone_comlink
TAEJLTSCompat\config.cpp,699,JLTS_clone_comlink_63,JLTS_clone_comlink,CfgWeapons,,CWP-8 63,MrClock,Inherited locally from JLTS_clone_comlink
TAEJLTSCompat\config.cpp,708,JLTS_clone_comlink_64,JLTS_clone_comlink,CfgWeapons,,CWP-8 64,MrClock,Inherited locally from JLTS_clone_comlink
TAEJLTSCompat\config.cpp,717,JLTS_clone_comlink_65,JLTS_clone_comlink,CfgWeapons,,CWP-8 65,MrClock,Inherited locally from JLTS_clone_comlink
TAEJLTSCompat\config.cpp,726,JLTS_clone_comlink_66,JLTS_clone_comlink,CfgWeapons,,CWP-8 66,MrClock,Inherited locally from JLTS_clone_comlink
TAEJLTSCompat\config.cpp,735,JLTS_clone_comlink_67,JLTS_clone_comlink,CfgWeapons,,CWP-8 67,MrClock,Inherited locally from JLTS_clone_comlink
TAEJLTSCompat\config.cpp,744,JLTS_clone_comlink_68,JLTS_clone_comlink,CfgWeapons,,CWP-8 68,MrClock,Inherited locally from JLTS_clone_comlink
TAEJLTSCompat\config.cpp,753,JLTS_clone_comlink_69,JLTS_clone_comlink,CfgWeapons,,CWP-8 69,MrClock,Inherited locally from JLTS_clone_comlink
TAEJLTSCompat\config.cpp,762,JLTS_clone_comlink_70,JLTS_clone_comlink,CfgWeapons,,CWP-8 70,MrClock,Inherited locally from JLTS_clone_comlink
TAEJLTSCompat\config.cpp,771,JLTS_clone_comlink_71,JLTS_clone_comlink,CfgWeapons,,CWP-8 71,MrClock,Inherited locally from JLTS_clone_comlink
TAEJLTSCompat\config.cpp,780,JLTS_clone_comlink_72,JLTS_clone_comlink,CfgWeapons,,CWP-8 72,MrClock,Inherited locally from JLTS_clone_comlink
TAEJLTSCompat\config.cpp,789,JLTS_clone_comlink_73,JLTS_clone_comlink,CfgWeapons,,CWP-8 73,MrClock,Inherited locally from JLTS_clone_comlink
TAEJLTSCompat\config.cpp,798,JLTS_clone_comlink_74,JLTS_clone_comlink,CfgWeapons,,CWP-8 74,MrClock,Inherited locally from JLTS_clone_comlink
TAEJLTSCompat\config.cpp,807,JLTS_clone_comlink_75,JLTS_clone_comlink,CfgWeapons,,CWP-8 75,MrClock,Inherited locally from JLTS_clone_comlink
TAEJLTSCompat\config.cpp,816,JLTS_clone_comlink_76,JLTS_clone_comlink,CfgWeapons,,CWP-8 76,MrClock,Inherited locally from JLTS_clone_comlink
TAEJLTSCompat\config.cpp,825,JLTS_clone_comlink_77,JLTS_clone_comlink,CfgWeapons,,CWP-8 77,MrClock,Inherited locally from JLTS_clone_comlink
TAEJLTSCompat\config.cpp,834,JLTS_clone_comlink_78,JLTS_clone_comlink,CfgWeapons,,CWP-8 78,MrClock,Inherited locally from JLTS_clone_comlink
TAEJLTSCompat\config.cpp,843,JLTS_clone_comlink_79,JLTS_clone_comlink,CfgWeapons,,CWP-8 79,MrClock,Inherited locally from JLTS_clone_comlink
TAEJLTSCompat\config.cpp,852,JLTS_clone_comlink_80,JLTS_clone_comlink,CfgWeapons,,CWP-8 80,MrClock,Inherited locally from JLTS_clone_comlink
TAEJLTSCompat\config.cpp,861,JLTS_clone_comlink_81,JLTS_clone_comlink,CfgWeapons,,CWP-8 81,MrClock,Inherited locally from JLTS_clone_comlink
TAEJLTSCompat\config.cpp,870,JLTS_clone_comlink_82,JLTS_clone_comlink,CfgWeapons,,CWP-8 82,MrClock,Inherited locally from JLTS_clone_comlink
TAEJLTSCompat\config.cpp,879,JLTS_clone_comlink_83,JLTS_clone_comlink,CfgWeapons,,CWP-8 83,MrClock,Inherited locally from JLTS_clone_comlink
TAEJLTSCompat\config.cpp,888,JLTS_clone_comlink_84,JLTS_clone_comlink,CfgWeapons,,CWP-8 84,MrClock,Inherited locally from JLTS_clone_comlink
TAEJLTSCompat\config.cpp,897,JLTS_clone_comlink_85,JLTS_clone_comlink,CfgWeapons,,CWP-8 85,MrClock,Inherited locally from JLTS_clone_comlink
TAEJLTSCompat\config.cpp,906,JLTS_clone_comlink_86,JLTS_clone_comlink,CfgWeapons,,CWP-8 86,MrClock,Inherited locally from JLTS_clone_comlink
TAEJLTSCompat\config.cpp,915,JLTS_clone_comlink_87,JLTS_clone_comlink,CfgWeapons,,CWP-8 87,MrClock,Inherited locally from JLTS_clone_comlink
TAEJLTSCompat\config.cpp,924,JLTS_clone_comlink_88,JLTS_clone_comlink,CfgWeapons,,CWP-8 88,MrClock,Inherited locally from JLTS_clone_comlink
TAEJLTSCompat\config.cpp,933,JLTS_clone_comlink_89,JLTS_clone_comlink,CfgWeapons,,CWP-8 89,MrClock,Inherited locally from JLTS_clone_comlink
TAEJLTSCompat\config.cpp,942,JLTS_clone_comlink_90,JLTS_clone_comlink,CfgWeapons,,CWP-8 90,MrClock,Inherited locally from JLTS_clone_comlink
TAEJLTSCompat\config.cpp,951,JLTS_clone_comlink_91,JLTS_clone_comlink,CfgWeapons,,CWP-8 91,MrClock,Inherited locally from JLTS_clone_comlink
TAEJLTSCompat\config.cpp,960,JLTS_clone_comlink_92,JLTS_clone_comlink,CfgWeapons,,CWP-8 92,MrClock,Inherited locally from JLTS_clone_comlink
TAEJLTSCompat\config.cpp,969,JLTS_clone_comlink_93,JLTS_clone_comlink,CfgWeapons,,CWP-8 93,MrClock,Inherited locally from JLTS_clone_comlink
TAEJLTSCompat\config.cpp,978,JLTS_clone_comlink_94,JLTS_clone_comlink,CfgWeapons,,CWP-8 94,MrClock,Inherited locally from JLTS_clone_comlink
TAEJLTSCompat\config.cpp,987,JLTS_clone_comlink_95,JLTS_clone_comlink,CfgWeapons,,CWP-8 95,MrClock,Inherited locally from JLTS_clone_comlink
TAEJLTSCompat\config.cpp,996,JLTS_clone_comlink_96,JLTS_clone_comlink,CfgWeapons,,CWP-8 96,MrClock,Inherited locally from JLTS_clone_comlink
TAEJLTSCompat\config.cpp,1005,JLTS_clone_comlink_97,JLTS_clone_comlink,CfgWeapons,,CWP-8 97,MrClock,Inherited locally from JLTS_clone_comlink
TAEJLTSCompat\config.cpp,1014,JLTS_clone_comlink_98,JLTS_clone_comlink,CfgWeapons,,CWP-8 98,MrClock,Inherited locally from JLTS_clone_comlink
TAEJLTSCompat\config.cpp,1023,JLTS_clone_comlink_99,JLTS_clone_comlink,CfgWeapons,,CWP-8 99,MrClock,Inherited locally from JLTS_clone_comlink
TAEJLTSCompat\config.cpp,1032,JLTS_clone_comlink_100,JLTS_clone_comlink,CfgWeapons,,CWP-8 100,MrClock,Inherited locally from JLTS_clone_comlink
TAEJLTSCompat\config.cpp,1041,JLTS_clone_comlink_101,JLTS_clone_comlink,CfgWeapons,,CWP-8 101,MrClock,Inherited locally from JLTS_clone_comlink
TAEJLTSCompat\config.cpp,1050,JLTS_clone_comlink_102,JLTS_clone_comlink,CfgWeapons,,CWP-8 102,MrClock,Inherited locally from JLTS_clone_comlink
TAEJLTSCompat\config.cpp,1059,JLTS_clone_comlink_103,JLTS_clone_comlink,CfgWeapons,,CWP-8 103,MrClock,Inherited locally from JLTS_clone_comlink
TAEJLTSCompat\config.cpp,1068,JLTS_clone_comlink_104,JLTS_clone_comlink,CfgWeapons,,CWP-8 104,MrClock,Inherited locally from JLTS_clone_comlink
TAEJLTSCompat\config.cpp,1077,JLTS_clone_comlink_105,JLTS_clone_comlink,CfgWeapons,,CWP-8 105,MrClock,Inherited locally from JLTS_clone_comlink
TAEJLTSCompat\config.cpp,1086,JLTS_clone_comlink_106,JLTS_clone_comlink,CfgWeapons,,CWP-8 106,MrClock,Inherited locally from JLTS_clone_comlink
TAEJLTSCompat\config.cpp,1095,JLTS_clone_comlink_107,JLTS_clone_comlink,CfgWeapons,,CWP-8 107,MrClock,Inherited locally from JLTS_clone_comlink
TAEJLTSCompat\config.cpp,1104,JLTS_clone_comlink_108,JLTS_clone_comlink,CfgWeapons,,CWP-8 108,MrClock,Inherited locally from JLTS_clone_comlink
TAEJLTSCompat\config.cpp,1113,JLTS_clone_comlink_109,JLTS_clone_comlink,CfgWeapons,,CWP-8 109,MrClock,Inherited locally from JLTS_clone_comlink
TAEJLTSCompat\config.cpp,1122,JLTS_clone_comlink_110,JLTS_clone_comlink,CfgWeapons,,CWP-8 110,MrClock,Inherited locally from JLTS_clone_comlink
TAEJLTSCompat\config.cpp,1131,JLTS_clone_comlink_111,JLTS_clone_comlink,CfgWeapons,,CWP-8 111,MrClock,Inherited locally from JLTS_clone_comlink
TAEJLTSCompat\config.cpp,1140,JLTS_clone_comlink_112,JLTS_clone_comlink,CfgWeapons,,CWP-8 112,MrClock,Inherited locally from JLTS_clone_comlink
TAEJLTSCompat\config.cpp,1149,JLTS_clone_comlink_113,JLTS_clone_comlink,CfgWeapons,,CWP-8 113,MrClock,Inherited locally from JLTS_clone_comlink
TAEJLTSCompat\config.cpp,1158,JLTS_clone_comlink_114,JLTS_clone_comlink,CfgWeapons,,CWP-8 114,MrClock,Inherited locally from JLTS_clone_comlink
TAEJLTSCompat\config.cpp,1167,JLTS_clone_comlink_115,JLTS_clone_comlink,CfgWeapons,,CWP-8 115,MrClock,Inherited locally from JLTS_clone_comlink
TAEJLTSCompat\config.cpp,1176,JLTS_clone_comlink_116,JLTS_clone_comlink,CfgWeapons,,CWP-8 116,MrClock,Inherited locally from JLTS_clone_comlink
TAEJLTSCompat\config.cpp,1185,JLTS_clone_comlink_117,JLTS_clone_comlink,CfgWeapons,,CWP-8 117,MrClock,Inherited locally from JLTS_clone_comlink
TAEJLTSCompat\config.cpp,1194,JLTS_clone_comlink_118,JLTS_clone_comlink,CfgWeapons,,CWP-8 118,MrClock,Inherited locally from JLTS_clone_comlink
TAEJLTSCompat\config.cpp,1203,JLTS_clone_comlink_119,JLTS_clone_comlink,CfgWeapons,,CWP-8 119,MrClock,Inherited locally from JLTS_clone_comlink
TAEJLTSCompat\config.cpp,1212,JLTS_clone_comlink_120,JLTS_clone_comlink,CfgWeapons,,CWP-8 120,MrClock,Inherited locally from JLTS_clone_comlink
TAEJLTSCompat\config.cpp,1221,JLTS_clone_comlink_121,JLTS_clone_comlink,CfgWeapons,,CWP-8 121,MrClock,Inherited locally from JLTS_clone_comlink
TAEJLTSCompat\config.cpp,1230,JLTS_clone_comlink_122,JLTS_clone_comlink,CfgWeapons,,CWP-8 122,MrClock,Inherited locally from JLTS_clone_comlink
TAEJLTSCompat\config.cpp,1239,JLTS_clone_comlink_123,JLTS_clone_comlink,CfgWeapons,,CWP-8 123,MrClock,Inherited locally from JLTS_clone_comlink
TAEJLTSCompat\config.cpp,1248,JLTS_clone_comlink_124,JLTS_clone_comlink,CfgWeapons,,CWP-8 124,MrClock,Inherited locally from JLTS_clone_comlink
TAEJLTSCompat\config.cpp,1257,JLTS_clone_comlink_125,JLTS_clone_comlink,CfgWeapons,,CWP-8 125,MrClock,Inherited locally from JLTS_clone_comlink
TAEJLTSCompat\config.cpp,1266,JLTS_clone_comlink_126,JLTS_clone_comlink,CfgWeapons,,CWP-8 126,MrClock,Inherited locally from JLTS_clone_comlink
TAEJLTSCompat\config.cpp,1275,JLTS_clone_comlink_127,JLTS_clone_comlink,CfgWeapons,,CWP-8 127,MrClock,Inherited locally from JLTS_clone_comlink
TAEJLTSCompat\config.cpp,1284,JLTS_clone_comlink_128,JLTS_clone_comlink,CfgWeapons,,CWP-8 128,MrClock,Inherited locally from JLTS_clone_comlink
TAEJLTSCompat\config.cpp,1293,JLTS_clone_comlink_129,JLTS_clone_comlink,CfgWeapons,,CWP-8 129,MrClock,Inherited locally from JLTS_clone_comlink
TAEJLTSCompat\config.cpp,1302,JLTS_clone_comlink_130,JLTS_clone_comlink,CfgWeapons,,CWP-8 130,MrClock,Inherited locally from JLTS_clone_comlink
TAEJLTSCompat\config.cpp,1311,JLTS_clone_comlink_131,JLTS_clone_comlink,CfgWeapons,,CWP-8 131,MrClock,Inherited locally from JLTS_clone_comlink
TAEJLTSCompat\config.cpp,1320,JLTS_clone_comlink_132,JLTS_clone_comlink,CfgWeapons,,CWP-8 132,MrClock,Inherited locally from JLTS_clone_comlink
TAEJLTSCompat\config.cpp,1329,JLTS_clone_comlink_133,JLTS_clone_comlink,CfgWeapons,,CWP-8 133,MrClock,Inherited locally from JLTS_clone_comlink
TAEJLTSCompat\config.cpp,1338,JLTS_clone_comlink_134,JLTS_clone_comlink,CfgWeapons,,CWP-8 134,MrClock,Inherited locally from JLTS_clone_comlink
TAEJLTSCompat\config.cpp,1347,JLTS_clone_comlink_135,JLTS_clone_comlink,CfgWeapons,,CWP-8 135,MrClock,Inherited locally from JLTS_clone_comlink
TAEJLTSCompat\config.cpp,1356,JLTS_clone_comlink_136,JLTS_clone_comlink,CfgWeapons,,CWP-8 136,MrClock,Inherited locally from JLTS_clone_comlink
TAEJLTSCompat\config.cpp,1365,JLTS_clone_comlink_137,JLTS_clone_comlink,CfgWeapons,,CWP-8 137,MrClock,Inherited locally from JLTS_clone_comlink
TAEJLTSCompat\config.cpp,1374,JLTS_clone_comlink_138,JLTS_clone_comlink,CfgWeapons,,CWP-8 138,MrClock,Inherited locally from JLTS_clone_comlink
TAEJLTSCompat\config.cpp,1383,JLTS_clone_comlink_139,JLTS_clone_comlink,CfgWeapons,,CWP-8 139,MrClock,Inherited locally from JLTS_clone_comlink
TAEJLTSCompat\config.cpp,1392,JLTS_clone_comlink_140,JLTS_clone_comlink,CfgWeapons,,CWP-8 140,MrClock,Inherited locally from JLTS_clone_comlink
TAEJLTSCompat\config.cpp,1401,JLTS_clone_comlink_141,JLTS_clone_comlink,CfgWeapons,,CWP-8 141,MrClock,Inherited locally from JLTS_clone_comlink
TAEJLTSCompat\config.cpp,1410,JLTS_clone_comlink_142,JLTS_clone_comlink,CfgWeapons,,CWP-8 142,MrClock,Inherited locally from JLTS_clone_comlink
TAEJLTSCompat\config.cpp,1419,JLTS_clone_comlink_143,JLTS_clone_comlink,CfgWeapons,,CWP-8 143,MrClock,Inherited locally from JLTS_clone_comlink
TAEJLTSCompat\config.cpp,1428,JLTS_clone_comlink_144,JLTS_clone_comlink,CfgWeapons,,CWP-8 144,MrClock,Inherited locally from JLTS_clone_comlink
TAEJLTSCompat\config.cpp,1437,JLTS_clone_comlink_145,JLTS_clone_comlink,CfgWeapons,,CWP-8 145,MrClock,Inherited locally from JLTS_clone_comlink
TAEJLTSCompat\config.cpp,1446,JLTS_clone_comlink_146,JLTS_clone_comlink,CfgWeapons,,CWP-8 146,MrClock,Inherited locally from JLTS_clone_comlink
TAEJLTSCompat\config.cpp,1455,JLTS_clone_comlink_147,JLTS_clone_comlink,CfgWeapons,,CWP-8 147,MrClock,Inherited locally from JLTS_clone_comlink
TAEJLTSCompat\config.cpp,1464,JLTS_clone_comlink_148,JLTS_clone_comlink,CfgWeapons,,CWP-8 148,MrClock,Inherited locally from JLTS_clone_comlink
TAEJLTSCompat\config.cpp,1473,JLTS_clone_comlink_149,JLTS_clone_comlink,CfgWeapons,,CWP-8 149,MrClock,Inherited locally from JLTS_clone_comlink
TAEJLTSCompat\config.cpp,1482,JLTS_clone_comlink_150,JLTS_clone_comlink,CfgWeapons,,CWP-8 150,MrClock,Inherited locally from JLTS_clone_comlink
TAEJLTSCompat\config.cpp,1491,JLTS_clone_comlink_151,JLTS_clone_comlink,CfgWeapons,,CWP-8 151,MrClock,Inherited locally from JLTS_clone_comlink
TAEJLTSCompat\config.cpp,1500,JLTS_clone_comlink_152,JLTS_clone_comlink,CfgWeapons,,CWP-8 152,MrClock,Inherited locally from JLTS_clone_comlink
TAEJLTSCompat\config.cpp,1509,JLTS_clone_comlink_153,JLTS_clone_comlink,CfgWeapons,,CWP-8 153,MrClock,Inherited locally from JLTS_clone_comlink
TAEJLTSCompat\config.cpp,1518,JLTS_clone_comlink_154,JLTS_clone_comlink,CfgWeapons,,CWP-8 154,MrClock,Inherited locally from JLTS_clone_comlink
TAEJLTSCompat\config.cpp,1527,JLTS_clone_comlink_155,JLTS_clone_comlink,CfgWeapons,,CWP-8 155,MrClock,Inherited locally from JLTS_clone_comlink
TAEJLTSCompat\config.cpp,1536,JLTS_clone_comlink_156,JLTS_clone_comlink,CfgWeapons,,CWP-8 156,MrClock,Inherited locally from JLTS_clone_comlink
TAEJLTSCompat\config.cpp,1545,JLTS_clone_comlink_157,JLTS_clone_comlink,CfgWeapons,,CWP-8 157,MrClock,Inherited locally from JLTS_clone_comlink
TAEJLTSCompat\config.cpp,1554,JLTS_clone_comlink_158,JLTS_clone_comlink,CfgWeapons,,CWP-8 158,MrClock,Inherited locally from JLTS_clone_comlink
TAEJLTSCompat\config.cpp,1563,JLTS_clone_comlink_159,JLTS_clone_comlink,CfgWeapons,,CWP-8 159,MrClock,Inherited locally from JLTS_clone_comlink
TAEJLTSCompat\config.cpp,1572,JLTS_clone_comlink_160,JLTS_clone_comlink,CfgWeapons,,CWP-8 160,MrClock,Inherited locally from JLTS_clone_comlink
TAEJLTSCompat\config.cpp,1581,JLTS_clone_comlink_161,JLTS_clone_comlink,CfgWeapons,,CWP-8 161,MrClock,Inherited locally from JLTS_clone_comlink
TAEJLTSCompat\config.cpp,1590,JLTS_clone_comlink_162,JLTS_clone_comlink,CfgWeapons,,CWP-8 162,MrClock,Inherited locally from JLTS_clone_comlink
TAEJLTSCompat\config.cpp,1599,JLTS_clone_comlink_163,JLTS_clone_comlink,CfgWeapons,,CWP-8 163,MrClock,Inherited locally from JLTS_clone_comlink
TAEJLTSCompat\config.cpp,1608,JLTS_clone_comlink_164,JLTS_clone_comlink,CfgWeapons,,CWP-8 164,MrClock,Inherited locally from JLTS_clone_comlink
TAEJLTSCompat\config.cpp,1617,JLTS_clone_comlink_165,JLTS_clone_comlink,CfgWeapons,,CWP-8 165,MrClock,Inherited locally from JLTS_clone_comlink
TAEJLTSCompat\config.cpp,1626,JLTS_clone_comlink_166,JLTS_clone_comlink,CfgWeapons,,CWP-8 166,MrClock,Inherited locally from JLTS_clone_comlink
TAEJLTSCompat\config.cpp,1635,JLTS_clone_comlink_167,JLTS_clone_comlink,CfgWeapons,,CWP-8 167,MrClock,Inherited locally from JLTS_clone_comlink
TAEJLTSCompat\config.cpp,1644,JLTS_clone_comlink_168,JLTS_clone_comlink,CfgWeapons,,CWP-8 168,MrClock,Inherited locally from JLTS_clone_comlink
TAEJLTSCompat\config.cpp,1653,JLTS_clone_comlink_169,JLTS_clone_comlink,CfgWeapons,,CWP-8 169,MrClock,Inherited locally from JLTS_clone_comlink
TAEJLTSCompat\config.cpp,1662,JLTS_clone_comlink_170,JLTS_clone_comlink,CfgWeapons,,CWP-8 170,MrClock,Inherited locally from JLTS_clone_comlink
TAEJLTSCompat\config.cpp,1671,JLTS_clone_comlink_171,JLTS_clone_comlink,CfgWeapons,,CWP-8 171,MrClock,Inherited locally from JLTS_clone_comlink
TAEJLTSCompat\config.cpp,1680,JLTS_clone_comlink_172,JLTS_clone_comlink,CfgWeapons,,CWP-8 172,MrClock,Inherited locally from JLTS_clone_comlink
TAEJLTSCompat\config.cpp,1689,JLTS_clone_comlink_173,JLTS_clone_comlink,CfgWeapons,,CWP-8 173,MrClock,Inherited locally from JLTS_clone_comlink
TAEJLTSCompat\config.cpp,1698,JLTS_clone_comlink_174,JLTS_clone_comlink,CfgWeapons,,CWP-8 174,MrClock,Inherited locally from JLTS_clone_comlink
TAEJLTSCompat\config.cpp,1707,JLTS_clone_comlink_175,JLTS_clone_comlink,CfgWeapons,,CWP-8 175,MrClock,Inherited locally from JLTS_clone_comlink
TAEJLTSCompat\config.cpp,1716,JLTS_clone_comlink_176,JLTS_clone_comlink,CfgWeapons,,CWP-8 176,MrClock,Inherited locally from JLTS_clone_comlink
TAEJLTSCompat\config.cpp,1725,JLTS_clone_comlink_177,JLTS_clone_comlink,CfgWeapons,,CWP-8 177,MrClock,Inherited locally from JLTS_clone_comlink
TAEJLTSCompat\config.cpp,1734,JLTS_clone_comlink_178,JLTS_clone_comlink,CfgWeapons,,CWP-8 178,MrClock,Inherited locally from JLTS_clone_comlink
TAEJLTSCompat\config.cpp,1743,JLTS_clone_comlink_179,JLTS_clone_comlink,CfgWeapons,,CWP-8 179,MrClock,Inherited locally from JLTS_clone_comlink
TAEJLTSCompat\config.cpp,1752,JLTS_clone_comlink_180,JLTS_clone_comlink,CfgWeapons,,CWP-8 180,MrClock,Inherited locally from JLTS_clone_comlink
TAEJLTSCompat\config.cpp,1761,JLTS_clone_comlink_181,JLTS_clone_comlink,CfgWeapons,,CWP-8 181,MrClock,Inherited locally from JLTS_clone_comlink
TAEJLTSCompat\config.cpp,1770,JLTS_clone_comlink_182,JLTS_clone_comlink,CfgWeapons,,CWP-8 182,MrClock,Inherited locally from JLTS_clone_comlink
TAEJLTSCompat\config.cpp,1779,JLTS_clone_comlink_183,JLTS_clone_comlink,CfgWeapons,,CWP-8 183,MrClock,Inherited locally from JLTS_clone_comlink
TAEJLTSCompat\config.cpp,1788,JLTS_clone_comlink_184,JLTS_clone_comlink,CfgWeapons,,CWP-8 184,MrClock,Inherited locally from JLTS_clone_comlink
TAEJLTSCompat\config.cpp,1797,JLTS_clone_comlink_185,JLTS_clone_comlink,CfgWeapons,,CWP-8 185,MrClock,Inherited locally from JLTS_clone_comlink
TAEJLTSCompat\config.cpp,1806,JLTS_clone_comlink_186,JLTS_clone_comlink,CfgWeapons,,CWP-8 186,MrClock,Inherited locally from JLTS_clone_comlink
TAEJLTSCompat\config.cpp,1815,JLTS_clone_comlink_187,JLTS_clone_comlink,CfgWeapons,,CWP-8 187,MrClock,Inherited locally from JLTS_clone_comlink
TAEJLTSCompat\config.cpp,1824,JLTS_clone_comlink_188,JLTS_clone_comlink,CfgWeapons,,CWP-8 188,MrClock,Inherited locally from JLTS_clone_comlink
TAEJLTSCompat\config.cpp,1833,JLTS_clone_comlink_189,JLTS_clone_comlink,CfgWeapons,,CWP-8 189,MrClock,Inherited locally from JLTS_clone_comlink
TAEJLTSCompat\config.cpp,1842,JLTS_clone_comlink_190,JLTS_clone_comlink,CfgWeapons,,CWP-8 190,MrClock,Inherited locally from JLTS_clone_comlink
TAEJLTSCompat\config.cpp,1851,JLTS_clone_comlink_191,JLTS_clone_comlink,CfgWeapons,,CWP-8 191,MrClock,Inherited locally from JLTS_clone_comlink
TAEJLTSCompat\config.cpp,1860,JLTS_clone_comlink_192,JLTS_clone_comlink,CfgWeapons,,CWP-8 192,MrClock,Inherited locally from JLTS_clone_comlink
TAEJLTSCompat\config.cpp,1869,JLTS_clone_comlink_193,JLTS_clone_comlink,CfgWeapons,,CWP-8 193,MrClock,Inherited locally from JLTS_clone_comlink
TAEJLTSCompat\config.cpp,1878,JLTS_clone_comlink_194,JLTS_clone_comlink,CfgWeapons,,CWP-8 194,MrClock,Inherited locally from JLTS_clone_comlink
TAEJLTSCompat\config.cpp,1887,JLTS_clone_comlink_195,JLTS_clone_comlink,CfgWeapons,,CWP-8 195,MrClock,Inherited locally from JLTS_clone_comlink
TAEJLTSCompat\config.cpp,1896,JLTS_clone_comlink_196,JLTS_clone_comlink,CfgWeapons,,CWP-8 196,MrClock,Inherited locally from JLTS_clone_comlink
TAEJLTSCompat\config.cpp,1905,JLTS_clone_comlink_197,JLTS_clone_comlink,CfgWeapons,,CWP-8 197,MrClock,Inherited locally from JLTS_clone_comlink
TAEJLTSCompat\config.cpp,1914,JLTS_clone_comlink_198,JLTS_clone_comlink,CfgWeapons,,CWP-8 198,MrClock,Inherited locally from JLTS_clone_comlink
TAEJLTSCompat\config.cpp,1923,JLTS_clone_comlink_199,JLTS_clone_comlink,CfgWeapons,,CWP-8 199,MrClock,Inherited locally from JLTS_clone_comlink
TAEJLTSCompat\config.cpp,1932,JLTS_clone_comlink_200,JLTS_clone_comlink,CfgWeapons,,CWP-8 200,MrClock,Inherited locally from JLTS_clone_comlink
TAEJLTSCompat\config.cpp,1941,JLTS_clone_comlink_201,JLTS_clone_comlink,CfgWeapons,,CWP-8 201,MrClock,Inherited locally from JLTS_clone_comlink
TAEJLTSCompat\config.cpp,1950,JLTS_clone_comlink_202,JLTS_clone_comlink,CfgWeapons,,CWP-8 202,MrClock,Inherited locally from JLTS_clone_comlink
TAEJLTSCompat\config.cpp,1959,JLTS_clone_comlink_203,JLTS_clone_comlink,CfgWeapons,,CWP-8 203,MrClock,Inherited locally from JLTS_clone_comlink
TAEJLTSCompat\config.cpp,1968,JLTS_clone_comlink_204,JLTS_clone_comlink,CfgWeapons,,CWP-8 204,MrClock,Inherited locally from JLTS_clone_comlink
TAEJLTSCompat\config.cpp,1977,JLTS_clone_comlink_205,JLTS_clone_comlink,CfgWeapons,,CWP-8 205,MrClock,Inherited locally from JLTS_clone_comlink
TAEJLTSCompat\config.cpp,1986,JLTS_clone_comlink_206,JLTS_clone_comlink,CfgWeapons,,CWP-8 206,MrClock,Inherited locally from JLTS_clone_comlink
TAEJLTSCompat\config.cpp,1995,JLTS_clone_comlink_207,JLTS_clone_comlink,CfgWeapons,,CWP-8 207,MrClock,Inherited locally from JLTS_clone_comlink
TAEJLTSCompat\config.cpp,2004,JLTS_clone_comlink_208,JLTS_clone_comlink,CfgWeapons,,CWP-8 208,MrClock,Inherited locally from JLTS_clone_comlink
TAEJLTSCompat\config.cpp,2013,JLTS_clone_comlink_209,JLTS_clone_comlink,CfgWeapons,,CWP-8 209,MrClock,Inherited locally from JLTS_clone_comlink
TAEJLTSCompat\config.cpp,2022,JLTS_clone_comlink_210,JLTS_clone_comlink,CfgWeapons,,CWP-8 210,MrClock,Inherited locally from JLTS_clone_comlink
TAEJLTSCompat\config.cpp,2031,JLTS_clone_comlink_211,JLTS_clone_comlink,CfgWeapons,,CWP-8 211,MrClock,Inherited locally from JLTS_clone_comlink
TAEJLTSCompat\config.cpp,2040,JLTS_clone_comlink_212,JLTS_clone_comlink,CfgWeapons,,CWP-8 212,MrClock,Inherited locally from JLTS_clone_comlink
TAEJLTSCompat\config.cpp,2049,JLTS_clone_comlink_213,JLTS_clone_comlink,CfgWeapons,,CWP-8 213,MrClock,Inherited locally from JLTS_clone_comlink
TAEJLTSCompat\config.cpp,2058,JLTS_clone_comlink_214,JLTS_clone_comlink,CfgWeapons,,CWP-8 214,MrClock,Inherited locally from JLTS_clone_comlink
TAEJLTSCompat\config.cpp,2067,JLTS_clone_comlink_215,JLTS_clone_comlink,CfgWeapons,,CWP-8 215,MrClock,Inherited locally from JLTS_clone_comlink
TAEJLTSCompat\config.cpp,2076,JLTS_clone_comlink_216,JLTS_clone_comlink,CfgWeapons,,CWP-8 216,MrClock,Inherited locally from JLTS_clone_comlink
TAEJLTSCompat\config.cpp,2085,JLTS_clone_comlink_217,JLTS_clone_comlink,CfgWeapons,,CWP-8 217,MrClock,Inherited locally from JLTS_clone_comlink
TAEJLTSCompat\config.cpp,2094,JLTS_clone_comlink_218,JLTS_clone_comlink,CfgWeapons,,CWP-8 218,MrClock,Inherited locally from JLTS_clone_comlink
TAEJLTSCompat\config.cpp,2103,JLTS_clone_comlink_219,JLTS_clone_comlink,CfgWeapons,,CWP-8 219,MrClock,Inherited locally from JLTS_clone_comlink
TAEJLTSCompat\config.cpp,2112,JLTS_clone_comlink_220,JLTS_clone_comlink,CfgWeapons,,CWP-8 220,MrClock,Inherited locally from JLTS_clone_comlink
TAEJLTSCompat\config.cpp,2121,JLTS_clone_comlink_221,JLTS_clone_comlink,CfgWeapons,,CWP-8 221,MrClock,Inherited locally from JLTS_clone_comlink
TAEJLTSCompat\config.cpp,2130,JLTS_clone_comlink_222,JLTS_clone_comlink,CfgWeapons,,CWP-8 222,MrClock,Inherited locally from JLTS_clone_comlink
TAEJLTSCompat\config.cpp,2139,JLTS_clone_comlink_223,JLTS_clone_comlink,CfgWeapons,,CWP-8 223,MrClock,Inherited locally from JLTS_clone_comlink
TAEJLTSCompat\config.cpp,2148,JLTS_clone_comlink_224,JLTS_clone_comlink,CfgWeapons,,CWP-8 224,MrClock,Inherited locally from JLTS_clone_comlink
TAEJLTSCompat\config.cpp,2157,JLTS_clone_comlink_225,JLTS_clone_comlink,CfgWeapons,,CWP-8 225,MrClock,Inherited locally from JLTS_clone_comlink
TAEJLTSCompat\config.cpp,2166,JLTS_clone_comlink_226,JLTS_clone_comlink,CfgWeapons,,CWP-8 226,MrClock,Inherited locally from JLTS_clone_comlink
TAEJLTSCompat\config.cpp,2175,JLTS_clone_comlink_227,JLTS_clone_comlink,CfgWeapons,,CWP-8 227,MrClock,Inherited locally from JLTS_clone_comlink
TAEJLTSCompat\config.cpp,2184,JLTS_clone_comlink_228,JLTS_clone_comlink,CfgWeapons,,CWP-8 228,MrClock,Inherited locally from JLTS_clone_comlink
TAEJLTSCompat\config.cpp,2193,JLTS_clone_comlink_229,JLTS_clone_comlink,CfgWeapons,,CWP-8 229,MrClock,Inherited locally from JLTS_clone_comlink
TAEJLTSCompat\config.cpp,2202,JLTS_clone_comlink_230,JLTS_clone_comlink,CfgWeapons,,CWP-8 230,MrClock,Inherited locally from JLTS_clone_comlink
TAEJLTSCompat\config.cpp,2211,JLTS_clone_comlink_231,JLTS_clone_comlink,CfgWeapons,,CWP-8 231,MrClock,Inherited locally from JLTS_clone_comlink
TAEJLTSCompat\config.cpp,2220,JLTS_clone_comlink_232,JLTS_clone_comlink,CfgWeapons,,CWP-8 232,MrClock,Inherited locally from JLTS_clone_comlink
TAEJLTSCompat\config.cpp,2229,JLTS_clone_comlink_233,JLTS_clone_comlink,CfgWeapons,,CWP-8 233,MrClock,Inherited locally from JLTS_clone_comlink
TAEJLTSCompat\config.cpp,2238,JLTS_clone_comlink_234,JLTS_clone_comlink,CfgWeapons,,CWP-8 234,MrClock,Inherited locally from JLTS_clone_comlink
TAEJLTSCompat\config.cpp,2247,JLTS_clone_comlink_235,JLTS_clone_comlink,CfgWeapons,,CWP-8 235,MrClock,Inherited locally from JLTS_clone_comlink
TAEJLTSCompat\config.cpp,2256,JLTS_clone_comlink_236,JLTS_clone_comlink,CfgWeapons,,CWP-8 236,MrClock,Inherited locally from JLTS_clone_comlink
TAEJLTSCompat\config.cpp,2265,JLTS_clone_comlink_237,JLTS_clone_comlink,CfgWeapons,,CWP-8 237,MrClock,Inherited locally from JLTS_clone_comlink
TAEJLTSCompat\config.cpp,2274,JLTS_clone_comlink_238,JLTS_clone_comlink,CfgWeapons,,CWP-8 238,MrClock,Inherited locally from JLTS_clone_comlink
TAEJLTSCompat\config.cpp,2283,JLTS_clone_comlink_239,JLTS_clone_comlink,CfgWeapons,,CWP-8 239,MrClock,Inherited locally from JLTS_clone_comlink
TAEJLTSCompat\config.cpp,2292,JLTS_clone_comlink_240,JLTS_clone_comlink,CfgWeapons,,CWP-8 240,MrClock,Inherited locally from JLTS_clone_comlink
TAEJLTSCompat\config.cpp,2301,JLTS_clone_comlink_241,JLTS_clone_comlink,CfgWeapons,,CWP-8 241,MrClock,Inherited locally from JLTS_clone_comlink
TAEJLTSCompat\config.cpp,2310,JLTS_clone_comlink_242,JLTS_clone_comlink,CfgWeapons,,CWP-8 242,MrClock,Inherited locally from JLTS_clone_comlink
TAEJLTSCompat\config.cpp,2319,JLTS_clone_comlink_243,JLTS_clone_comlink,CfgWeapons,,CWP-8 243,MrClock,Inherited locally from JLTS_clone_comlink
TAEJLTSCompat\config.cpp,2328,JLTS_clone_comlink_244,JLTS_clone_comlink,CfgWeapons,,CWP-8 244,MrClock,Inherited locally from JLTS_clone_comlink
TAEJLTSCompat\config.cpp,2337,JLTS_clone_comlink_245,JLTS_clone_comlink,CfgWeapons,,CWP-8 245,MrClock,Inherited locally from JLTS_clone_comlink
TAEJLTSCompat\config.cpp,2346,JLTS_clone_comlink_246,JLTS_clone_comlink,CfgWeapons,,CWP-8 246,MrClock,Inherited locally from JLTS_clone_comlink
TAEJLTSCompat\config.cpp,2355,JLTS_clone_comlink_247,JLTS_clone_comlink,CfgWeapons,,CWP-8 247,MrClock,Inherited locally from JLTS_clone_comlink
TAEJLTSCompat\config.cpp,2364,JLTS_clone_comlink_248,JLTS_clone_comlink,CfgWeapons,,CWP-8 248,MrClock,Inherited locally from JLTS_clone_comlink
TAEJLTSCompat\config.cpp,2373,JLTS_clone_comlink_249,JLTS_clone_comlink,CfgWeapons,,CWP-8 249,MrClock,Inherited locally from JLTS_clone_comlink
TAEJLTSCompat\config.cpp,2382,JLTS_clone_comlink_250,JLTS_clone_comlink,CfgWeapons,,CWP-8 250,MrClock,Inherited locally from JLTS_clone_comlink
TAEJLTSCompat\config.cpp,2391,JLTS_clone_comlink_251,JLTS_clone_comlink,CfgWeapons,,CWP-8 251,MrClock,Inherited locally from JLTS_clone_comlink
TAEJLTSCompat\config.cpp,2400,JLTS_clone_comlink_252,JLTS_clone_comlink,CfgWeapons,,CWP-8 252,MrClock,Inherited locally from JLTS_clone_comlink
TAEJLTSCompat\config.cpp,2409,JLTS_clone_comlink_253,JLTS_clone_comlink,CfgWeapons,,CWP-8 253,MrClock,Inherited locally from JLTS_clone_comlink
TAEJLTSCompat\config.cpp,2418,JLTS_clone_comlink_254,JLTS_clone_comlink,CfgWeapons,,CWP-8 254,MrClock,Inherited locally from JLTS_clone_comlink
TAEJLTSCompat\config.cpp,2427,JLTS_clone_comlink_255,JLTS_clone_comlink,CfgWeapons,,CWP-8 255,MrClock,Inherited locally from JLTS_clone_comlink
TAEJLTSCompat\config.cpp,2436,JLTS_clone_comlink_256,JLTS_clone_comlink,CfgWeapons,,CWP-8 256,MrClock,Inherited locally from JLTS_clone_comlink
TAEJLTSCompat\config.cpp,2445,JLTS_clone_comlink_257,JLTS_clone_comlink,CfgWeapons,,CWP-8 257,MrClock,Inherited locally from JLTS_clone_comlink
TAEJLTSCompat\config.cpp,2454,JLTS_clone_comlink_258,JLTS_clone_comlink,CfgWeapons,,CWP-8 258,MrClock,Inherited locally from JLTS_clone_comlink
TAEJLTSCompat\config.cpp,2463,JLTS_clone_comlink_259,JLTS_clone_comlink,CfgWeapons,,CWP-8 259,MrClock,Inherited locally from JLTS_clone_comlink
TAEJLTSCompat\config.cpp,2472,JLTS_clone_comlink_260,JLTS_clone_comlink,CfgWeapons,,CWP-8 260,MrClock,Inherited locally from JLTS_clone_comlink
TAEJLTSCompat\config.cpp,2481,JLTS_clone_comlink_261,JLTS_clone_comlink,CfgWeapons,,CWP-8 261,MrClock,Inherited locally from JLTS_clone_comlink
TAEJLTSCompat\config.cpp,2490,JLTS_clone_comlink_262,JLTS_clone_comlink,CfgWeapons,,CWP-8 262,MrClock,Inherited locally from JLTS_clone_comlink
TAEJLTSCompat\config.cpp,2499,JLTS_clone_comlink_263,JLTS_clone_comlink,CfgWeapons,,CWP-8 263,MrClock,Inherited locally from JLTS_clone_comlink
TAEJLTSCompat\config.cpp,2508,JLTS_clone_comlink_264,JLTS_clone_comlink,CfgWeapons,,CWP-8 264,MrClock,Inherited locally from JLTS_clone_comlink
TAEJLTSCompat\config.cpp,2517,JLTS_clone_comlink_265,JLTS_clone_comlink,CfgWeapons,,CWP-8 265,MrClock,Inherited locally from JLTS_clone_comlink
TAEJLTSCompat\config.cpp,2526,JLTS_clone_comlink_266,JLTS_clone_comlink,CfgWeapons,,CWP-8 266,MrClock,Inherited locally from JLTS_clone_comlink
TAEJLTSCompat\config.cpp,2535,JLTS_clone_comlink_267,JLTS_clone_comlink,CfgWeapons,,CWP-8 267,MrClock,Inherited locally from JLTS_clone_comlink
TAEJLTSCompat\config.cpp,2544,JLTS_clone_comlink_268,JLTS_clone_comlink,CfgWeapons,,CWP-8 268,MrClock,Inherited locally from JLTS_clone_comlink
TAEJLTSCompat\config.cpp,2553,JLTS_clone_comlink_269,JLTS_clone_comlink,CfgWeapons,,CWP-8 269,MrClock,Inherited locally from JLTS_clone_comlink
TAEJLTSCompat\config.cpp,2562,JLTS_clone_comlink_270,JLTS_clone_comlink,CfgWeapons,,CWP-8 270,MrClock,Inherited locally from JLTS_clone_comlink
TAEJLTSCompat\config.cpp,2571,JLTS_clone_comlink_271,JLTS_clone_comlink,CfgWeapons,,CWP-8 271,MrClock,Inherited locally from JLTS_clone_comlink
TAEJLTSCompat\config.cpp,2580,JLTS_clone_comlink_272,JLTS_clone_comlink,CfgWeapons,,CWP-8 272,MrClock,Inherited locally from JLTS_clone_comlink
TAEJLTSCompat\config.cpp,2589,JLTS_clone_comlink_273,JLTS_clone_comlink,CfgWeapons,,CWP-8 273,MrClock,Inherited locally from JLTS_clone_comlink
TAEJLTSCompat\config.cpp,2598,JLTS_clone_comlink_274,JLTS_clone_comlink,CfgWeapons,,CWP-8 274,MrClock,Inherited locally from JLTS_clone_comlink
TAEJLTSCompat\config.cpp,2607,JLTS_clone_comlink_275,JLTS_clone_comlink,CfgWeapons,,CWP-8 275,MrClock,Inherited locally from JLTS_clone_comlink
TAEJLTSCompat\config.cpp,2616,JLTS_clone_comlink_276,JLTS_clone_comlink,CfgWeapons,,CWP-8 276,MrClock,Inherited locally from JLTS_clone_comlink
TAEJLTSCompat\config.cpp,2625,JLTS_clone_comlink_277,JLTS_clone_comlink,CfgWeapons,,CWP-8 277,MrClock,Inherited locally from JLTS_clone_comlink
TAEJLTSCompat\config.cpp,2634,JLTS_clone_comlink_278,JLTS_clone_comlink,CfgWeapons,,CWP-8 278,MrClock,Inherited locally from JLTS_clone_comlink
TAEJLTSCompat\config.cpp,2643,JLTS_clone_comlink_279,JLTS_clone_comlink,CfgWeapons,,CWP-8 279,MrClock,Inherited locally from JLTS_clone_comlink
TAEJLTSCompat\config.cpp,2652,JLTS_clone_comlink_280,JLTS_clone_comlink,CfgWeapons,,CWP-8 280,MrClock,Inherited locally from JLTS_clone_comlink
TAEJLTSCompat\config.cpp,2661,JLTS_clone_comlink_281,JLTS_clone_comlink,CfgWeapons,,CWP-8 281,MrClock,Inherited locally from JLTS_clone_comlink
TAEJLTSCompat\config.cpp,2670,JLTS_clone_comlink_282,JLTS_clone_comlink,CfgWeapons,,CWP-8 282,MrClock,Inherited locally from JLTS_clone_comlink
TAEJLTSCompat\config.cpp,2679,JLTS_clone_comlink_283,JLTS_clone_comlink,CfgWeapons,,CWP-8 283,MrClock,Inherited locally from JLTS_clone_comlink
TAEJLTSCompat\config.cpp,2688,JLTS_clone_comlink_284,JLTS_clone_comlink,CfgWeapons,,CWP-8 284,MrClock,Inherited locally from JLTS_clone_comlink
TAEJLTSCompat\config.cpp,2697,JLTS_clone_comlink_285,JLTS_clone_comlink,CfgWeapons,,CWP-8 285,MrClock,Inherited locally from JLTS_clone_comlink
TAEJLTSCompat\config.cpp,2706,JLTS_clone_comlink_286,JLTS_clone_comlink,CfgWeapons,,CWP-8 286,MrClock,Inherited locally from JLTS_clone_comlink
TAEJLTSCompat\config.cpp,2715,JLTS_clone_comlink_287,JLTS_clone_comlink,CfgWeapons,,CWP-8 287,MrClock,Inherited locally from JLTS_clone_comlink
TAEJLTSCompat\config.cpp,2724,JLTS_clone_comlink_288,JLTS_clone_comlink,CfgWeapons,,CWP-8 288,MrClock,Inherited locally from JLTS_clone_comlink
TAEJLTSCompat\config.cpp,2733,JLTS_clone_comlink_289,JLTS_clone_comlink,CfgWeapons,,CWP-8 289,MrClock,Inherited locally from JLTS_clone_comlink
TAEJLTSCompat\config.cpp,2742,JLTS_clone_comlink_290,JLTS_clone_comlink,CfgWeapons,,CWP-8 290,MrClock,Inherited locally from JLTS_clone_comlink
TAEJLTSCompat\config.cpp,2751,JLTS_clone_comlink_291,JLTS_clone_comlink,CfgWeapons,,CWP-8 291,MrClock,Inherited locally from JLTS_clone_comlink
TAEJLTSCompat\config.cpp,2760,JLTS_clone_comlink_292,JLTS_clone_comlink,CfgWeapons,,CWP-8 292,MrClock,Inherited locally from JLTS_clone_comlink
TAEJLTSCompat\config.cpp,2769,JLTS_clone_comlink_293,JLTS_clone_comlink,CfgWeapons,,CWP-8 293,MrClock,Inherited locally from JLTS_clone_comlink
TAEJLTSCompat\config.cpp,2778,JLTS_clone_comlink_294,JLTS_clone_comlink,CfgWeapons,,CWP-8 294,MrClock,Inherited locally from JLTS_clone_comlink
TAEJLTSCompat\config.cpp,2787,JLTS_clone_comlink_295,JLTS_clone_comlink,CfgWeapons,,CWP-8 295,MrClock,Inherited locally from JLTS_clone_comlink
TAEJLTSCompat\config.cpp,2796,JLTS_clone_comlink_296,JLTS_clone_comlink,CfgWeapons,,CWP-8 296,MrClock,Inherited locally from JLTS_clone_comlink
TAEJLTSCompat\config.cpp,2805,JLTS_clone_comlink_297,JLTS_clone_comlink,CfgWeapons,,CWP-8 297,MrClock,Inherited locally from JLTS_clone_comlink
TAEJLTSCompat\config.cpp,2814,JLTS_clone_comlink_298,JLTS_clone_comlink,CfgWeapons,,CWP-8 298,MrClock,Inherited locally from JLTS_clone_comlink
TAEJLTSCompat\config.cpp,2823,JLTS_clone_comlink_299,JLTS_clone_comlink,CfgWeapons,,CWP-8 299,MrClock,Inherited locally from JLTS_clone_comlink
TAEJLTSCompat\config.cpp,2832,JLTS_clone_comlink_300,JLTS_clone_comlink,CfgWeapons,,CWP-8 300,MrClock,Inherited locally from JLTS_clone_comlink
TAEJLTSCompat\config.cpp,2841,JLTS_clone_comlink_301,JLTS_clone_comlink,CfgWeapons,,CWP-8 301,MrClock,Inherited locally from JLTS_clone_comlink
TAEJLTSCompat\config.cpp,2850,JLTS_clone_comlink_302,JLTS_clone_comlink,CfgWeapons,,CWP-8 302,MrClock,Inherited locally from JLTS_clone_comlink
TAEJLTSCompat\config.cpp,2859,JLTS_clone_comlink_303,JLTS_clone_comlink,CfgWeapons,,CWP-8 303,MrClock,Inherited locally from JLTS_clone_comlink
TAEJLTSCompat\config.cpp,2868,JLTS_clone_comlink_304,JLTS_clone_comlink,CfgWeapons,,CWP-8 304,MrClock,Inherited locally from JLTS_clone_comlink
TAEJLTSCompat\config.cpp,2877,JLTS_clone_comlink_305,JLTS_clone_comlink,CfgWeapons,,CWP-8 305,MrClock,Inherited locally from JLTS_clone_comlink
TAEJLTSCompat\config.cpp,2886,JLTS_clone_comlink_306,JLTS_clone_comlink,CfgWeapons,,CWP-8 306,MrClock,Inherited locally from JLTS_clone_comlink
TAEJLTSCompat\config.cpp,2895,JLTS_clone_comlink_307,JLTS_clone_comlink,CfgWeapons,,CWP-8 307,MrClock,Inherited locally from JLTS_clone_comlink
TAEJLTSCompat\config.cpp,2904,JLTS_clone_comlink_308,JLTS_clone_comlink,CfgWeapons,,CWP-8 308,MrClock,Inherited locally from JLTS_clone_comlink
TAEJLTSCompat\config.cpp,2913,JLTS_clone_comlink_309,JLTS_clone_comlink,CfgWeapons,,CWP-8 309,MrClock,Inherited locally from JLTS_clone_comlink
TAEJLTSCompat\config.cpp,2922,JLTS_clone_comlink_310,JLTS_clone_comlink,CfgWeapons,,CWP-8 310,MrClock,Inherited locally from JLTS_clone_comlink
TAEJLTSCompat\config.cpp,2931,JLTS_clone_comlink_311,JLTS_clone_comlink,CfgWeapons,,CWP-8 311,MrClock,Inherited locally from JLTS_clone_comlink
TAEJLTSCompat\config.cpp,2940,JLTS_clone_comlink_312,JLTS_clone_comlink,CfgWeapons,,CWP-8 312,MrClock,Inherited locally from JLTS_clone_comlink
TAEJLTSCompat\config.cpp,2949,JLTS_clone_comlink_313,JLTS_clone_comlink,CfgWeapons,,CWP-8 313,MrClock,Inherited locally from JLTS_clone_comlink
TAEJLTSCompat\config.cpp,2958,JLTS_clone_comlink_314,JLTS_clone_comlink,CfgWeapons,,CWP-8 314,MrClock,Inherited locally from JLTS_clone_comlink
TAEJLTSCompat\config.cpp,2967,JLTS_clone_comlink_315,JLTS_clone_comlink,CfgWeapons,,CWP-8 315,MrClock,Inherited locally from JLTS_clone_comlink
TAEJLTSCompat\config.cpp,2976,JLTS_clone_comlink_316,JLTS_clone_comlink,CfgWeapons,,CWP-8 316,MrClock,Inherited locally from JLTS_clone_comlink
TAEJLTSCompat\config.cpp,2985,JLTS_clone_comlink_317,JLTS_clone_comlink,CfgWeapons,,CWP-8 317,MrClock,Inherited locally from JLTS_clone_comlink
TAEJLTSCompat\config.cpp,2994,JLTS_clone_comlink_318,JLTS_clone_comlink,CfgWeapons,,CWP-8 318,MrClock,Inherited locally from JLTS_clone_comlink
TAEJLTSCompat\config.cpp,3003,JLTS_clone_comlink_319,JLTS_clone_comlink,CfgWeapons,,CWP-8 319,MrClock,Inherited locally from JLTS_clone_comlink
TAEJLTSCompat\config.cpp,3012,JLTS_clone_comlink_320,JLTS_clone_comlink,CfgWeapons,,CWP-8 320,MrClock,Inherited locally from JLTS_clone_comlink
TAEJLTSCompat\config.cpp,3021,JLTS_clone_comlink_321,JLTS_clone_comlink,CfgWeapons,,CWP-8 321,MrClock,Inherited locally from JLTS_clone_comlink
TAEJLTSCompat\config.cpp,3030,JLTS_clone_comlink_322,JLTS_clone_comlink,CfgWeapons,,CWP-8 322,MrClock,Inherited locally from JLTS_clone_comlink
TAEJLTSCompat\config.cpp,3039,JLTS_clone_comlink_323,JLTS_clone_comlink,CfgWeapons,,CWP-8 323,MrClock,Inherited locally from JLTS_clone_comlink
TAEJLTSCompat\config.cpp,3048,JLTS_clone_comlink_324,JLTS_clone_comlink,CfgWeapons,,CWP-8 324,MrClock,Inherited locally from JLTS_clone_comlink
TAEJLTSCompat\config.cpp,3057,JLTS_clone_comlink_325,JLTS_clone_comlink,CfgWeapons,,CWP-8 325,MrClock,Inherited locally from JLTS_clone_comlink
TAEJLTSCompat\config.cpp,3066,JLTS_clone_comlink_326,JLTS_clone_comlink,CfgWeapons,,CWP-8 326,MrClock,Inherited locally from JLTS_clone_comlink
TAEJLTSCompat\config.cpp,3075,JLTS_clone_comlink_327,JLTS_clone_comlink,CfgWeapons,,CWP-8 327,MrClock,Inherited locally from JLTS_clone_comlink
TAEJLTSCompat\config.cpp,3084,JLTS_clone_comlink_328,JLTS_clone_comlink,CfgWeapons,,CWP-8 328,MrClock,Inherited locally from JLTS_clone_comlink
TAEJLTSCompat\config.cpp,3093,JLTS_clone_comlink_329,JLTS_clone_comlink,CfgWeapons,,CWP-8 329,MrClock,Inherited locally from JLTS_clone_comlink
TAEJLTSCompat\config.cpp,3102,JLTS_clone_comlink_330,JLTS_clone_comlink,CfgWeapons,,CWP-8 330,MrClock,Inherited locally from JLTS_clone_comlink
TAEJLTSCompat\config.cpp,3111,JLTS_clone_comlink_331,JLTS_clone_comlink,CfgWeapons,,CWP-8 331,MrClock,Inherited locally from JLTS_clone_comlink
TAEJLTSCompat\config.cpp,3120,JLTS_clone_comlink_332,JLTS_clone_comlink,CfgWeapons,,CWP-8 332,MrClock,Inherited locally from JLTS_clone_comlink
TAEJLTSCompat\config.cpp,3129,JLTS_clone_comlink_333,JLTS_clone_comlink,CfgWeapons,,CWP-8 333,MrClock,Inherited locally from JLTS_clone_comlink
TAEJLTSCompat\config.cpp,3138,JLTS_clone_comlink_334,JLTS_clone_comlink,CfgWeapons,,CWP-8 334,MrClock,Inherited locally from JLTS_clone_comlink
TAEJLTSCompat\config.cpp,3147,JLTS_clone_comlink_335,JLTS_clone_comlink,CfgWeapons,,CWP-8 335,MrClock,Inherited locally from JLTS_clone_comlink
TAEJLTSCompat\config.cpp,3156,JLTS_clone_comlink_336,JLTS_clone_comlink,CfgWeapons,,CWP-8 336,MrClock,Inherited locally from JLTS_clone_comlink
TAEJLTSCompat\config.cpp,3165,JLTS_clone_comlink_337,JLTS_clone_comlink,CfgWeapons,,CWP-8 337,MrClock,Inherited locally from JLTS_clone_comlink
TAEJLTSCompat\config.cpp,3174,JLTS_clone_comlink_338,JLTS_clone_comlink,CfgWeapons,,CWP-8 338,MrClock,Inherited locally from JLTS_clone_comlink
TAEJLTSCompat\config.cpp,3183,JLTS_clone_comlink_339,JLTS_clone_comlink,CfgWeapons,,CWP-8 339,MrClock,Inherited locally from JLTS_clone_comlink
TAEJLTSCompat\config.cpp,3192,JLTS_clone_comlink_340,JLTS_clone_comlink,CfgWeapons,,CWP-8 340,MrClock,Inherited locally from JLTS_clone_comlink
TAEJLTSCompat\config.cpp,3201,JLTS_clone_comlink_341,JLTS_clone_comlink,CfgWeapons,,CWP-8 341,MrClock,Inherited locally from JLTS_clone_comlink
TAEJLTSCompat\config.cpp,3210,JLTS_clone_comlink_342,JLTS_clone_comlink,CfgWeapons,,CWP-8 342,MrClock,Inherited locally from JLTS_clone_comlink
TAEJLTSCompat\config.cpp,3219,JLTS_clone_comlink_343,JLTS_clone_comlink,CfgWeapons,,CWP-8 343,MrClock,Inherited locally from JLTS_clone_comlink
TAEJLTSCompat\config.cpp,3228,JLTS_clone_comlink_344,JLTS_clone_comlink,CfgWeapons,,CWP-8 344,MrClock,Inherited locally from JLTS_clone_comlink
TAEJLTSCompat\config.cpp,3237,JLTS_clone_comlink_345,JLTS_clone_comlink,CfgWeapons,,CWP-8 345,MrClock,Inherited locally from JLTS_clone_comlink
TAEJLTSCompat\config.cpp,3246,JLTS_clone_comlink_346,JLTS_clone_comlink,CfgWeapons,,CWP-8 346,MrClock,Inherited locally from JLTS_clone_comlink
TAEJLTSCompat\config.cpp,3255,JLTS_clone_comlink_347,JLTS_clone_comlink,CfgWeapons,,CWP-8 347,MrClock,Inherited locally from JLTS_clone_comlink
TAEJLTSCompat\config.cpp,3264,JLTS_clone_comlink_348,JLTS_clone_comlink,CfgWeapons,,CWP-8 348,MrClock,Inherited locally from JLTS_clone_comlink
TAEJLTSCompat\config.cpp,3273,JLTS_clone_comlink_349,JLTS_clone_comlink,CfgWeapons,,CWP-8 349,MrClock,Inherited locally from JLTS_clone_comlink
TAEJLTSCompat\config.cpp,3282,JLTS_clone_comlink_350,JLTS_clone_comlink,CfgWeapons,,CWP-8 350,MrClock,Inherited locally from JLTS_clone_comlink
TAEJLTSCompat\config.cpp,3291,JLTS_clone_comlink_351,JLTS_clone_comlink,CfgWeapons,,CWP-8 351,MrClock,Inherited locally from JLTS_clone_comlink
TAEJLTSCompat\config.cpp,3300,JLTS_clone_comlink_352,JLTS_clone_comlink,CfgWeapons,,CWP-8 352,MrClock,Inherited locally from JLTS_clone_comlink
TAEJLTSCompat\config.cpp,3309,JLTS_clone_comlink_353,JLTS_clone_comlink,CfgWeapons,,CWP-8 353,MrClock,Inherited locally from JLTS_clone_comlink
TAEJLTSCompat\config.cpp,3318,JLTS_clone_comlink_354,JLTS_clone_comlink,CfgWeapons,,CWP-8 354,MrClock,Inherited locally from JLTS_clone_comlink
TAEJLTSCompat\config.cpp,3327,JLTS_clone_comlink_355,JLTS_clone_comlink,CfgWeapons,,CWP-8 355,MrClock,Inherited locally from JLTS_clone_comlink
TAEJLTSCompat\config.cpp,3336,JLTS_clone_comlink_356,JLTS_clone_comlink,CfgWeapons,,CWP-8 356,MrClock,Inherited locally from JLTS_clone_comlink
TAEJLTSCompat\config.cpp,3345,JLTS_clone_comlink_357,JLTS_clone_comlink,CfgWeapons,,CWP-8 357,MrClock,Inherited locally from JLTS_clone_comlink
TAEJLTSCompat\config.cpp,3354,JLTS_clone_comlink_358,JLTS_clone_comlink,CfgWeapons,,CWP-8 358,MrClock,Inherited locally from JLTS_clone_comlink
TAEJLTSCompat\config.cpp,3363,JLTS_clone_comlink_359,JLTS_clone_comlink,CfgWeapons,,CWP-8 359,MrClock,Inherited locally from JLTS_clone_comlink
TAEJLTSCompat\config.cpp,3372,JLTS_clone_comlink_360,JLTS_clone_comlink,CfgWeapons,,CWP-8 360,MrClock,Inherited locally from JLTS_clone_comlink
TAEJLTSCompat\config.cpp,3381,JLTS_clone_comlink_361,JLTS_clone_comlink,CfgWeapons,,CWP-8 361,MrClock,Inherited locally from JLTS_clone_comlink
TAEJLTSCompat\config.cpp,3390,JLTS_clone_comlink_362,JLTS_clone_comlink,CfgWeapons,,CWP-8 362,MrClock,Inherited locally from JLTS_clone_comlink
TAEJLTSCompat\config.cpp,3399,JLTS_clone_comlink_363,JLTS_clone_comlink,CfgWeapons,,CWP-8 363,MrClock,Inherited locally from JLTS_clone_comlink
TAEJLTSCompat\config.cpp,3408,JLTS_clone_comlink_364,JLTS_clone_comlink,CfgWeapons,,CWP-8 364,MrClock,Inherited locally from JLTS_clone_comlink
TAEJLTSCompat\config.cpp,3417,JLTS_clone_comlink_365,JLTS_clone_comlink,CfgWeapons,,CWP-8 365,MrClock,Inherited locally from JLTS_clone_comlink
TAEJLTSCompat\config.cpp,3426,JLTS_clone_comlink_366,JLTS_clone_comlink,CfgWeapons,,CWP-8 366,MrClock,Inherited locally from JLTS_clone_comlink
TAEJLTSCompat\config.cpp,3435,JLTS_clone_comlink_367,JLTS_clone_comlink,CfgWeapons,,CWP-8 367,MrClock,Inherited locally from JLTS_clone_comlink
TAEJLTSCompat\config.cpp,3444,JLTS_clone_comlink_368,JLTS_clone_comlink,CfgWeapons,,CWP-8 368,MrClock,Inherited locally from JLTS_clone_comlink
TAEJLTSCompat\config.cpp,3453,JLTS_clone_comlink_369,JLTS_clone_comlink,CfgWeapons,,CWP-8 369,MrClock,Inherited locally from JLTS_clone_comlink
TAEJLTSCompat\config.cpp,3462,JLTS_clone_comlink_370,JLTS_clone_comlink,CfgWeapons,,CWP-8 370,MrClock,Inherited locally from JLTS_clone_comlink
TAEJLTSCompat\config.cpp,3471,JLTS_clone_comlink_371,JLTS_clone_comlink,CfgWeapons,,CWP-8 371,MrClock,Inherited locally from JLTS_clone_comlink
TAEJLTSCompat\config.cpp,3480,JLTS_clone_comlink_372,JLTS_clone_comlink,CfgWeapons,,CWP-8 372,MrClock,Inherited locally from JLTS_clone_comlink
TAEJLTSCompat\config.cpp,3489,JLTS_clone_comlink_373,JLTS_clone_comlink,CfgWeapons,,CWP-8 373,MrClock,Inherited locally from JLTS_clone_comlink
TAEJLTSCompat\config.cpp,3498,JLTS_clone_comlink_374,JLTS_clone_comlink,CfgWeapons,,CWP-8 374,MrClock,Inherited locally from JLTS_clone_comlink
TAEJLTSCompat\config.cpp,3507,JLTS_clone_comlink_375,JLTS_clone_comlink,CfgWeapons,,CWP-8 375,MrClock,Inherited locally from JLTS_clone_comlink
TAEJLTSCompat\config.cpp,3516,JLTS_clone_comlink_376,JLTS_clone_comlink,CfgWeapons,,CWP-8 376,MrClock,Inherited locally from JLTS_clone_comlink
TAEJLTSCompat\config.cpp,3525,JLTS_clone_comlink_377,JLTS_clone_comlink,CfgWeapons,,CWP-8 377,MrClock,Inherited locally from JLTS_clone_comlink
TAEJLTSCompat\config.cpp,3534,JLTS_clone_comlink_378,JLTS_clone_comlink,CfgWeapons,,CWP-8 378,MrClock,Inherited locally from JLTS_clone_comlink
TAEJLTSCompat\config.cpp,3543,JLTS_clone_comlink_379,JLTS_clone_comlink,CfgWeapons,,CWP-8 379,MrClock,Inherited locally from JLTS_clone_comlink
TAEJLTSCompat\config.cpp,3552,JLTS_clone_comlink_380,JLTS_clone_comlink,CfgWeapons,,CWP-8 380,MrClock,Inherited locally from JLTS_clone_comlink
TAEJLTSCompat\config.cpp,3561,JLTS_clone_comlink_381,JLTS_clone_comlink,CfgWeapons,,CWP-8 381,MrClock,Inherited locally from JLTS_clone_comlink
TAEJLTSCompat\config.cpp,3570,JLTS_clone_comlink_382,JLTS_clone_comlink,CfgWeapons,,CWP-8 382,MrClock,Inherited locally from JLTS_clone_comlink
TAEJLTSCompat\config.cpp,3579,JLTS_clone_comlink_383,JLTS_clone_comlink,CfgWeapons,,CWP-8 383,MrClock,Inherited locally from JLTS_clone_comlink
TAEJLTSCompat\config.cpp,3588,JLTS_clone_comlink_384,JLTS_clone_comlink,CfgWeapons,,CWP-8 384,MrClock,Inherited locally from JLTS_clone_comlink
TAEJLTSCompat\config.cpp,3597,JLTS_clone_comlink_385,JLTS_clone_comlink,CfgWeapons,,CWP-8 385,MrClock,Inherited locally from JLTS_clone_comlink
TAEJLTSCompat\config.cpp,3606,JLTS_clone_comlink_386,JLTS_clone_comlink,CfgWeapons,,CWP-8 386,MrClock,Inherited locally from JLTS_clone_comlink
TAEJLTSCompat\config.cpp,3615,JLTS_clone_comlink_387,JLTS_clone_comlink,CfgWeapons,,CWP-8 387,MrClock,Inherited locally from JLTS_clone_comlink
TAEJLTSCompat\config.cpp,3624,JLTS_clone_comlink_388,JLTS_clone_comlink,CfgWeapons,,CWP-8 388,MrClock,Inherited locally from JLTS_clone_comlink
TAEJLTSCompat\config.cpp,3633,JLTS_clone_comlink_389,JLTS_clone_comlink,CfgWeapons,,CWP-8 389,MrClock,Inherited locally from JLTS_clone_comlink
TAEJLTSCompat\config.cpp,3642,JLTS_clone_comlink_390,JLTS_clone_comlink,CfgWeapons,,CWP-8 390,MrClock,Inherited locally from JLTS_clone_comlink
TAEJLTSCompat\config.cpp,3651,JLTS_clone_comlink_391,JLTS_clone_comlink,CfgWeapons,,CWP-8 391,MrClock,Inherited locally from JLTS_clone_comlink
TAEJLTSCompat\config.cpp,3660,JLTS_clone_comlink_392,JLTS_clone_comlink,CfgWeapons,,CWP-8 392,MrClock,Inherited locally from JLTS_clone_comlink
TAEJLTSCompat\config.cpp,3669,JLTS_clone_comlink_393,JLTS_clone_comlink,CfgWeapons,,CWP-8 393,MrClock,Inherited locally from JLTS_clone_comlink
TAEJLTSCompat\config.cpp,3678,JLTS_clone_comlink_394,JLTS_clone_comlink,CfgWeapons,,CWP-8 394,MrClock,Inherited locally from JLTS_clone_comlink
TAEJLTSCompat\config.cpp,3687,JLTS_clone_comlink_395,JLTS_clone_comlink,CfgWeapons,,CWP-8 395,MrClock,Inherited locally from JLTS_clone_comlink
TAEJLTSCompat\config.cpp,3696,JLTS_clone_comlink_396,JLTS_clone_comlink,CfgWeapons,,CWP-8 396,MrClock,Inherited locally from JLTS_clone_comlink
TAEJLTSCompat\config.cpp,3705,JLTS_clone_comlink_397,JLTS_clone_comlink,CfgWeapons,,CWP-8 397,MrClock,Inherited locally from JLTS_clone_comlink
TAEJLTSCompat\config.cpp,3714,JLTS_clone_comlink_398,JLTS_clone_comlink,CfgWeapons,,CWP-8 398,MrClock,Inherited locally from JLTS_clone_comlink
TAEJLTSCompat\config.cpp,3723,JLTS_clone_comlink_399,JLTS_clone_comlink,CfgWeapons,,CWP-8 399,MrClock,Inherited locally from JLTS_clone_comlink
TAEJLTSCompat\config.cpp,3732,JLTS_clone_comlink_400,JLTS_clone_comlink,CfgWeapons,,CWP-8 400,MrClock,Inherited locally from JLTS_clone_comlink
TAEJLTSCompat\config.cpp,3741,JLTS_clone_comlink_401,JLTS_clone_comlink,CfgWeapons,,CWP-8 401,MrClock,Inherited locally from JLTS_clone_comlink
TAEJLTSCompat\config.cpp,3750,JLTS_clone_comlink_402,JLTS_clone_comlink,CfgWeapons,,CWP-8 402,MrClock,Inherited locally from JLTS_clone_comlink
TAEJLTSCompat\config.cpp,3759,JLTS_clone_comlink_403,JLTS_clone_comlink,CfgWeapons,,CWP-8 403,MrClock,Inherited locally from JLTS_clone_comlink
TAEJLTSCompat\config.cpp,3768,JLTS_clone_comlink_404,JLTS_clone_comlink,CfgWeapons,,CWP-8 404,MrClock,Inherited locally from JLTS_clone_comlink
TAEJLTSCompat\config.cpp,3777,JLTS_clone_comlink_405,JLTS_clone_comlink,CfgWeapons,,CWP-8 405,MrClock,Inherited locally from JLTS_clone_comlink
TAEJLTSCompat\config.cpp,3786,JLTS_clone_comlink_406,JLTS_clone_comlink,CfgWeapons,,CWP-8 406,MrClock,Inherited locally from JLTS_clone_comlink
TAEJLTSCompat\config.cpp,3795,JLTS_clone_comlink_407,JLTS_clone_comlink,CfgWeapons,,CWP-8 407,MrClock,Inherited locally from JLTS_clone_comlink
TAEJLTSCompat\config.cpp,3804,JLTS_clone_comlink_408,JLTS_clone_comlink,CfgWeapons,,CWP-8 408,MrClock,Inherited locally from JLTS_clone_comlink
TAEJLTSCompat\config.cpp,3813,JLTS_clone_comlink_409,JLTS_clone_comlink,CfgWeapons,,CWP-8 409,MrClock,Inherited locally from JLTS_clone_comlink
TAEJLTSCompat\config.cpp,3822,JLTS_clone_comlink_410,JLTS_clone_comlink,CfgWeapons,,CWP-8 410,MrClock,Inherited locally from JLTS_clone_comlink
TAEJLTSCompat\config.cpp,3831,JLTS_clone_comlink_411,JLTS_clone_comlink,CfgWeapons,,CWP-8 411,MrClock,Inherited locally from JLTS_clone_comlink
TAEJLTSCompat\config.cpp,3840,JLTS_clone_comlink_412,JLTS_clone_comlink,CfgWeapons,,CWP-8 412,MrClock,Inherited locally from JLTS_clone_comlink
TAEJLTSCompat\config.cpp,3849,JLTS_clone_comlink_413,JLTS_clone_comlink,CfgWeapons,,CWP-8 413,MrClock,Inherited locally from JLTS_clone_comlink
TAEJLTSCompat\config.cpp,3858,JLTS_clone_comlink_414,JLTS_clone_comlink,CfgWeapons,,CWP-8 414,MrClock,Inherited locally from JLTS_clone_comlink
TAEJLTSCompat\config.cpp,3867,JLTS_clone_comlink_415,JLTS_clone_comlink,CfgWeapons,,CWP-8 415,MrClock,Inherited locally from JLTS_clone_comlink
TAEJLTSCompat\config.cpp,3876,JLTS_clone_comlink_416,JLTS_clone_comlink,CfgWeapons,,CWP-8 416,MrClock,Inherited locally from JLTS_clone_comlink
TAEJLTSCompat\config.cpp,3885,JLTS_clone_comlink_417,JLTS_clone_comlink,CfgWeapons,,CWP-8 417,MrClock,Inherited locally from JLTS_clone_comlink
TAEJLTSCompat\config.cpp,3894,JLTS_clone_comlink_418,JLTS_clone_comlink,CfgWeapons,,CWP-8 418,MrClock,Inherited locally from JLTS_clone_comlink
TAEJLTSCompat\config.cpp,3903,JLTS_clone_comlink_419,JLTS_clone_comlink,CfgWeapons,,CWP-8 419,MrClock,Inherited locally from JLTS_clone_comlink
TAEJLTSCompat\config.cpp,3912,JLTS_clone_comlink_420,JLTS_clone_comlink,CfgWeapons,,CWP-8 420,MrClock,Inherited locally from JLTS_clone_comlink
TAEJLTSCompat\config.cpp,3921,JLTS_clone_comlink_421,JLTS_clone_comlink,CfgWeapons,,CWP-8 421,MrClock,Inherited locally from JLTS_clone_comlink
TAEJLTSCompat\config.cpp,3930,JLTS_clone_comlink_422,JLTS_clone_comlink,CfgWeapons,,CWP-8 422,MrClock,Inherited locally from JLTS_clone_comlink
TAEJLTSCompat\config.cpp,3939,JLTS_clone_comlink_423,JLTS_clone_comlink,CfgWeapons,,CWP-8 423,MrClock,Inherited locally from JLTS_clone_comlink
TAEJLTSCompat\config.cpp,3948,JLTS_clone_comlink_424,JLTS_clone_comlink,CfgWeapons,,CWP-8 424,MrClock,Inherited locally from JLTS_clone_comlink
TAEJLTSCompat\config.cpp,3957,JLTS_clone_comlink_425,JLTS_clone_comlink,CfgWeapons,,CWP-8 425,MrClock,Inherited locally from JLTS_clone_comlink
TAEJLTSCompat\config.cpp,3966,JLTS_clone_comlink_426,JLTS_clone_comlink,CfgWeapons,,CWP-8 426,MrClock,Inherited locally from JLTS_clone_comlink
TAEJLTSCompat\config.cpp,3975,JLTS_clone_comlink_427,JLTS_clone_comlink,CfgWeapons,,CWP-8 427,MrClock,Inherited locally from JLTS_clone_comlink
TAEJLTSCompat\config.cpp,3984,JLTS_clone_comlink_428,JLTS_clone_comlink,CfgWeapons,,CWP-8 428,MrClock,Inherited locally from JLTS_clone_comlink
TAEJLTSCompat\config.cpp,3993,JLTS_clone_comlink_429,JLTS_clone_comlink,CfgWeapons,,CWP-8 429,MrClock,Inherited locally from JLTS_clone_comlink
TAEJLTSCompat\config.cpp,4002,JLTS_clone_comlink_430,JLTS_clone_comlink,CfgWeapons,,CWP-8 430,MrClock,Inherited locally from JLTS_clone_comlink
TAEJLTSCompat\config.cpp,4011,JLTS_clone_comlink_431,JLTS_clone_comlink,CfgWeapons,,CWP-8 431,MrClock,Inherited locally from JLTS_clone_comlink
TAEJLTSCompat\config.cpp,4020,JLTS_clone_comlink_432,JLTS_clone_comlink,CfgWeapons,,CWP-8 432,MrClock,Inherited locally from JLTS_clone_comlink
TAEJLTSCompat\config.cpp,4029,JLTS_clone_comlink_433,JLTS_clone_comlink,CfgWeapons,,CWP-8 433,MrClock,Inherited locally from JLTS_clone_comlink
TAEJLTSCompat\config.cpp,4038,JLTS_clone_comlink_434,JLTS_clone_comlink,CfgWeapons,,CWP-8 434,MrClock,Inherited locally from JLTS_clone_comlink
TAEJLTSCompat\config.cpp,4047,JLTS_clone_comlink_435,JLTS_clone_comlink,CfgWeapons,,CWP-8 435,MrClock,Inherited locally from JLTS_clone_comlink
TAEJLTSCompat\config.cpp,4056,JLTS_clone_comlink_436,JLTS_clone_comlink,CfgWeapons,,CWP-8 436,MrClock,Inherited locally from JLTS_clone_comlink
TAEJLTSCompat\config.cpp,4065,JLTS_clone_comlink_437,JLTS_clone_comlink,CfgWeapons,,CWP-8 437,MrClock,Inherited locally from JLTS_clone_comlink
TAEJLTSCompat\config.cpp,4074,JLTS_clone_comlink_438,JLTS_clone_comlink,CfgWeapons,,CWP-8 438,MrClock,Inherited locally from JLTS_clone_comlink
TAEJLTSCompat\config.cpp,4083,JLTS_clone_comlink_439,JLTS_clone_comlink,CfgWeapons,,CWP-8 439,MrClock,Inherited locally from JLTS_clone_comlink
TAEJLTSCompat\config.cpp,4092,JLTS_clone_comlink_440,JLTS_clone_comlink,CfgWeapons,,CWP-8 440,MrClock,Inherited locally from JLTS_clone_comlink
TAEJLTSCompat\config.cpp,4101,JLTS_clone_comlink_441,JLTS_clone_comlink,CfgWeapons,,CWP-8 441,MrClock,Inherited locally from JLTS_clone_comlink
TAEJLTSCompat\config.cpp,4110,JLTS_clone_comlink_442,JLTS_clone_comlink,CfgWeapons,,CWP-8 442,MrClock,Inherited locally from JLTS_clone_comlink
TAEJLTSCompat\config.cpp,4119,JLTS_clone_comlink_443,JLTS_clone_comlink,CfgWeapons,,CWP-8 443,MrClock,Inherited locally from JLTS_clone_comlink
TAEJLTSCompat\config.cpp,4128,JLTS_clone_comlink_444,JLTS_clone_comlink,CfgWeapons,,CWP-8 444,MrClock,Inherited locally from JLTS_clone_comlink
TAEJLTSCompat\config.cpp,4137,JLTS_clone_comlink_445,JLTS_clone_comlink,CfgWeapons,,CWP-8 445,MrClock,Inherited locally from JLTS_clone_comlink
TAEJLTSCompat\config.cpp,4146,JLTS_clone_comlink_446,JLTS_clone_comlink,CfgWeapons,,CWP-8 446,MrClock,Inherited locally from JLTS_clone_comlink
TAEJLTSCompat\config.cpp,4155,JLTS_clone_comlink_447,JLTS_clone_comlink,CfgWeapons,,CWP-8 447,MrClock,Inherited locally from JLTS_clone_comlink
TAEJLTSCompat\config.cpp,4164,JLTS_clone_comlink_448,JLTS_clone_comlink,CfgWeapons,,CWP-8 448,MrClock,Inherited locally from JLTS_clone_comlink
TAEJLTSCompat\config.cpp,4173,JLTS_clone_comlink_449,JLTS_clone_comlink,CfgWeapons,,CWP-8 449,MrClock,Inherited locally from JLTS_clone_comlink
TAEJLTSCompat\config.cpp,4182,JLTS_clone_comlink_450,JLTS_clone_comlink,CfgWeapons,,CWP-8 450,MrClock,Inherited locally from JLTS_clone_comlink
TAEJLTSCompat\config.cpp,4191,JLTS_clone_comlink_451,JLTS_clone_comlink,CfgWeapons,,CWP-8 451,MrClock,Inherited locally from JLTS_clone_comlink
TAEJLTSCompat\config.cpp,4200,JLTS_clone_comlink_452,JLTS_clone_comlink,CfgWeapons,,CWP-8 452,MrClock,Inherited locally from JLTS_clone_comlink
TAEJLTSCompat\config.cpp,4209,JLTS_clone_comlink_453,JLTS_clone_comlink,CfgWeapons,,CWP-8 453,MrClock,Inherited locally from JLTS_clone_comlink
TAEJLTSCompat\config.cpp,4218,JLTS_clone_comlink_454,JLTS_clone_comlink,CfgWeapons,,CWP-8 454,MrClock,Inherited locally from JLTS_clone_comlink
TAEJLTSCompat\config.cpp,4227,JLTS_clone_comlink_455,JLTS_clone_comlink,CfgWeapons,,CWP-8 455,MrClock,Inherited locally from JLTS_clone_comlink
TAEJLTSCompat\config.cpp,4236,JLTS_clone_comlink_456,JLTS_clone_comlink,CfgWeapons,,CWP-8 456,MrClock,Inherited locally from JLTS_clone_comlink
TAEJLTSCompat\config.cpp,4245,JLTS_clone_comlink_457,JLTS_clone_comlink,CfgWeapons,,CWP-8 457,MrClock,Inherited locally from JLTS_clone_comlink
TAEJLTSCompat\config.cpp,4254,JLTS_clone_comlink_458,JLTS_clone_comlink,CfgWeapons,,CWP-8 458,MrClock,Inherited locally from JLTS_clone_comlink
TAEJLTSCompat\config.cpp,4263,JLTS_clone_comlink_459,JLTS_clone_comlink,CfgWeapons,,CWP-8 459,MrClock,Inherited locally from JLTS_clone_comlink
TAEJLTSCompat\config.cpp,4272,JLTS_clone_comlink_460,JLTS_clone_comlink,CfgWeapons,,CWP-8 460,MrClock,Inherited locally from JLTS_clone_comlink
TAEJLTSCompat\config.cpp,4281,JLTS_clone_comlink_461,JLTS_clone_comlink,CfgWeapons,,CWP-8 461,MrClock,Inherited locally from JLTS_clone_comlink
TAEJLTSCompat\config.cpp,4290,JLTS_clone_comlink_462,JLTS_clone_comlink,CfgWeapons,,CWP-8 462,MrClock,Inherited locally from JLTS_clone_comlink
TAEJLTSCompat\config.cpp,4299,JLTS_clone_comlink_463,JLTS_clone_comlink,CfgWeapons,,CWP-8 463,MrClock,Inherited locally from JLTS_clone_comlink
TAEJLTSCompat\config.cpp,4308,JLTS_clone_comlink_464,JLTS_clone_comlink,CfgWeapons,,CWP-8 464,MrClock,Inherited locally from JLTS_clone_comlink
TAEJLTSCompat\config.cpp,4317,JLTS_clone_comlink_465,JLTS_clone_comlink,CfgWeapons,,CWP-8 465,MrClock,Inherited locally from JLTS_clone_comlink
TAEJLTSCompat\config.cpp,4326,JLTS_clone_comlink_466,JLTS_clone_comlink,CfgWeapons,,CWP-8 466,MrClock,Inherited locally from JLTS_clone_comlink
TAEJLTSCompat\config.cpp,4335,JLTS_clone_comlink_467,JLTS_clone_comlink,CfgWeapons,,CWP-8 467,MrClock,Inherited locally from JLTS_clone_comlink
TAEJLTSCompat\config.cpp,4344,JLTS_clone_comlink_468,JLTS_clone_comlink,CfgWeapons,,CWP-8 468,MrClock,Inherited locally from JLTS_clone_comlink
TAEJLTSCompat\config.cpp,4353,JLTS_clone_comlink_469,JLTS_clone_comlink,CfgWeapons,,CWP-8 469,MrClock,Inherited locally from JLTS_clone_comlink
TAEJLTSCompat\config.cpp,4362,JLTS_clone_comlink_470,JLTS_clone_comlink,CfgWeapons,,CWP-8 470,MrClock,Inherited locally from JLTS_clone_comlink
TAEJLTSCompat\config.cpp,4371,JLTS_clone_comlink_471,JLTS_clone_comlink,CfgWeapons,,CWP-8 471,MrClock,Inherited locally from JLTS_clone_comlink
TAEJLTSCompat\config.cpp,4380,JLTS_clone_comlink_472,JLTS_clone_comlink,CfgWeapons,,CWP-8 472,MrClock,Inherited locally from JLTS_clone_comlink
TAEJLTSCompat\config.cpp,4389,JLTS_clone_comlink_473,JLTS_clone_comlink,CfgWeapons,,CWP-8 473,MrClock,Inherited locally from JLTS_clone_comlink
TAEJLTSCompat\config.cpp,4398,JLTS_clone_comlink_474,JLTS_clone_comlink,CfgWeapons,,CWP-8 474,MrClock,Inherited locally from JLTS_clone_comlink
TAEJLTSCompat\config.cpp,4407,JLTS_clone_comlink_475,JLTS_clone_comlink,CfgWeapons,,CWP-8 475,MrClock,Inherited locally from JLTS_clone_comlink
TAEJLTSCompat\config.cpp,4416,JLTS_clone_comlink_476,JLTS_clone_comlink,CfgWeapons,,CWP-8 476,MrClock,Inherited locally from JLTS_clone_comlink
TAEJLTSCompat\config.cpp,4425,JLTS_clone_comlink_477,JLTS_clone_comlink,CfgWeapons,,CWP-8 477,MrClock,Inherited locally from JLTS_clone_comlink
TAEJLTSCompat\config.cpp,4434,JLTS_clone_comlink_478,JLTS_clone_comlink,CfgWeapons,,CWP-8 478,MrClock,Inherited locally from JLTS_clone_comlink
TAEJLTSCompat\config.cpp,4443,JLTS_clone_comlink_479,JLTS_clone_comlink,CfgWeapons,,CWP-8 479,MrClock,Inherited locally from JLTS_clone_comlink
TAEJLTSCompat\config.cpp,4452,JLTS_clone_comlink_480,JLTS_clone_comlink,CfgWeapons,,CWP-8 480,MrClock,Inherited locally from JLTS_clone_comlink
TAEJLTSCompat\config.cpp,4461,JLTS_clone_comlink_481,JLTS_clone_comlink,CfgWeapons,,CWP-8 481,MrClock,Inherited locally from JLTS_clone_comlink
TAEJLTSCompat\config.cpp,4470,JLTS_clone_comlink_482,JLTS_clone_comlink,CfgWeapons,,CWP-8 482,MrClock,Inherited locally from JLTS_clone_comlink
TAEJLTSCompat\config.cpp,4479,JLTS_clone_comlink_483,JLTS_clone_comlink,CfgWeapons,,CWP-8 483,MrClock,Inherited locally from JLTS_clone_comlink
TAEJLTSCompat\config.cpp,4488,JLTS_clone_comlink_484,JLTS_clone_comlink,CfgWeapons,,CWP-8 484,MrClock,Inherited locally from JLTS_clone_comlink
TAEJLTSCompat\config.cpp,4497,JLTS_clone_comlink_485,JLTS_clone_comlink,CfgWeapons,,CWP-8 485,MrClock,Inherited locally from JLTS_clone_comlink
TAEJLTSCompat\config.cpp,4506,JLTS_clone_comlink_486,JLTS_clone_comlink,CfgWeapons,,CWP-8 486,MrClock,Inherited locally from JLTS_clone_comlink
TAEJLTSCompat\config.cpp,4515,JLTS_clone_comlink_487,JLTS_clone_comlink,CfgWeapons,,CWP-8 487,MrClock,Inherited locally from JLTS_clone_comlink
TAEJLTSCompat\config.cpp,4524,JLTS_clone_comlink_488,JLTS_clone_comlink,CfgWeapons,,CWP-8 488,MrClock,Inherited locally from JLTS_clone_comlink
TAEJLTSCompat\config.cpp,4533,JLTS_clone_comlink_489,JLTS_clone_comlink,CfgWeapons,,CWP-8 489,MrClock,Inherited locally from JLTS_clone_comlink
TAEJLTSCompat\config.cpp,4542,JLTS_clone_comlink_490,JLTS_clone_comlink,CfgWeapons,,CWP-8 490,MrClock,Inherited locally from JLTS_clone_comlink
TAEJLTSCompat\config.cpp,4551,JLTS_clone_comlink_491,JLTS_clone_comlink,CfgWeapons,,CWP-8 491,MrClock,Inherited locally from JLTS_clone_comlink
TAEJLTSCompat\config.cpp,4560,JLTS_clone_comlink_492,JLTS_clone_comlink,CfgWeapons,,CWP-8 492,MrClock,Inherited locally from JLTS_clone_comlink
TAEJLTSCompat\config.cpp,4569,JLTS_clone_comlink_493,JLTS_clone_comlink,CfgWeapons,,CWP-8 493,MrClock,Inherited locally from JLTS_clone_comlink
TAEJLTSCompat\config.cpp,4578,JLTS_clone_comlink_494,JLTS_clone_comlink,CfgWeapons,,CWP-8 494,MrClock,Inherited locally from JLTS_clone_comlink
TAEJLTSCompat\config.cpp,4587,JLTS_clone_comlink_495,JLTS_clone_comlink,CfgWeapons,,CWP-8 495,MrClock,Inherited locally from JLTS_clone_comlink
TAEJLTSCompat\config.cpp,4596,JLTS_clone_comlink_496,JLTS_clone_comlink,CfgWeapons,,CWP-8 496,MrClock,Inherited locally from JLTS_clone_comlink
TAEJLTSCompat\config.cpp,4605,JLTS_clone_comlink_497,JLTS_clone_comlink,CfgWeapons,,CWP-8 497,MrClock,Inherited locally from JLTS_clone_comlink
TAEJLTSCompat\config.cpp,4614,JLTS_clone_comlink_498,JLTS_clone_comlink,CfgWeapons,,CWP-8 498,MrClock,Inherited locally from JLTS_clone_comlink
TAEJLTSCompat\config.cpp,4623,JLTS_clone_comlink_499,JLTS_clone_comlink,CfgWeapons,,CWP-8 499,MrClock,Inherited locally from JLTS_clone_comlink
TAEJLTSCompat\config.cpp,4632,JLTS_clone_comlink_500,JLTS_clone_comlink,CfgWeapons,,CWP-8 500,MrClock,Inherited locally from JLTS_clone_comlink
TAEJLTSCompat\config.cpp,4641,JLTS_clone_comlink_501,JLTS_clone_comlink,CfgWeapons,,CWP-8 501,MrClock,Inherited locally from JLTS_clone_comlink
TAEJLTSCompat\config.cpp,4650,JLTS_clone_comlink_502,JLTS_clone_comlink,CfgWeapons,,CWP-8 502,MrClock,Inherited locally from JLTS_clone_comlink
TAEJLTSCompat\config.cpp,4659,JLTS_clone_comlink_503,JLTS_clone_comlink,CfgWeapons,,CWP-8 503,MrClock,Inherited locally from JLTS_clone_comlink
TAEJLTSCompat\config.cpp,4668,JLTS_clone_comlink_504,JLTS_clone_comlink,CfgWeapons,,CWP-8 504,MrClock,Inherited locally from JLTS_clone_comlink
TAEJLTSCompat\config.cpp,4677,JLTS_clone_comlink_505,JLTS_clone_comlink,CfgWeapons,,CWP-8 505,MrClock,Inherited locally from JLTS_clone_comlink
TAEJLTSCompat\config.cpp,4686,JLTS_clone_comlink_506,JLTS_clone_comlink,CfgWeapons,,CWP-8 506,MrClock,Inherited locally from JLTS_clone_comlink
TAEJLTSCompat\config.cpp,4695,JLTS_clone_comlink_507,JLTS_clone_comlink,CfgWeapons,,CWP-8 507,MrClock,Inherited locally from JLTS_clone_comlink
TAEJLTSCompat\config.cpp,4704,JLTS_clone_comlink_508,JLTS_clone_comlink,CfgWeapons,,CWP-8 508,MrClock,Inherited locally from JLTS_clone_comlink
TAEJLTSCompat\config.cpp,4713,JLTS_clone_comlink_509,JLTS_clone_comlink,CfgWeapons,,CWP-8 509,MrClock,Inherited locally from JLTS_clone_comlink
TAEJLTSCompat\config.cpp,4722,JLTS_clone_comlink_510,JLTS_clone_comlink,CfgWeapons,,CWP-8 510,MrClock,Inherited locally from JLTS_clone_comlink
TAEJLTSCompat\config.cpp,4731,JLTS_clone_comlink_511,JLTS_clone_comlink,CfgWeapons,,CWP-8 511,MrClock,Inherited locally from JLTS_clone_comlink
TAEJLTSCompat\config.cpp,4740,JLTS_clone_comlink_512,JLTS_clone_comlink,CfgWeapons,,CWP-8 512,MrClock,Inherited locally from JLTS_clone_comlink
TAEJLTSCompat\config.cpp,4749,JLTS_clone_comlink_513,JLTS_clone_comlink,CfgWeapons,,CWP-8 513,MrClock,Inherited locally from JLTS_clone_comlink
TAEJLTSCompat\config.cpp,4758,JLTS_clone_comlink_514,JLTS_clone_comlink,CfgWeapons,,CWP-8 514,MrClock,Inherited locally from JLTS_clone_comlink
TAEJLTSCompat\config.cpp,4767,JLTS_clone_comlink_515,JLTS_clone_comlink,CfgWeapons,,CWP-8 515,MrClock,Inherited locally from JLTS_clone_comlink
TAEJLTSCompat\config.cpp,4776,JLTS_clone_comlink_516,JLTS_clone_comlink,CfgWeapons,,CWP-8 516,MrClock,Inherited locally from JLTS_clone_comlink
TAEJLTSCompat\config.cpp,4785,JLTS_clone_comlink_517,JLTS_clone_comlink,CfgWeapons,,CWP-8 517,MrClock,Inherited locally from JLTS_clone_comlink
TAEJLTSCompat\config.cpp,4794,JLTS_clone_comlink_518,JLTS_clone_comlink,CfgWeapons,,CWP-8 518,MrClock,Inherited locally from JLTS_clone_comlink
TAEJLTSCompat\config.cpp,4803,JLTS_clone_comlink_519,JLTS_clone_comlink,CfgWeapons,,CWP-8 519,MrClock,Inherited locally from JLTS_clone_comlink
TAEJLTSCompat\config.cpp,4812,JLTS_clone_comlink_520,JLTS_clone_comlink,CfgWeapons,,CWP-8 520,MrClock,Inherited locally from JLTS_clone_comlink
TAEJLTSCompat\config.cpp,4821,JLTS_clone_comlink_521,JLTS_clone_comlink,CfgWeapons,,CWP-8 521,MrClock,Inherited locally from JLTS_clone_comlink
TAEJLTSCompat\config.cpp,4830,JLTS_clone_comlink_522,JLTS_clone_comlink,CfgWeapons,,CWP-8 522,MrClock,Inherited locally from JLTS_clone_comlink
TAEJLTSCompat\config.cpp,4839,JLTS_clone_comlink_523,JLTS_clone_comlink,CfgWeapons,,CWP-8 523,MrClock,Inherited locally from JLTS_clone_comlink
TAEJLTSCompat\config.cpp,4848,JLTS_clone_comlink_524,JLTS_clone_comlink,CfgWeapons,,CWP-8 524,MrClock,Inherited locally from JLTS_clone_comlink
TAEJLTSCompat\config.cpp,4857,JLTS_clone_comlink_525,JLTS_clone_comlink,CfgWeapons,,CWP-8 525,MrClock,Inherited locally from JLTS_clone_comlink
TAEJLTSCompat\config.cpp,4866,JLTS_clone_comlink_526,JLTS_clone_comlink,CfgWeapons,,CWP-8 526,MrClock,Inherited locally from JLTS_clone_comlink
TAEJLTSCompat\config.cpp,4875,JLTS_clone_comlink_527,JLTS_clone_comlink,CfgWeapons,,CWP-8 527,MrClock,Inherited locally from JLTS_clone_comlink
TAEJLTSCompat\config.cpp,4884,JLTS_clone_comlink_528,JLTS_clone_comlink,CfgWeapons,,CWP-8 528,MrClock,Inherited locally from JLTS_clone_comlink
TAEJLTSCompat\config.cpp,4893,JLTS_clone_comlink_529,JLTS_clone_comlink,CfgWeapons,,CWP-8 529,MrClock,Inherited locally from JLTS_clone_comlink
TAEJLTSCompat\config.cpp,4902,JLTS_clone_comlink_530,JLTS_clone_comlink,CfgWeapons,,CWP-8 530,MrClock,Inherited locally from JLTS_clone_comlink
TAEJLTSCompat\config.cpp,4911,JLTS_clone_comlink_531,JLTS_clone_comlink,CfgWeapons,,CWP-8 531,MrClock,Inherited locally from JLTS_clone_comlink
TAEJLTSCompat\config.cpp,4920,JLTS_clone_comlink_532,JLTS_clone_comlink,CfgWeapons,,CWP-8 532,MrClock,Inherited locally from JLTS_clone_comlink
TAEJLTSCompat\config.cpp,4929,JLTS_clone_comlink_533,JLTS_clone_comlink,CfgWeapons,,CWP-8 533,MrClock,Inherited locally from JLTS_clone_comlink
TAEJLTSCompat\config.cpp,4938,JLTS_clone_comlink_534,JLTS_clone_comlink,CfgWeapons,,CWP-8 534,MrClock,Inherited locally from JLTS_clone_comlink
TAEJLTSCompat\config.cpp,4947,JLTS_clone_comlink_535,JLTS_clone_comlink,CfgWeapons,,CWP-8 535,MrClock,Inherited locally from JLTS_clone_comlink
TAEJLTSCompat\config.cpp,4956,JLTS_clone_comlink_536,JLTS_clone_comlink,CfgWeapons,,CWP-8 536,MrClock,Inherited locally from JLTS_clone_comlink
TAEJLTSCompat\config.cpp,4965,JLTS_clone_comlink_537,JLTS_clone_comlink,CfgWeapons,,CWP-8 537,MrClock,Inherited locally from JLTS_clone_comlink
TAEJLTSCompat\config.cpp,4974,JLTS_clone_comlink_538,JLTS_clone_comlink,CfgWeapons,,CWP-8 538,MrClock,Inherited locally from JLTS_clone_comlink
TAEJLTSCompat\config.cpp,4983,JLTS_clone_comlink_539,JLTS_clone_comlink,CfgWeapons,,CWP-8 539,MrClock,Inherited locally from JLTS_clone_comlink
TAEJLTSCompat\config.cpp,4992,JLTS_clone_comlink_540,JLTS_clone_comlink,CfgWeapons,,CWP-8 540,MrClock,Inherited locally from JLTS_clone_comlink
TAEJLTSCompat\config.cpp,5001,JLTS_clone_comlink_541,JLTS_clone_comlink,CfgWeapons,,CWP-8 541,MrClock,Inherited locally from JLTS_clone_comlink
TAEJLTSCompat\config.cpp,5010,JLTS_clone_comlink_542,JLTS_clone_comlink,CfgWeapons,,CWP-8 542,MrClock,Inherited locally from JLTS_clone_comlink
TAEJLTSCompat\config.cpp,5019,JLTS_clone_comlink_543,JLTS_clone_comlink,CfgWeapons,,CWP-8 543,MrClock,Inherited locally from JLTS_clone_comlink
TAEJLTSCompat\config.cpp,5028,JLTS_clone_comlink_544,JLTS_clone_comlink,CfgWeapons,,CWP-8 544,MrClock,Inherited locally from JLTS_clone_comlink
TAEJLTSCompat\config.cpp,5037,JLTS_clone_comlink_545,JLTS_clone_comlink,CfgWeapons,,CWP-8 545,MrClock,Inherited locally from JLTS_clone_comlink
TAEJLTSCompat\config.cpp,5046,JLTS_clone_comlink_546,JLTS_clone_comlink,CfgWeapons,,CWP-8 546,MrClock,Inherited locally from JLTS_clone_comlink
TAEJLTSCompat\config.cpp,5055,JLTS_clone_comlink_547,JLTS_clone_comlink,CfgWeapons,,CWP-8 547,MrClock,Inherited locally from JLTS_clone_comlink
TAEJLTSCompat\config.cpp,5064,JLTS_clone_comlink_548,JLTS_clone_comlink,CfgWeapons,,CWP-8 548,MrClock,Inherited locally from JLTS_clone_comlink
TAEJLTSCompat\config.cpp,5073,JLTS_clone_comlink_549,JLTS_clone_comlink,CfgWeapons,,CWP-8 549,MrClock,Inherited locally from JLTS_clone_comlink
TAEJLTSCompat\config.cpp,5082,JLTS_clone_comlink_550,JLTS_clone_comlink,CfgWeapons,,CWP-8 550,MrClock,Inherited locally from JLTS_clone_comlink
TAEJLTSCompat\config.cpp,5091,JLTS_clone_comlink_551,JLTS_clone_comlink,CfgWeapons,,CWP-8 551,MrClock,Inherited locally from JLTS_clone_comlink
TAEJLTSCompat\config.cpp,5100,JLTS_clone_comlink_552,JLTS_clone_comlink,CfgWeapons,,CWP-8 552,MrClock,Inherited locally from JLTS_clone_comlink
TAEJLTSCompat\config.cpp,5109,JLTS_clone_comlink_553,JLTS_clone_comlink,CfgWeapons,,CWP-8 553,MrClock,Inherited locally from JLTS_clone_comlink
TAEJLTSCompat\config.cpp,5118,JLTS_clone_comlink_554,JLTS_clone_comlink,CfgWeapons,,CWP-8 554,MrClock,Inherited locally from JLTS_clone_comlink
TAEJLTSCompat\config.cpp,5127,JLTS_clone_comlink_555,JLTS_clone_comlink,CfgWeapons,,CWP-8 555,MrClock,Inherited locally from JLTS_clone_comlink
TAEJLTSCompat\config.cpp,5136,JLTS_clone_comlink_556,JLTS_clone_comlink,CfgWeapons,,CWP-8 556,MrClock,Inherited locally from JLTS_clone_comlink
TAEJLTSCompat\config.cpp,5145,JLTS_clone_comlink_557,JLTS_clone_comlink,CfgWeapons,,CWP-8 557,MrClock,Inherited locally from JLTS_clone_comlink
TAEJLTSCompat\config.cpp,5154,JLTS_clone_comlink_558,JLTS_clone_comlink,CfgWeapons,,CWP-8 558,MrClock,Inherited locally from JLTS_clone_comlink
TAEJLTSCompat\config.cpp,5163,JLTS_clone_comlink_559,JLTS_clone_comlink,CfgWeapons,,CWP-8 559,MrClock,Inherited locally from JLTS_clone_comlink
TAEJLTSCompat\config.cpp,5172,JLTS_clone_comlink_560,JLTS_clone_comlink,CfgWeapons,,CWP-8 560,MrClock,Inherited locally from JLTS_clone_comlink
TAEJLTSCompat\config.cpp,5181,JLTS_clone_comlink_561,JLTS_clone_comlink,CfgWeapons,,CWP-8 561,MrClock,Inherited locally from JLTS_clone_comlink
TAEJLTSCompat\config.cpp,5190,JLTS_clone_comlink_562,JLTS_clone_comlink,CfgWeapons,,CWP-8 562,MrClock,Inherited locally from JLTS_clone_comlink
TAEJLTSCompat\config.cpp,5199,JLTS_clone_comlink_563,JLTS_clone_comlink,CfgWeapons,,CWP-8 563,MrClock,Inherited locally from JLTS_clone_comlink
TAEJLTSCompat\config.cpp,5208,JLTS_clone_comlink_564,JLTS_clone_comlink,CfgWeapons,,CWP-8 564,MrClock,Inherited locally from JLTS_clone_comlink
TAEJLTSCompat\config.cpp,5217,JLTS_clone_comlink_565,JLTS_clone_comlink,CfgWeapons,,CWP-8 565,MrClock,Inherited locally from JLTS_clone_comlink
TAEJLTSCompat\config.cpp,5226,JLTS_clone_comlink_566,JLTS_clone_comlink,CfgWeapons,,CWP-8 566,MrClock,Inherited locally from JLTS_clone_comlink
TAEJLTSCompat\config.cpp,5235,JLTS_clone_comlink_567,JLTS_clone_comlink,CfgWeapons,,CWP-8 567,MrClock,Inherited locally from JLTS_clone_comlink
TAEJLTSCompat\config.cpp,5244,JLTS_clone_comlink_568,JLTS_clone_comlink,CfgWeapons,,CWP-8 568,MrClock,Inherited locally from JLTS_clone_comlink
TAEJLTSCompat\config.cpp,5253,JLTS_clone_comlink_569,JLTS_clone_comlink,CfgWeapons,,CWP-8 569,MrClock,Inherited locally from JLTS_clone_comlink
TAEJLTSCompat\config.cpp,5262,JLTS_clone_comlink_570,JLTS_clone_comlink,CfgWeapons,,CWP-8 570,MrClock,Inherited locally from JLTS_clone_comlink
TAEJLTSCompat\config.cpp,5271,JLTS_clone_comlink_571,JLTS_clone_comlink,CfgWeapons,,CWP-8 571,MrClock,Inherited locally from JLTS_clone_comlink
TAEJLTSCompat\config.cpp,5280,JLTS_clone_comlink_572,JLTS_clone_comlink,CfgWeapons,,CWP-8 572,MrClock,Inherited locally from JLTS_clone_comlink
TAEJLTSCompat\config.cpp,5289,JLTS_clone_comlink_573,JLTS_clone_comlink,CfgWeapons,,CWP-8 573,MrClock,Inherited locally from JLTS_clone_comlink
TAEJLTSCompat\config.cpp,5298,JLTS_clone_comlink_574,JLTS_clone_comlink,CfgWeapons,,CWP-8 574,MrClock,Inherited locally from JLTS_clone_comlink
TAEJLTSCompat\config.cpp,5307,JLTS_clone_comlink_575,JLTS_clone_comlink,CfgWeapons,,CWP-8 575,MrClock,Inherited locally from JLTS_clone_comlink
TAEJLTSCompat\config.cpp,5316,JLTS_clone_comlink_576,JLTS_clone_comlink,CfgWeapons,,CWP-8 576,MrClock,Inherited locally from JLTS_clone_comlink
TAEJLTSCompat\config.cpp,5325,JLTS_clone_comlink_577,JLTS_clone_comlink,CfgWeapons,,CWP-8 577,MrClock,Inherited locally from JLTS_clone_comlink
TAEJLTSCompat\config.cpp,5334,JLTS_clone_comlink_578,JLTS_clone_comlink,CfgWeapons,,CWP-8 578,MrClock,Inherited locally from JLTS_clone_comlink
TAEJLTSCompat\config.cpp,5343,JLTS_clone_comlink_579,JLTS_clone_comlink,CfgWeapons,,CWP-8 579,MrClock,Inherited locally from JLTS_clone_comlink
TAEJLTSCompat\config.cpp,5352,JLTS_clone_comlink_580,JLTS_clone_comlink,CfgWeapons,,CWP-8 580,MrClock,Inherited locally from JLTS_clone_comlink
TAEJLTSCompat\config.cpp,5361,JLTS_clone_comlink_581,JLTS_clone_comlink,CfgWeapons,,CWP-8 581,MrClock,Inherited locally from JLTS_clone_comlink
TAEJLTSCompat\config.cpp,5370,JLTS_clone_comlink_582,JLTS_clone_comlink,CfgWeapons,,CWP-8 582,MrClock,Inherited locally from JLTS_clone_comlink
TAEJLTSCompat\config.cpp,5379,JLTS_clone_comlink_583,JLTS_clone_comlink,CfgWeapons,,CWP-8 583,MrClock,Inherited locally from JLTS_clone_comlink
TAEJLTSCompat\config.cpp,5388,JLTS_clone_comlink_584,JLTS_clone_comlink,CfgWeapons,,CWP-8 584,MrClock,Inherited locally from JLTS_clone_comlink
TAEJLTSCompat\config.cpp,5397,JLTS_clone_comlink_585,JLTS_clone_comlink,CfgWeapons,,CWP-8 585,MrClock,Inherited locally from JLTS_clone_comlink
TAEJLTSCompat\config.cpp,5406,JLTS_clone_comlink_586,JLTS_clone_comlink,CfgWeapons,,CWP-8 586,MrClock,Inherited locally from JLTS_clone_comlink
TAEJLTSCompat\config.cpp,5415,JLTS_clone_comlink_587,JLTS_clone_comlink,CfgWeapons,,CWP-8 587,MrClock,Inherited locally from JLTS_clone_comlink
TAEJLTSCompat\config.cpp,5424,JLTS_clone_comlink_588,JLTS_clone_comlink,CfgWeapons,,CWP-8 588,MrClock,Inherited locally from JLTS_clone_comlink
TAEJLTSCompat\config.cpp,5433,JLTS_clone_comlink_589,JLTS_clone_comlink,CfgWeapons,,CWP-8 589,MrClock,Inherited locally from JLTS_clone_comlink
TAEJLTSCompat\config.cpp,5442,JLTS_clone_comlink_590,JLTS_clone_comlink,CfgWeapons,,CWP-8 590,MrClock,Inherited locally from JLTS_clone_comlink
TAEJLTSCompat\config.cpp,5451,JLTS_clone_comlink_591,JLTS_clone_comlink,CfgWeapons,,CWP-8 591,MrClock,Inherited locally from JLTS_clone_comlink
TAEJLTSCompat\config.cpp,5460,JLTS_clone_comlink_592,JLTS_clone_comlink,CfgWeapons,,CWP-8 592,MrClock,Inherited locally from JLTS_clone_comlink
TAEJLTSCompat\config.cpp,5469,JLTS_clone_comlink_593,JLTS_clone_comlink,CfgWeapons,,CWP-8 593,MrClock,Inherited locally from JLTS_clone_comlink
TAEJLTSCompat\config.cpp,5478,JLTS_clone_comlink_594,JLTS_clone_comlink,CfgWeapons,,CWP-8 594,MrClock,Inherited locally from JLTS_clone_comlink
TAEJLTSCompat\config.cpp,5487,JLTS_clone_comlink_595,JLTS_clone_comlink,CfgWeapons,,CWP-8 595,MrClock,Inherited locally from JLTS_clone_comlink
TAEJLTSCompat\config.cpp,5496,JLTS_clone_comlink_596,JLTS_clone_comlink,CfgWeapons,,CWP-8 596,MrClock,Inherited locally from JLTS_clone_comlink
TAEJLTSCompat\config.cpp,5505,JLTS_clone_comlink_597,JLTS_clone_comlink,CfgWeapons,,CWP-8 597,MrClock,Inherited locally from JLTS_clone_comlink
TAEJLTSCompat\config.cpp,5514,JLTS_clone_comlink_598,JLTS_clone_comlink,CfgWeapons,,CWP-8 598,MrClock,Inherited locally from JLTS_clone_comlink
TAEJLTSCompat\config.cpp,5523,JLTS_clone_comlink_599,JLTS_clone_comlink,CfgWeapons,,CWP-8 599,MrClock,Inherited locally from JLTS_clone_comlink
TAEJLTSCompat\config.cpp,5532,JLTS_clone_comlink_600,JLTS_clone_comlink,CfgWeapons,,CWP-8 600,MrClock,Inherited locally from JLTS_clone_comlink
TAEJLTSCompat\config.cpp,5541,JLTS_clone_comlink_601,JLTS_clone_comlink,CfgWeapons,,CWP-8 601,MrClock,Inherited locally from JLTS_clone_comlink
TAEJLTSCompat\config.cpp,5550,JLTS_clone_comlink_602,JLTS_clone_comlink,CfgWeapons,,CWP-8 602,MrClock,Inherited locally from JLTS_clone_comlink
TAEJLTSCompat\config.cpp,5559,JLTS_clone_comlink_603,JLTS_clone_comlink,CfgWeapons,,CWP-8 603,MrClock,Inherited locally from JLTS_clone_comlink
TAEJLTSCompat\config.cpp,5568,JLTS_clone_comlink_604,JLTS_clone_comlink,CfgWeapons,,CWP-8 604,MrClock,Inherited locally from JLTS_clone_comlink
TAEJLTSCompat\config.cpp,5577,JLTS_clone_comlink_605,JLTS_clone_comlink,CfgWeapons,,CWP-8 605,MrClock,Inherited locally from JLTS_clone_comlink
TAEJLTSCompat\config.cpp,5586,JLTS_clone_comlink_606,JLTS_clone_comlink,CfgWeapons,,CWP-8 606,MrClock,Inherited locally from JLTS_clone_comlink
TAEJLTSCompat\config.cpp,5595,JLTS_clone_comlink_607,JLTS_clone_comlink,CfgWeapons,,CWP-8 607,MrClock,Inherited locally from JLTS_clone_comlink
TAEJLTSCompat\config.cpp,5604,JLTS_clone_comlink_608,JLTS_clone_comlink,CfgWeapons,,CWP-8 608,MrClock,Inherited locally from JLTS_clone_comlink
TAEJLTSCompat\config.cpp,5613,JLTS_clone_comlink_609,JLTS_clone_comlink,CfgWeapons,,CWP-8 609,MrClock,Inherited locally from JLTS_clone_comlink
TAEJLTSCompat\config.cpp,5622,JLTS_clone_comlink_610,JLTS_clone_comlink,CfgWeapons,,CWP-8 610,MrClock,Inherited locally from JLTS_clone_comlink
TAEJLTSCompat\config.cpp,5631,JLTS_clone_comlink_611,JLTS_clone_comlink,CfgWeapons,,CWP-8 611,MrClock,Inherited locally from JLTS_clone_comlink
TAEJLTSCompat\config.cpp,5640,JLTS_clone_comlink_612,JLTS_clone_comlink,CfgWeapons,,CWP-8 612,MrClock,Inherited locally from JLTS_clone_comlink
TAEJLTSCompat\config.cpp,5649,JLTS_clone_comlink_613,JLTS_clone_comlink,CfgWeapons,,CWP-8 613,MrClock,Inherited locally from JLTS_clone_comlink
TAEJLTSCompat\config.cpp,5658,JLTS_clone_comlink_614,JLTS_clone_comlink,CfgWeapons,,CWP-8 614,MrClock,Inherited locally from JLTS_clone_comlink
TAEJLTSCompat\config.cpp,5667,JLTS_clone_comlink_615,JLTS_clone_comlink,CfgWeapons,,CWP-8 615,MrClock,Inherited locally from JLTS_clone_comlink
TAEJLTSCompat\config.cpp,5676,JLTS_clone_comlink_616,JLTS_clone_comlink,CfgWeapons,,CWP-8 616,MrClock,Inherited locally from JLTS_clone_comlink
TAEJLTSCompat\config.cpp,5685,JLTS_clone_comlink_617,JLTS_clone_comlink,CfgWeapons,,CWP-8 617,MrClock,Inherited locally from JLTS_clone_comlink
TAEJLTSCompat\config.cpp,5694,JLTS_clone_comlink_618,JLTS_clone_comlink,CfgWeapons,,CWP-8 618,MrClock,Inherited locally from JLTS_clone_comlink
TAEJLTSCompat\config.cpp,5703,JLTS_clone_comlink_619,JLTS_clone_comlink,CfgWeapons,,CWP-8 619,MrClock,Inherited locally from JLTS_clone_comlink
TAEJLTSCompat\config.cpp,5712,JLTS_clone_comlink_620,JLTS_clone_comlink,CfgWeapons,,CWP-8 620,MrClock,Inherited locally from JLTS_clone_comlink
TAEJLTSCompat\config.cpp,5721,JLTS_clone_comlink_621,JLTS_clone_comlink,CfgWeapons,,CWP-8 621,MrClock,Inherited locally from JLTS_clone_comlink
TAEJLTSCompat\config.cpp,5730,JLTS_clone_comlink_622,JLTS_clone_comlink,CfgWeapons,,CWP-8 622,MrClock,Inherited locally from JLTS_clone_comlink
TAEJLTSCompat\config.cpp,5739,JLTS_clone_comlink_623,JLTS_clone_comlink,CfgWeapons,,CWP-8 623,MrClock,Inherited locally from JLTS_clone_comlink
TAEJLTSCompat\config.cpp,5748,JLTS_clone_comlink_624,JLTS_clone_comlink,CfgWeapons,,CWP-8 624,MrClock,Inherited locally from JLTS_clone_comlink
TAEJLTSCompat\config.cpp,5757,JLTS_clone_comlink_625,JLTS_clone_comlink,CfgWeapons,,CWP-8 625,MrClock,Inherited locally from JLTS_clone_comlink
TAEJLTSCompat\config.cpp,5766,JLTS_clone_comlink_626,JLTS_clone_comlink,CfgWeapons,,CWP-8 626,MrClock,Inherited locally from JLTS_clone_comlink
TAEJLTSCompat\config.cpp,5775,JLTS_clone_comlink_627,JLTS_clone_comlink,CfgWeapons,,CWP-8 627,MrClock,Inherited locally from JLTS_clone_comlink
TAEJLTSCompat\config.cpp,5784,JLTS_clone_comlink_628,JLTS_clone_comlink,CfgWeapons,,CWP-8 628,MrClock,Inherited locally from JLTS_clone_comlink
TAEJLTSCompat\config.cpp,5793,JLTS_clone_comlink_629,JLTS_clone_comlink,CfgWeapons,,CWP-8 629,MrClock,Inherited locally from JLTS_clone_comlink
TAEJLTSCompat\config.cpp,5802,JLTS_clone_comlink_630,JLTS_clone_comlink,CfgWeapons,,CWP-8 630,MrClock,Inherited locally from JLTS_clone_comlink
TAEJLTSCompat\config.cpp,5811,JLTS_clone_comlink_631,JLTS_clone_comlink,CfgWeapons,,CWP-8 631,MrClock,Inherited locally from JLTS_clone_comlink
TAEJLTSCompat\config.cpp,5820,JLTS_clone_comlink_632,JLTS_clone_comlink,CfgWeapons,,CWP-8 632,MrClock,Inherited locally from JLTS_clone_comlink
TAEJLTSCompat\config.cpp,5829,JLTS_clone_comlink_633,JLTS_clone_comlink,CfgWeapons,,CWP-8 633,MrClock,Inherited locally from JLTS_clone_comlink
TAEJLTSCompat\config.cpp,5838,JLTS_clone_comlink_634,JLTS_clone_comlink,CfgWeapons,,CWP-8 634,MrClock,Inherited locally from JLTS_clone_comlink
TAEJLTSCompat\config.cpp,5847,JLTS_clone_comlink_635,JLTS_clone_comlink,CfgWeapons,,CWP-8 635,MrClock,Inherited locally from JLTS_clone_comlink
TAEJLTSCompat\config.cpp,5856,JLTS_clone_comlink_636,JLTS_clone_comlink,CfgWeapons,,CWP-8 636,MrClock,Inherited locally from JLTS_clone_comlink
TAEJLTSCompat\config.cpp,5865,JLTS_clone_comlink_637,JLTS_clone_comlink,CfgWeapons,,CWP-8 637,MrClock,Inherited locally from JLTS_clone_comlink
TAEJLTSCompat\config.cpp,5874,JLTS_clone_comlink_638,JLTS_clone_comlink,CfgWeapons,,CWP-8 638,MrClock,Inherited locally from JLTS_clone_comlink
TAEJLTSCompat\config.cpp,5883,JLTS_clone_comlink_639,JLTS_clone_comlink,CfgWeapons,,CWP-8 639,MrClock,Inherited locally from JLTS_clone_comlink
TAEJLTSCompat\config.cpp,5892,JLTS_clone_comlink_640,JLTS_clone_comlink,CfgWeapons,,CWP-8 640,MrClock,Inherited locally from JLTS_clone_comlink
TAEJLTSCompat\config.cpp,5901,JLTS_clone_comlink_641,JLTS_clone_comlink,CfgWeapons,,CWP-8 641,MrClock,Inherited locally from JLTS_clone_comlink
TAEJLTSCompat\config.cpp,5910,JLTS_clone_comlink_642,JLTS_clone_comlink,CfgWeapons,,CWP-8 642,MrClock,Inherited locally from JLTS_clone_comlink
TAEJLTSCompat\config.cpp,5919,JLTS_clone_comlink_643,JLTS_clone_comlink,CfgWeapons,,CWP-8 643,MrClock,Inherited locally from JLTS_clone_comlink
TAEJLTSCompat\config.cpp,5928,JLTS_clone_comlink_644,JLTS_clone_comlink,CfgWeapons,,CWP-8 644,MrClock,Inherited locally from JLTS_clone_comlink
TAEJLTSCompat\config.cpp,5937,JLTS_clone_comlink_645,JLTS_clone_comlink,CfgWeapons,,CWP-8 645,MrClock,Inherited locally from JLTS_clone_comlink
TAEJLTSCompat\config.cpp,5946,JLTS_clone_comlink_646,JLTS_clone_comlink,CfgWeapons,,CWP-8 646,MrClock,Inherited locally from JLTS_clone_comlink
TAEJLTSCompat\config.cpp,5955,JLTS_clone_comlink_647,JLTS_clone_comlink,CfgWeapons,,CWP-8 647,MrClock,Inherited locally from JLTS_clone_comlink
TAEJLTSCompat\config.cpp,5964,JLTS_clone_comlink_648,JLTS_clone_comlink,CfgWeapons,,CWP-8 648,MrClock,Inherited locally from JLTS_clone_comlink
TAEJLTSCompat\config.cpp,5973,JLTS_clone_comlink_649,JLTS_clone_comlink,CfgWeapons,,CWP-8 649,MrClock,Inherited locally from JLTS_clone_comlink
TAEJLTSCompat\config.cpp,5982,JLTS_clone_comlink_650,JLTS_clone_comlink,CfgWeapons,,CWP-8 650,MrClock,Inherited locally from JLTS_clone_comlink
TAEJLTSCompat\config.cpp,5991,JLTS_clone_comlink_651,JLTS_clone_comlink,CfgWeapons,,CWP-8 651,MrClock,Inherited locally from JLTS_clone_comlink
TAEJLTSCompat\config.cpp,6000,JLTS_clone_comlink_652,JLTS_clone_comlink,CfgWeapons,,CWP-8 652,MrClock,Inherited locally from JLTS_clone_comlink
TAEJLTSCompat\config.cpp,6009,JLTS_clone_comlink_653,JLTS_clone_comlink,CfgWeapons,,CWP-8 653,MrClock,Inherited locally from JLTS_clone_comlink
TAEJLTSCompat\config.cpp,6018,JLTS_clone_comlink_654,JLTS_clone_comlink,CfgWeapons,,CWP-8 654,MrClock,Inherited locally from JLTS_clone_comlink
TAEJLTSCompat\config.cpp,6027,JLTS_clone_comlink_655,JLTS_clone_comlink,CfgWeapons,,CWP-8 655,MrClock,Inherited locally from JLTS_clone_comlink
TAEJLTSCompat\config.cpp,6036,JLTS_clone_comlink_656,JLTS_clone_comlink,CfgWeapons,,CWP-8 656,MrClock,Inherited locally from JLTS_clone_comlink
TAEJLTSCompat\config.cpp,6045,JLTS_clone_comlink_657,JLTS_clone_comlink,CfgWeapons,,CWP-8 657,MrClock,Inherited locally from JLTS_clone_comlink
TAEJLTSCompat\config.cpp,6054,JLTS_clone_comlink_658,JLTS_clone_comlink,CfgWeapons,,CWP-8 658,MrClock,Inherited locally from JLTS_clone_comlink
TAEJLTSCompat\config.cpp,6063,JLTS_clone_comlink_659,JLTS_clone_comlink,CfgWeapons,,CWP-8 659,MrClock,Inherited locally from JLTS_clone_comlink
TAEJLTSCompat\config.cpp,6072,JLTS_clone_comlink_660,JLTS_clone_comlink,CfgWeapons,,CWP-8 660,MrClock,Inherited locally from JLTS_clone_comlink
TAEJLTSCompat\config.cpp,6081,JLTS_clone_comlink_661,JLTS_clone_comlink,CfgWeapons,,CWP-8 661,MrClock,Inherited locally from JLTS_clone_comlink
TAEJLTSCompat\config.cpp,6090,JLTS_clone_comlink_662,JLTS_clone_comlink,CfgWeapons,,CWP-8 662,MrClock,Inherited locally from JLTS_clone_comlink
TAEJLTSCompat\config.cpp,6099,JLTS_clone_comlink_663,JLTS_clone_comlink,CfgWeapons,,CWP-8 663,MrClock,Inherited locally from JLTS_clone_comlink
TAEJLTSCompat\config.cpp,6108,JLTS_clone_comlink_664,JLTS_clone_comlink,CfgWeapons,,CWP-8 664,MrClock,Inherited locally from JLTS_clone_comlink
TAEJLTSCompat\config.cpp,6117,JLTS_clone_comlink_665,JLTS_clone_comlink,CfgWeapons,,CWP-8 665,MrClock,Inherited locally from JLTS_clone_comlink
TAEJLTSCompat\config.cpp,6126,JLTS_clone_comlink_666,JLTS_clone_comlink,CfgWeapons,,CWP-8 666,MrClock,Inherited locally from JLTS_clone_comlink
TAEJLTSCompat\config.cpp,6135,JLTS_clone_comlink_667,JLTS_clone_comlink,CfgWeapons,,CWP-8 667,MrClock,Inherited locally from JLTS_clone_comlink
TAEJLTSCompat\config.cpp,6144,JLTS_clone_comlink_668,JLTS_clone_comlink,CfgWeapons,,CWP-8 668,MrClock,Inherited locally from JLTS_clone_comlink
TAEJLTSCompat\config.cpp,6153,JLTS_clone_comlink_669,JLTS_clone_comlink,CfgWeapons,,CWP-8 669,MrClock,Inherited locally from JLTS_clone_comlink
TAEJLTSCompat\config.cpp,6162,JLTS_clone_comlink_670,JLTS_clone_comlink,CfgWeapons,,CWP-8 670,MrClock,Inherited locally from JLTS_clone_comlink
TAEJLTSCompat\config.cpp,6171,JLTS_clone_comlink_671,JLTS_clone_comlink,CfgWeapons,,CWP-8 671,MrClock,Inherited locally from JLTS_clone_comlink
TAEJLTSCompat\config.cpp,6180,JLTS_clone_comlink_672,JLTS_clone_comlink,CfgWeapons,,CWP-8 672,MrClock,Inherited locally from JLTS_clone_comlink
TAEJLTSCompat\config.cpp,6189,JLTS_clone_comlink_673,JLTS_clone_comlink,CfgWeapons,,CWP-8 673,MrClock,Inherited locally from JLTS_clone_comlink
TAEJLTSCompat\config.cpp,6198,JLTS_clone_comlink_674,JLTS_clone_comlink,CfgWeapons,,CWP-8 674,MrClock,Inherited locally from JLTS_clone_comlink
TAEJLTSCompat\config.cpp,6207,JLTS_clone_comlink_675,JLTS_clone_comlink,CfgWeapons,,CWP-8 675,MrClock,Inherited locally from JLTS_clone_comlink
TAEJLTSCompat\config.cpp,6216,JLTS_clone_comlink_676,JLTS_clone_comlink,CfgWeapons,,CWP-8 676,MrClock,Inherited locally from JLTS_clone_comlink
TAEJLTSCompat\config.cpp,6225,JLTS_clone_comlink_677,JLTS_clone_comlink,CfgWeapons,,CWP-8 677,MrClock,Inherited locally from JLTS_clone_comlink
TAEJLTSCompat\config.cpp,6234,JLTS_clone_comlink_678,JLTS_clone_comlink,CfgWeapons,,CWP-8 678,MrClock,Inherited locally from JLTS_clone_comlink
TAEJLTSCompat\config.cpp,6243,JLTS_clone_comlink_679,JLTS_clone_comlink,CfgWeapons,,CWP-8 679,MrClock,Inherited locally from JLTS_clone_comlink
TAEJLTSCompat\config.cpp,6252,JLTS_clone_comlink_680,JLTS_clone_comlink,CfgWeapons,,CWP-8 680,MrClock,Inherited locally from JLTS_clone_comlink
TAEJLTSCompat\config.cpp,6261,JLTS_clone_comlink_681,JLTS_clone_comlink,CfgWeapons,,CWP-8 681,MrClock,Inherited locally from JLTS_clone_comlink
TAEJLTSCompat\config.cpp,6270,JLTS_clone_comlink_682,JLTS_clone_comlink,CfgWeapons,,CWP-8 682,MrClock,Inherited locally from JLTS_clone_comlink
TAEJLTSCompat\config.cpp,6279,JLTS_clone_comlink_683,JLTS_clone_comlink,CfgWeapons,,CWP-8 683,MrClock,Inherited locally from JLTS_clone_comlink
TAEJLTSCompat\config.cpp,6288,JLTS_clone_comlink_684,JLTS_clone_comlink,CfgWeapons,,CWP-8 684,MrClock,Inherited locally from JLTS_clone_comlink
TAEJLTSCompat\config.cpp,6297,JLTS_clone_comlink_685,JLTS_clone_comlink,CfgWeapons,,CWP-8 685,MrClock,Inherited locally from JLTS_clone_comlink
TAEJLTSCompat\config.cpp,6306,JLTS_clone_comlink_686,JLTS_clone_comlink,CfgWeapons,,CWP-8 686,MrClock,Inherited locally from JLTS_clone_comlink
TAEJLTSCompat\config.cpp,6315,JLTS_clone_comlink_687,JLTS_clone_comlink,CfgWeapons,,CWP-8 687,MrClock,Inherited locally from JLTS_clone_comlink
TAEJLTSCompat\config.cpp,6324,JLTS_clone_comlink_688,JLTS_clone_comlink,CfgWeapons,,CWP-8 688,MrClock,Inherited locally from JLTS_clone_comlink
TAEJLTSCompat\config.cpp,6333,JLTS_clone_comlink_689,JLTS_clone_comlink,CfgWeapons,,CWP-8 689,MrClock,Inherited locally from JLTS_clone_comlink
TAEJLTSCompat\config.cpp,6342,JLTS_clone_comlink_690,JLTS_clone_comlink,CfgWeapons,,CWP-8 690,MrClock,Inherited locally from JLTS_clone_comlink
TAEJLTSCompat\config.cpp,6351,JLTS_clone_comlink_691,JLTS_clone_comlink,CfgWeapons,,CWP-8 691,MrClock,Inherited locally from JLTS_clone_comlink
TAEJLTSCompat\config.cpp,6360,JLTS_clone_comlink_692,JLTS_clone_comlink,CfgWeapons,,CWP-8 692,MrClock,Inherited locally from JLTS_clone_comlink
TAEJLTSCompat\config.cpp,6369,JLTS_clone_comlink_693,JLTS_clone_comlink,CfgWeapons,,CWP-8 693,MrClock,Inherited locally from JLTS_clone_comlink
TAEJLTSCompat\config.cpp,6378,JLTS_clone_comlink_694,JLTS_clone_comlink,CfgWeapons,,CWP-8 694,MrClock,Inherited locally from JLTS_clone_comlink
TAEJLTSCompat\config.cpp,6387,JLTS_clone_comlink_695,JLTS_clone_comlink,CfgWeapons,,CWP-8 695,MrClock,Inherited locally from JLTS_clone_comlink
TAEJLTSCompat\config.cpp,6396,JLTS_clone_comlink_696,JLTS_clone_comlink,CfgWeapons,,CWP-8 696,MrClock,Inherited locally from JLTS_clone_comlink
TAEJLTSCompat\config.cpp,6405,JLTS_clone_comlink_697,JLTS_clone_comlink,CfgWeapons,,CWP-8 697,MrClock,Inherited locally from JLTS_clone_comlink
TAEJLTSCompat\config.cpp,6414,JLTS_clone_comlink_698,JLTS_clone_comlink,CfgWeapons,,CWP-8 698,MrClock,Inherited locally from JLTS_clone_comlink
TAEJLTSCompat\config.cpp,6423,JLTS_clone_comlink_699,JLTS_clone_comlink,CfgWeapons,,CWP-8 699,MrClock,Inherited locally from JLTS_clone_comlink
TAEJLTSCompat\config.cpp,6432,JLTS_clone_comlink_700,JLTS_clone_comlink,CfgWeapons,,CWP-8 700,MrClock,Inherited locally from JLTS_clone_comlink
TAEJLTSCompat\config.cpp,6441,JLTS_clone_comlink_701,JLTS_clone_comlink,CfgWeapons,,CWP-8 701,MrClock,Inherited locally from JLTS_clone_comlink
TAEJLTSCompat\config.cpp,6450,JLTS_clone_comlink_702,JLTS_clone_comlink,CfgWeapons,,CWP-8 702,MrClock,Inherited locally from JLTS_clone_comlink
TAEJLTSCompat\config.cpp,6459,JLTS_clone_comlink_703,JLTS_clone_comlink,CfgWeapons,,CWP-8 703,MrClock,Inherited locally from JLTS_clone_comlink
TAEJLTSCompat\config.cpp,6468,JLTS_clone_comlink_704,JLTS_clone_comlink,CfgWeapons,,CWP-8 704,MrClock,Inherited locally from JLTS_clone_comlink
TAEJLTSCompat\config.cpp,6477,JLTS_clone_comlink_705,JLTS_clone_comlink,CfgWeapons,,CWP-8 705,MrClock,Inherited locally from JLTS_clone_comlink
TAEJLTSCompat\config.cpp,6486,JLTS_clone_comlink_706,JLTS_clone_comlink,CfgWeapons,,CWP-8 706,MrClock,Inherited locally from JLTS_clone_comlink
TAEJLTSCompat\config.cpp,6495,JLTS_clone_comlink_707,JLTS_clone_comlink,CfgWeapons,,CWP-8 707,MrClock,Inherited locally from JLTS_clone_comlink
TAEJLTSCompat\config.cpp,6504,JLTS_clone_comlink_708,JLTS_clone_comlink,CfgWeapons,,CWP-8 708,MrClock,Inherited locally from JLTS_clone_comlink
TAEJLTSCompat\config.cpp,6513,JLTS_clone_comlink_709,JLTS_clone_comlink,CfgWeapons,,CWP-8 709,MrClock,Inherited locally from JLTS_clone_comlink
TAEJLTSCompat\config.cpp,6522,JLTS_clone_comlink_710,JLTS_clone_comlink,CfgWeapons,,CWP-8 710,MrClock,Inherited locally from JLTS_clone_comlink
TAEJLTSCompat\config.cpp,6531,JLTS_clone_comlink_711,JLTS_clone_comlink,CfgWeapons,,CWP-8 711,MrClock,Inherited locally from JLTS_clone_comlink
TAEJLTSCompat\config.cpp,6540,JLTS_clone_comlink_712,JLTS_clone_comlink,CfgWeapons,,CWP-8 712,MrClock,Inherited locally from JLTS_clone_comlink
TAEJLTSCompat\config.cpp,6549,JLTS_clone_comlink_713,JLTS_clone_comlink,CfgWeapons,,CWP-8 713,MrClock,Inherited locally from JLTS_clone_comlink
TAEJLTSCompat\config.cpp,6558,JLTS_clone_comlink_714,JLTS_clone_comlink,CfgWeapons,,CWP-8 714,MrClock,Inherited locally from JLTS_clone_comlink
TAEJLTSCompat\config.cpp,6567,JLTS_clone_comlink_715,JLTS_clone_comlink,CfgWeapons,,CWP-8 715,MrClock,Inherited locally from JLTS_clone_comlink
TAEJLTSCompat\config.cpp,6576,JLTS_clone_comlink_716,JLTS_clone_comlink,CfgWeapons,,CWP-8 716,MrClock,Inherited locally from JLTS_clone_comlink
TAEJLTSCompat\config.cpp,6585,JLTS_clone_comlink_717,JLTS_clone_comlink,CfgWeapons,,CWP-8 717,MrClock,Inherited locally from JLTS_clone_comlink
TAEJLTSCompat\config.cpp,6594,JLTS_clone_comlink_718,JLTS_clone_comlink,CfgWeapons,,CWP-8 718,MrClock,Inherited locally from JLTS_clone_comlink
TAEJLTSCompat\config.cpp,6603,JLTS_clone_comlink_719,JLTS_clone_comlink,CfgWeapons,,CWP-8 719,MrClock,Inherited locally from JLTS_clone_comlink
TAEJLTSCompat\config.cpp,6612,JLTS_clone_comlink_720,JLTS_clone_comlink,CfgWeapons,,CWP-8 720,MrClock,Inherited locally from JLTS_clone_comlink
TAEJLTSCompat\config.cpp,6621,JLTS_clone_comlink_721,JLTS_clone_comlink,CfgWeapons,,CWP-8 721,MrClock,Inherited locally from JLTS_clone_comlink
TAEJLTSCompat\config.cpp,6630,JLTS_clone_comlink_722,JLTS_clone_comlink,CfgWeapons,,CWP-8 722,MrClock,Inherited locally from JLTS_clone_comlink
TAEJLTSCompat\config.cpp,6639,JLTS_clone_comlink_723,JLTS_clone_comlink,CfgWeapons,,CWP-8 723,MrClock,Inherited locally from JLTS_clone_comlink
TAEJLTSCompat\config.cpp,6648,JLTS_clone_comlink_724,JLTS_clone_comlink,CfgWeapons,,CWP-8 724,MrClock,Inherited locally from JLTS_clone_comlink
TAEJLTSCompat\config.cpp,6657,JLTS_clone_comlink_725,JLTS_clone_comlink,CfgWeapons,,CWP-8 725,MrClock,Inherited locally from JLTS_clone_comlink
TAEJLTSCompat\config.cpp,6666,JLTS_clone_comlink_726,JLTS_clone_comlink,CfgWeapons,,CWP-8 726,MrClock,Inherited locally from JLTS_clone_comlink
TAEJLTSCompat\config.cpp,6675,JLTS_clone_comlink_727,JLTS_clone_comlink,CfgWeapons,,CWP-8 727,MrClock,Inherited locally from JLTS_clone_comlink
TAEJLTSCompat\config.cpp,6684,JLTS_clone_comlink_728,JLTS_clone_comlink,CfgWeapons,,CWP-8 728,MrClock,Inherited locally from JLTS_clone_comlink
TAEJLTSCompat\config.cpp,6693,JLTS_clone_comlink_729,JLTS_clone_comlink,CfgWeapons,,CWP-8 729,MrClock,Inherited locally from JLTS_clone_comlink
TAEJLTSCompat\config.cpp,6702,JLTS_clone_comlink_730,JLTS_clone_comlink,CfgWeapons,,CWP-8 730,MrClock,Inherited locally from JLTS_clone_comlink
TAEJLTSCompat\config.cpp,6711,JLTS_clone_comlink_731,JLTS_clone_comlink,CfgWeapons,,CWP-8 731,MrClock,Inherited locally from JLTS_clone_comlink
TAEJLTSCompat\config.cpp,6720,JLTS_clone_comlink_732,JLTS_clone_comlink,CfgWeapons,,CWP-8 732,MrClock,Inherited locally from JLTS_clone_comlink
TAEJLTSCompat\config.cpp,6729,JLTS_clone_comlink_733,JLTS_clone_comlink,CfgWeapons,,CWP-8 733,MrClock,Inherited locally from JLTS_clone_comlink
TAEJLTSCompat\config.cpp,6738,JLTS_clone_comlink_734,JLTS_clone_comlink,CfgWeapons,,CWP-8 734,MrClock,Inherited locally from JLTS_clone_comlink
TAEJLTSCompat\config.cpp,6747,JLTS_clone_comlink_735,JLTS_clone_comlink,CfgWeapons,,CWP-8 735,MrClock,Inherited locally from JLTS_clone_comlink
TAEJLTSCompat\config.cpp,6756,JLTS_clone_comlink_736,JLTS_clone_comlink,CfgWeapons,,CWP-8 736,MrClock,Inherited locally from JLTS_clone_comlink
TAEJLTSCompat\config.cpp,6765,JLTS_clone_comlink_737,JLTS_clone_comlink,CfgWeapons,,CWP-8 737,MrClock,Inherited locally from JLTS_clone_comlink
TAEJLTSCompat\config.cpp,6774,JLTS_clone_comlink_738,JLTS_clone_comlink,CfgWeapons,,CWP-8 738,MrClock,Inherited locally from JLTS_clone_comlink
TAEJLTSCompat\config.cpp,6783,JLTS_clone_comlink_739,JLTS_clone_comlink,CfgWeapons,,CWP-8 739,MrClock,Inherited locally from JLTS_clone_comlink
TAEJLTSCompat\config.cpp,6792,JLTS_clone_comlink_740,JLTS_clone_comlink,CfgWeapons,,CWP-8 740,MrClock,Inherited locally from JLTS_clone_comlink
TAEJLTSCompat\config.cpp,6801,JLTS_clone_comlink_741,JLTS_clone_comlink,CfgWeapons,,CWP-8 741,MrClock,Inherited locally from JLTS_clone_comlink
TAEJLTSCompat\config.cpp,6810,JLTS_clone_comlink_742,JLTS_clone_comlink,CfgWeapons,,CWP-8 742,MrClock,Inherited locally from JLTS_clone_comlink
TAEJLTSCompat\config.cpp,6819,JLTS_clone_comlink_743,JLTS_clone_comlink,CfgWeapons,,CWP-8 743,MrClock,Inherited locally from JLTS_clone_comlink
TAEJLTSCompat\config.cpp,6828,JLTS_clone_comlink_744,JLTS_clone_comlink,CfgWeapons,,CWP-8 744,MrClock,Inherited locally from JLTS_clone_comlink
TAEJLTSCompat\config.cpp,6837,JLTS_clone_comlink_745,JLTS_clone_comlink,CfgWeapons,,CWP-8 745,MrClock,Inherited locally from JLTS_clone_comlink
TAEJLTSCompat\config.cpp,6846,JLTS_clone_comlink_746,JLTS_clone_comlink,CfgWeapons,,CWP-8 746,MrClock,Inherited locally from JLTS_clone_comlink
TAEJLTSCompat\config.cpp,6855,JLTS_clone_comlink_747,JLTS_clone_comlink,CfgWeapons,,CWP-8 747,MrClock,Inherited locally from JLTS_clone_comlink
TAEJLTSCompat\config.cpp,6864,JLTS_clone_comlink_748,JLTS_clone_comlink,CfgWeapons,,CWP-8 748,MrClock,Inherited locally from JLTS_clone_comlink
TAEJLTSCompat\config.cpp,6873,JLTS_clone_comlink_749,JLTS_clone_comlink,CfgWeapons,,CWP-8 749,MrClock,Inherited locally from JLTS_clone_comlink
TAEJLTSCompat\config.cpp,6882,JLTS_clone_comlink_750,JLTS_clone_comlink,CfgWeapons,,CWP-8 750,MrClock,Inherited locally from JLTS_clone_comlink
TAEJLTSCompat\config.cpp,6891,JLTS_clone_comlink_751,JLTS_clone_comlink,CfgWeapons,,CWP-8 751,MrClock,Inherited locally from JLTS_clone_comlink
TAEJLTSCompat\config.cpp,6900,JLTS_clone_comlink_752,JLTS_clone_comlink,CfgWeapons,,CWP-8 752,MrClock,Inherited locally from JLTS_clone_comlink
TAEJLTSCompat\config.cpp,6909,JLTS_clone_comlink_753,JLTS_clone_comlink,CfgWeapons,,CWP-8 753,MrClock,Inherited locally from JLTS_clone_comlink
TAEJLTSCompat\config.cpp,6918,JLTS_clone_comlink_754,JLTS_clone_comlink,CfgWeapons,,CWP-8 754,MrClock,Inherited locally from JLTS_clone_comlink
TAEJLTSCompat\config.cpp,6927,JLTS_clone_comlink_755,JLTS_clone_comlink,CfgWeapons,,CWP-8 755,MrClock,Inherited locally from JLTS_clone_comlink
TAEJLTSCompat\config.cpp,6936,JLTS_clone_comlink_756,JLTS_clone_comlink,CfgWeapons,,CWP-8 756,MrClock,Inherited locally from JLTS_clone_comlink
TAEJLTSCompat\config.cpp,6945,JLTS_clone_comlink_757,JLTS_clone_comlink,CfgWeapons,,CWP-8 757,MrClock,Inherited locally from JLTS_clone_comlink
TAEJLTSCompat\config.cpp,6954,JLTS_clone_comlink_758,JLTS_clone_comlink,CfgWeapons,,CWP-8 758,MrClock,Inherited locally from JLTS_clone_comlink
TAEJLTSCompat\config.cpp,6963,JLTS_clone_comlink_759,JLTS_clone_comlink,CfgWeapons,,CWP-8 759,MrClock,Inherited locally from JLTS_clone_comlink
TAEJLTSCompat\config.cpp,6972,JLTS_clone_comlink_760,JLTS_clone_comlink,CfgWeapons,,CWP-8 760,MrClock,Inherited locally from JLTS_clone_comlink
TAEJLTSCompat\config.cpp,6981,JLTS_clone_comlink_761,JLTS_clone_comlink,CfgWeapons,,CWP-8 761,MrClock,Inherited locally from JLTS_clone_comlink
TAEJLTSCompat\config.cpp,6990,JLTS_clone_comlink_762,JLTS_clone_comlink,CfgWeapons,,CWP-8 762,MrClock,Inherited locally from JLTS_clone_comlink
TAEJLTSCompat\config.cpp,6999,JLTS_clone_comlink_763,JLTS_clone_comlink,CfgWeapons,,CWP-8 763,MrClock,Inherited locally from JLTS_clone_comlink
TAEJLTSCompat\config.cpp,7008,JLTS_clone_comlink_764,JLTS_clone_comlink,CfgWeapons,,CWP-8 764,MrClock,Inherited locally from JLTS_clone_comlink
TAEJLTSCompat\config.cpp,7017,JLTS_clone_comlink_765,JLTS_clone_comlink,CfgWeapons,,CWP-8 765,MrClock,Inherited locally from JLTS_clone_comlink
TAEJLTSCompat\config.cpp,7026,JLTS_clone_comlink_766,JLTS_clone_comlink,CfgWeapons,,CWP-8 766,MrClock,Inherited locally from JLTS_clone_comlink
TAEJLTSCompat\config.cpp,7035,JLTS_clone_comlink_767,JLTS_clone_comlink,CfgWeapons,,CWP-8 767,MrClock,Inherited locally from JLTS_clone_comlink
TAEJLTSCompat\config.cpp,7044,JLTS_clone_comlink_768,JLTS_clone_comlink,CfgWeapons,,CWP-8 768,MrClock,Inherited locally from JLTS_clone_comlink
TAEJLTSCompat\config.cpp,7053,JLTS_clone_comlink_769,JLTS_clone_comlink,CfgWeapons,,CWP-8 769,MrClock,Inherited locally from JLTS_clone_comlink
TAEJLTSCompat\config.cpp,7062,JLTS_clone_comlink_770,JLTS_clone_comlink,CfgWeapons,,CWP-8 770,MrClock,Inherited locally from JLTS_clone_comlink
TAEJLTSCompat\config.cpp,7071,JLTS_clone_comlink_771,JLTS_clone_comlink,CfgWeapons,,CWP-8 771,MrClock,Inherited locally from JLTS_clone_comlink
TAEJLTSCompat\config.cpp,7080,JLTS_clone_comlink_772,JLTS_clone_comlink,CfgWeapons,,CWP-8 772,MrClock,Inherited locally from JLTS_clone_comlink
TAEJLTSCompat\config.cpp,7089,JLTS_clone_comlink_773,JLTS_clone_comlink,CfgWeapons,,CWP-8 773,MrClock,Inherited locally from JLTS_clone_comlink
TAEJLTSCompat\config.cpp,7098,JLTS_clone_comlink_774,JLTS_clone_comlink,CfgWeapons,,CWP-8 774,MrClock,Inherited locally from JLTS_clone_comlink
TAEJLTSCompat\config.cpp,7107,JLTS_clone_comlink_775,JLTS_clone_comlink,CfgWeapons,,CWP-8 775,MrClock,Inherited locally from JLTS_clone_comlink
TAEJLTSCompat\config.cpp,7116,JLTS_clone_comlink_776,JLTS_clone_comlink,CfgWeapons,,CWP-8 776,MrClock,Inherited locally from JLTS_clone_comlink
TAEJLTSCompat\config.cpp,7125,JLTS_clone_comlink_777,JLTS_clone_comlink,CfgWeapons,,CWP-8 777,MrClock,Inherited locally from JLTS_clone_comlink
TAEJLTSCompat\config.cpp,7134,JLTS_clone_comlink_778,JLTS_clone_comlink,CfgWeapons,,CWP-8 778,MrClock,Inherited locally from JLTS_clone_comlink
TAEJLTSCompat\config.cpp,7143,JLTS_clone_comlink_779,JLTS_clone_comlink,CfgWeapons,,CWP-8 779,MrClock,Inherited locally from JLTS_clone_comlink
TAEJLTSCompat\config.cpp,7152,JLTS_clone_comlink_780,JLTS_clone_comlink,CfgWeapons,,CWP-8 780,MrClock,Inherited locally from JLTS_clone_comlink
TAEJLTSCompat\config.cpp,7161,JLTS_clone_comlink_781,JLTS_clone_comlink,CfgWeapons,,CWP-8 781,MrClock,Inherited locally from JLTS_clone_comlink
TAEJLTSCompat\config.cpp,7170,JLTS_clone_comlink_782,JLTS_clone_comlink,CfgWeapons,,CWP-8 782,MrClock,Inherited locally from JLTS_clone_comlink
TAEJLTSCompat\config.cpp,7179,JLTS_clone_comlink_783,JLTS_clone_comlink,CfgWeapons,,CWP-8 783,MrClock,Inherited locally from JLTS_clone_comlink
TAEJLTSCompat\config.cpp,7188,JLTS_clone_comlink_784,JLTS_clone_comlink,CfgWeapons,,CWP-8 784,MrClock,Inherited locally from JLTS_clone_comlink
TAEJLTSCompat\config.cpp,7197,JLTS_clone_comlink_785,JLTS_clone_comlink,CfgWeapons,,CWP-8 785,MrClock,Inherited locally from JLTS_clone_comlink
TAEJLTSCompat\config.cpp,7206,JLTS_clone_comlink_786,JLTS_clone_comlink,CfgWeapons,,CWP-8 786,MrClock,Inherited locally from JLTS_clone_comlink
TAEJLTSCompat\config.cpp,7215,JLTS_clone_comlink_787,JLTS_clone_comlink,CfgWeapons,,CWP-8 787,MrClock,Inherited locally from JLTS_clone_comlink
TAEJLTSCompat\config.cpp,7224,JLTS_clone_comlink_788,JLTS_clone_comlink,CfgWeapons,,CWP-8 788,MrClock,Inherited locally from JLTS_clone_comlink
TAEJLTSCompat\config.cpp,7233,JLTS_clone_comlink_789,JLTS_clone_comlink,CfgWeapons,,CWP-8 789,MrClock,Inherited locally from JLTS_clone_comlink
TAEJLTSCompat\config.cpp,7242,JLTS_clone_comlink_790,JLTS_clone_comlink,CfgWeapons,,CWP-8 790,MrClock,Inherited locally from JLTS_clone_comlink
TAEJLTSCompat\config.cpp,7251,JLTS_clone_comlink_791,JLTS_clone_comlink,CfgWeapons,,CWP-8 791,MrClock,Inherited locally from JLTS_clone_comlink
TAEJLTSCompat\config.cpp,7260,JLTS_clone_comlink_792,JLTS_clone_comlink,CfgWeapons,,CWP-8 792,MrClock,Inherited locally from JLTS_clone_comlink
TAEJLTSCompat\config.cpp,7269,JLTS_clone_comlink_793,JLTS_clone_comlink,CfgWeapons,,CWP-8 793,MrClock,Inherited locally from JLTS_clone_comlink
TAEJLTSCompat\config.cpp,7278,JLTS_clone_comlink_794,JLTS_clone_comlink,CfgWeapons,,CWP-8 794,MrClock,Inherited locally from JLTS_clone_comlink
TAEJLTSCompat\config.cpp,7287,JLTS_clone_comlink_795,JLTS_clone_comlink,CfgWeapons,,CWP-8 795,MrClock,Inherited locally from JLTS_clone_comlink
TAEJLTSCompat\config.cpp,7296,JLTS_clone_comlink_796,JLTS_clone_comlink,CfgWeapons,,CWP-8 796,MrClock,Inherited locally from JLTS_clone_comlink
TAEJLTSCompat\config.cpp,7305,JLTS_clone_comlink_797,JLTS_clone_comlink,CfgWeapons,,CWP-8 797,MrClock,Inherited locally from JLTS_clone_comlink
TAEJLTSCompat\config.cpp,7314,JLTS_clone_comlink_798,JLTS_clone_comlink,CfgWeapons,,CWP-8 798,MrClock,Inherited locally from JLTS_clone_comlink
TAEJLTSCompat\config.cpp,7323,JLTS_clone_comlink_799,JLTS_clone_comlink,CfgWeapons,,CWP-8 799,MrClock,Inherited locally from JLTS_clone_comlink
TAEJLTSCompat\config.cpp,7332,JLTS_clone_comlink_800,JLTS_clone_comlink,CfgWeapons,,CWP-8 800,MrClock,Inherited locally from JLTS_clone_comlink
TAEJLTSCompat\config.cpp,7341,JLTS_clone_comlink_801,JLTS_clone_comlink,CfgWeapons,,CWP-8 801,MrClock,Inherited locally from JLTS_clone_comlink
TAEJLTSCompat\config.cpp,7350,JLTS_clone_comlink_802,JLTS_clone_comlink,CfgWeapons,,CWP-8 802,MrClock,Inherited locally from JLTS_clone_comlink
TAEJLTSCompat\config.cpp,7359,JLTS_clone_comlink_803,JLTS_clone_comlink,CfgWeapons,,CWP-8 803,MrClock,Inherited locally from JLTS_clone_comlink
TAEJLTSCompat\config.cpp,7368,JLTS_clone_comlink_804,JLTS_clone_comlink,CfgWeapons,,CWP-8 804,MrClock,Inherited locally from JLTS_clone_comlink
TAEJLTSCompat\config.cpp,7377,JLTS_clone_comlink_805,JLTS_clone_comlink,CfgWeapons,,CWP-8 805,MrClock,Inherited locally from JLTS_clone_comlink
TAEJLTSCompat\config.cpp,7386,JLTS_clone_comlink_806,JLTS_clone_comlink,CfgWeapons,,CWP-8 806,MrClock,Inherited locally from JLTS_clone_comlink
TAEJLTSCompat\config.cpp,7395,JLTS_clone_comlink_807,JLTS_clone_comlink,CfgWeapons,,CWP-8 807,MrClock,Inherited locally from JLTS_clone_comlink
TAEJLTSCompat\config.cpp,7404,JLTS_clone_comlink_808,JLTS_clone_comlink,CfgWeapons,,CWP-8 808,MrClock,Inherited locally from JLTS_clone_comlink
TAEJLTSCompat\config.cpp,7413,JLTS_clone_comlink_809,JLTS_clone_comlink,CfgWeapons,,CWP-8 809,MrClock,Inherited locally from JLTS_clone_comlink
TAEJLTSCompat\config.cpp,7422,JLTS_clone_comlink_810,JLTS_clone_comlink,CfgWeapons,,CWP-8 810,MrClock,Inherited locally from JLTS_clone_comlink
TAEJLTSCompat\config.cpp,7431,JLTS_clone_comlink_811,JLTS_clone_comlink,CfgWeapons,,CWP-8 811,MrClock,Inherited locally from JLTS_clone_comlink
TAEJLTSCompat\config.cpp,7440,JLTS_clone_comlink_812,JLTS_clone_comlink,CfgWeapons,,CWP-8 812,MrClock,Inherited locally from JLTS_clone_comlink
TAEJLTSCompat\config.cpp,7449,JLTS_clone_comlink_813,JLTS_clone_comlink,CfgWeapons,,CWP-8 813,MrClock,Inherited locally from JLTS_clone_comlink
TAEJLTSCompat\config.cpp,7458,JLTS_clone_comlink_814,JLTS_clone_comlink,CfgWeapons,,CWP-8 814,MrClock,Inherited locally from JLTS_clone_comlink
TAEJLTSCompat\config.cpp,7467,JLTS_clone_comlink_815,JLTS_clone_comlink,CfgWeapons,,CWP-8 815,MrClock,Inherited locally from JLTS_clone_comlink
TAEJLTSCompat\config.cpp,7476,JLTS_clone_comlink_816,JLTS_clone_comlink,CfgWeapons,,CWP-8 816,MrClock,Inherited locally from JLTS_clone_comlink
TAEJLTSCompat\config.cpp,7485,JLTS_clone_comlink_817,JLTS_clone_comlink,CfgWeapons,,CWP-8 817,MrClock,Inherited locally from JLTS_clone_comlink
TAEJLTSCompat\config.cpp,7494,JLTS_clone_comlink_818,JLTS_clone_comlink,CfgWeapons,,CWP-8 818,MrClock,Inherited locally from JLTS_clone_comlink
TAEJLTSCompat\config.cpp,7503,JLTS_clone_comlink_819,JLTS_clone_comlink,CfgWeapons,,CWP-8 819,MrClock,Inherited locally from JLTS_clone_comlink
TAEJLTSCompat\config.cpp,7512,JLTS_clone_comlink_820,JLTS_clone_comlink,CfgWeapons,,CWP-8 820,MrClock,Inherited locally from JLTS_clone_comlink
TAEJLTSCompat\config.cpp,7521,JLTS_clone_comlink_821,JLTS_clone_comlink,CfgWeapons,,CWP-8 821,MrClock,Inherited locally from JLTS_clone_comlink
TAEJLTSCompat\config.cpp,7530,JLTS_clone_comlink_822,JLTS_clone_comlink,CfgWeapons,,CWP-8 822,MrClock,Inherited locally from JLTS_clone_comlink
TAEJLTSCompat\config.cpp,7539,JLTS_clone_comlink_823,JLTS_clone_comlink,CfgWeapons,,CWP-8 823,MrClock,Inherited locally from JLTS_clone_comlink
TAEJLTSCompat\config.cpp,7548,JLTS_clone_comlink_824,JLTS_clone_comlink,CfgWeapons,,CWP-8 824,MrClock,Inherited locally from JLTS_clone_comlink
TAEJLTSCompat\config.cpp,7557,JLTS_clone_comlink_825,JLTS_clone_comlink,CfgWeapons,,CWP-8 825,MrClock,Inherited locally from JLTS_clone_comlink
TAEJLTSCompat\config.cpp,7566,JLTS_clone_comlink_826,JLTS_clone_comlink,CfgWeapons,,CWP-8 826,MrClock,Inherited locally from JLTS_clone_comlink
TAEJLTSCompat\config.cpp,7575,JLTS_clone_comlink_827,JLTS_clone_comlink,CfgWeapons,,CWP-8 827,MrClock,Inherited locally from JLTS_clone_comlink
TAEJLTSCompat\config.cpp,7584,JLTS_clone_comlink_828,JLTS_clone_comlink,CfgWeapons,,CWP-8 828,MrClock,Inherited locally from JLTS_clone_comlink
TAEJLTSCompat\config.cpp,7593,JLTS_clone_comlink_829,JLTS_clone_comlink,CfgWeapons,,CWP-8 829,MrClock,Inherited locally from JLTS_clone_comlink
TAEJLTSCompat\config.cpp,7602,JLTS_clone_comlink_830,JLTS_clone_comlink,CfgWeapons,,CWP-8 830,MrClock,Inherited locally from JLTS_clone_comlink
TAEJLTSCompat\config.cpp,7611,JLTS_clone_comlink_831,JLTS_clone_comlink,CfgWeapons,,CWP-8 831,MrClock,Inherited locally from JLTS_clone_comlink
TAEJLTSCompat\config.cpp,7620,JLTS_clone_comlink_832,JLTS_clone_comlink,CfgWeapons,,CWP-8 832,MrClock,Inherited locally from JLTS_clone_comlink
TAEJLTSCompat\config.cpp,7629,JLTS_clone_comlink_833,JLTS_clone_comlink,CfgWeapons,,CWP-8 833,MrClock,Inherited locally from JLTS_clone_comlink
TAEJLTSCompat\config.cpp,7638,JLTS_clone_comlink_834,JLTS_clone_comlink,CfgWeapons,,CWP-8 834,MrClock,Inherited locally from JLTS_clone_comlink
TAEJLTSCompat\config.cpp,7647,JLTS_clone_comlink_835,JLTS_clone_comlink,CfgWeapons,,CWP-8 835,MrClock,Inherited locally from JLTS_clone_comlink
TAEJLTSCompat\config.cpp,7656,JLTS_clone_comlink_836,JLTS_clone_comlink,CfgWeapons,,CWP-8 836,MrClock,Inherited locally from JLTS_clone_comlink
TAEJLTSCompat\config.cpp,7665,JLTS_clone_comlink_837,JLTS_clone_comlink,CfgWeapons,,CWP-8 837,MrClock,Inherited locally from JLTS_clone_comlink
TAEJLTSCompat\config.cpp,7674,JLTS_clone_comlink_838,JLTS_clone_comlink,CfgWeapons,,CWP-8 838,MrClock,Inherited locally from JLTS_clone_comlink
TAEJLTSCompat\config.cpp,7683,JLTS_clone_comlink_839,JLTS_clone_comlink,CfgWeapons,,CWP-8 839,MrClock,Inherited locally from JLTS_clone_comlink
TAEJLTSCompat\config.cpp,7692,JLTS_clone_comlink_840,JLTS_clone_comlink,CfgWeapons,,CWP-8 840,MrClock,Inherited locally from JLTS_clone_comlink
TAEJLTSCompat\config.cpp,7701,JLTS_clone_comlink_841,JLTS_clone_comlink,CfgWeapons,,CWP-8 841,MrClock,Inherited locally from JLTS_clone_comlink
TAEJLTSCompat\config.cpp,7710,JLTS_clone_comlink_842,JLTS_clone_comlink,CfgWeapons,,CWP-8 842,MrClock,Inherited locally from JLTS_clone_comlink
TAEJLTSCompat\config.cpp,7719,JLTS_clone_comlink_843,JLTS_clone_comlink,CfgWeapons,,CWP-8 843,MrClock,Inherited locally from JLTS_clone_comlink
TAEJLTSCompat\config.cpp,7728,JLTS_clone_comlink_844,JLTS_clone_comlink,CfgWeapons,,CWP-8 844,MrClock,Inherited locally from JLTS_clone_comlink
TAEJLTSCompat\config.cpp,7737,JLTS_clone_comlink_845,JLTS_clone_comlink,CfgWeapons,,CWP-8 845,MrClock,Inherited locally from JLTS_clone_comlink
TAEJLTSCompat\config.cpp,7746,JLTS_clone_comlink_846,JLTS_clone_comlink,CfgWeapons,,CWP-8 846,MrClock,Inherited locally from JLTS_clone_comlink
TAEJLTSCompat\config.cpp,7755,JLTS_clone_comlink_847,JLTS_clone_comlink,CfgWeapons,,CWP-8 847,MrClock,Inherited locally from JLTS_clone_comlink
TAEJLTSCompat\config.cpp,7764,JLTS_clone_comlink_848,JLTS_clone_comlink,CfgWeapons,,CWP-8 848,MrClock,Inherited locally from JLTS_clone_comlink
TAEJLTSCompat\config.cpp,7773,JLTS_clone_comlink_849,JLTS_clone_comlink,CfgWeapons,,CWP-8 849,MrClock,Inherited locally from JLTS_clone_comlink
TAEJLTSCompat\config.cpp,7782,JLTS_clone_comlink_850,JLTS_clone_comlink,CfgWeapons,,CWP-8 850,MrClock,Inherited locally from JLTS_clone_comlink
TAEJLTSCompat\config.cpp,7791,JLTS_clone_comlink_851,JLTS_clone_comlink,CfgWeapons,,CWP-8 851,MrClock,Inherited locally from JLTS_clone_comlink
TAEJLTSCompat\config.cpp,7800,JLTS_clone_comlink_852,JLTS_clone_comlink,CfgWeapons,,CWP-8 852,MrClock,Inherited locally from JLTS_clone_comlink
TAEJLTSCompat\config.cpp,7809,JLTS_clone_comlink_853,JLTS_clone_comlink,CfgWeapons,,CWP-8 853,MrClock,Inherited locally from JLTS_clone_comlink
TAEJLTSCompat\config.cpp,7818,JLTS_clone_comlink_854,JLTS_clone_comlink,CfgWeapons,,CWP-8 854,MrClock,Inherited locally from JLTS_clone_comlink
TAEJLTSCompat\config.cpp,7827,JLTS_clone_comlink_855,JLTS_clone_comlink,CfgWeapons,,CWP-8 855,MrClock,Inherited locally from JLTS_clone_comlink
TAEJLTSCompat\config.cpp,7836,JLTS_clone_comlink_856,JLTS_clone_comlink,CfgWeapons,,CWP-8 856,MrClock,Inherited locally from JLTS_clone_comlink
TAEJLTSCompat\config.cpp,7845,JLTS_clone_comlink_857,JLTS_clone_comlink,CfgWeapons,,CWP-8 857,MrClock,Inherited locally from JLTS_clone_comlink
TAEJLTSCompat\config.cpp,7854,JLTS_clone_comlink_858,JLTS_clone_comlink,CfgWeapons,,CWP-8 858,MrClock,Inherited locally from JLTS_clone_comlink
TAEJLTSCompat\config.cpp,7863,JLTS_clone_comlink_859,JLTS_clone_comlink,CfgWeapons,,CWP-8 859,MrClock,Inherited locally from JLTS_clone_comlink
TAEJLTSCompat\config.cpp,7872,JLTS_clone_comlink_860,JLTS_clone_comlink,CfgWeapons,,CWP-8 860,MrClock,Inherited locally from JLTS_clone_comlink
TAEJLTSCompat\config.cpp,7881,JLTS_clone_comlink_861,JLTS_clone_comlink,CfgWeapons,,CWP-8 861,MrClock,Inherited locally from JLTS_clone_comlink
TAEJLTSCompat\config.cpp,7890,JLTS_clone_comlink_862,JLTS_clone_comlink,CfgWeapons,,CWP-8 862,MrClock,Inherited locally from JLTS_clone_comlink
TAEJLTSCompat\config.cpp,7899,JLTS_clone_comlink_863,JLTS_clone_comlink,CfgWeapons,,CWP-8 863,MrClock,Inherited locally from JLTS_clone_comlink
TAEJLTSCompat\config.cpp,7908,JLTS_clone_comlink_864,JLTS_clone_comlink,CfgWeapons,,CWP-8 864,MrClock,Inherited locally from JLTS_clone_comlink
TAEJLTSCompat\config.cpp,7917,JLTS_clone_comlink_865,JLTS_clone_comlink,CfgWeapons,,CWP-8 865,MrClock,Inherited locally from JLTS_clone_comlink
TAEJLTSCompat\config.cpp,7926,JLTS_clone_comlink_866,JLTS_clone_comlink,CfgWeapons,,CWP-8 866,MrClock,Inherited locally from JLTS_clone_comlink
TAEJLTSCompat\config.cpp,7935,JLTS_clone_comlink_867,JLTS_clone_comlink,CfgWeapons,,CWP-8 867,MrClock,Inherited locally from JLTS_clone_comlink
TAEJLTSCompat\config.cpp,7944,JLTS_clone_comlink_868,JLTS_clone_comlink,CfgWeapons,,CWP-8 868,MrClock,Inherited locally from JLTS_clone_comlink
TAEJLTSCompat\config.cpp,7953,JLTS_clone_comlink_869,JLTS_clone_comlink,CfgWeapons,,CWP-8 869,MrClock,Inherited locally from JLTS_clone_comlink
TAEJLTSCompat\config.cpp,7962,JLTS_clone_comlink_870,JLTS_clone_comlink,CfgWeapons,,CWP-8 870,MrClock,Inherited locally from JLTS_clone_comlink
TAEJLTSCompat\config.cpp,7971,JLTS_clone_comlink_871,JLTS_clone_comlink,CfgWeapons,,CWP-8 871,MrClock,Inherited locally from JLTS_clone_comlink
TAEJLTSCompat\config.cpp,7980,JLTS_clone_comlink_872,JLTS_clone_comlink,CfgWeapons,,CWP-8 872,MrClock,Inherited locally from JLTS_clone_comlink
TAEJLTSCompat\config.cpp,7989,JLTS_clone_comlink_873,JLTS_clone_comlink,CfgWeapons,,CWP-8 873,MrClock,Inherited locally from JLTS_clone_comlink
TAEJLTSCompat\config.cpp,7998,JLTS_clone_comlink_874,JLTS_clone_comlink,CfgWeapons,,CWP-8 874,MrClock,Inherited locally from JLTS_clone_comlink
TAEJLTSCompat\config.cpp,8007,JLTS_clone_comlink_875,JLTS_clone_comlink,CfgWeapons,,CWP-8 875,MrClock,Inherited locally from JLTS_clone_comlink
TAEJLTSCompat\config.cpp,8016,JLTS_clone_comlink_876,JLTS_clone_comlink,CfgWeapons,,CWP-8 876,MrClock,Inherited locally from JLTS_clone_comlink
TAEJLTSCompat\config.cpp,8025,JLTS_clone_comlink_877,JLTS_clone_comlink,CfgWeapons,,CWP-8 877,MrClock,Inherited locally from JLTS_clone_comlink
TAEJLTSCompat\config.cpp,8034,JLTS_clone_comlink_878,JLTS_clone_comlink,CfgWeapons,,CWP-8 878,MrClock,Inherited locally from JLTS_clone_comlink
TAEJLTSCompat\config.cpp,8043,JLTS_clone_comlink_879,JLTS_clone_comlink,CfgWeapons,,CWP-8 879,MrClock,Inherited locally from JLTS_clone_comlink
TAEJLTSCompat\config.cpp,8052,JLTS_clone_comlink_880,JLTS_clone_comlink,CfgWeapons,,CWP-8 880,MrClock,Inherited locally from JLTS_clone_comlink
TAEJLTSCompat\config.cpp,8061,JLTS_clone_comlink_881,JLTS_clone_comlink,CfgWeapons,,CWP-8 881,MrClock,Inherited locally from JLTS_clone_comlink
TAEJLTSCompat\config.cpp,8070,JLTS_clone_comlink_882,JLTS_clone_comlink,CfgWeapons,,CWP-8 882,MrClock,Inherited locally from JLTS_clone_comlink
TAEJLTSCompat\config.cpp,8079,JLTS_clone_comlink_883,JLTS_clone_comlink,CfgWeapons,,CWP-8 883,MrClock,Inherited locally from JLTS_clone_comlink
TAEJLTSCompat\config.cpp,8088,JLTS_clone_comlink_884,JLTS_clone_comlink,CfgWeapons,,CWP-8 884,MrClock,Inherited locally from JLTS_clone_comlink
TAEJLTSCompat\config.cpp,8097,JLTS_clone_comlink_885,JLTS_clone_comlink,CfgWeapons,,CWP-8 885,MrClock,Inherited locally from JLTS_clone_comlink
TAEJLTSCompat\config.cpp,8106,JLTS_clone_comlink_886,JLTS_clone_comlink,CfgWeapons,,CWP-8 886,MrClock,Inherited locally from JLTS_clone_comlink
TAEJLTSCompat\config.cpp,8115,JLTS_clone_comlink_887,JLTS_clone_comlink,CfgWeapons,,CWP-8 887,MrClock,Inherited locally from JLTS_clone_comlink
TAEJLTSCompat\config.cpp,8124,JLTS_clone_comlink_888,JLTS_clone_comlink,CfgWeapons,,CWP-8 888,MrClock,Inherited locally from JLTS_clone_comlink
TAEJLTSCompat\config.cpp,8133,JLTS_clone_comlink_889,JLTS_clone_comlink,CfgWeapons,,CWP-8 889,MrClock,Inherited locally from JLTS_clone_comlink
TAEJLTSCompat\config.cpp,8142,JLTS_clone_comlink_890,JLTS_clone_comlink,CfgWeapons,,CWP-8 890,MrClock,Inherited locally from JLTS_clone_comlink
TAEJLTSCompat\config.cpp,8151,JLTS_clone_comlink_891,JLTS_clone_comlink,CfgWeapons,,CWP-8 891,MrClock,Inherited locally from JLTS_clone_comlink
TAEJLTSCompat\config.cpp,8160,JLTS_clone_comlink_892,JLTS_clone_comlink,CfgWeapons,,CWP-8 892,MrClock,Inherited locally from JLTS_clone_comlink
TAEJLTSCompat\config.cpp,8169,JLTS_clone_comlink_893,JLTS_clone_comlink,CfgWeapons,,CWP-8 893,MrClock,Inherited locally from JLTS_clone_comlink
TAEJLTSCompat\config.cpp,8178,JLTS_clone_comlink_894,JLTS_clone_comlink,CfgWeapons,,CWP-8 894,MrClock,Inherited locally from JLTS_clone_comlink
TAEJLTSCompat\config.cpp,8187,JLTS_clone_comlink_895,JLTS_clone_comlink,CfgWeapons,,CWP-8 895,MrClock,Inherited locally from JLTS_clone_comlink
TAEJLTSCompat\config.cpp,8196,JLTS_clone_comlink_896,JLTS_clone_comlink,CfgWeapons,,CWP-8 896,MrClock,Inherited locally from JLTS_clone_comlink
TAEJLTSCompat\config.cpp,8205,JLTS_clone_comlink_897,JLTS_clone_comlink,CfgWeapons,,CWP-8 897,MrClock,Inherited locally from JLTS_clone_comlink
TAEJLTSCompat\config.cpp,8214,JLTS_clone_comlink_898,JLTS_clone_comlink,CfgWeapons,,CWP-8 898,MrClock,Inherited locally from JLTS_clone_comlink
TAEJLTSCompat\config.cpp,8223,JLTS_clone_comlink_899,JLTS_clone_comlink,CfgWeapons,,CWP-8 899,MrClock,Inherited locally from JLTS_clone_comlink
TAEJLTSCompat\config.cpp,8232,JLTS_clone_comlink_900,JLTS_clone_comlink,CfgWeapons,,CWP-8 900,MrClock,Inherited locally from JLTS_clone_comlink
TAEJLTSCompat\config.cpp,8241,JLTS_clone_comlink_901,JLTS_clone_comlink,CfgWeapons,,CWP-8 901,MrClock,Inherited locally from JLTS_clone_comlink
TAEJLTSCompat\config.cpp,8250,JLTS_clone_comlink_902,JLTS_clone_comlink,CfgWeapons,,CWP-8 902,MrClock,Inherited locally from JLTS_clone_comlink
TAEJLTSCompat\config.cpp,8259,JLTS_clone_comlink_903,JLTS_clone_comlink,CfgWeapons,,CWP-8 903,MrClock,Inherited locally from JLTS_clone_comlink
TAEJLTSCompat\config.cpp,8268,JLTS_clone_comlink_904,JLTS_clone_comlink,CfgWeapons,,CWP-8 904,MrClock,Inherited locally from JLTS_clone_comlink
TAEJLTSCompat\config.cpp,8277,JLTS_clone_comlink_905,JLTS_clone_comlink,CfgWeapons,,CWP-8 905,MrClock,Inherited locally from JLTS_clone_comlink
TAEJLTSCompat\config.cpp,8286,JLTS_clone_comlink_906,JLTS_clone_comlink,CfgWeapons,,CWP-8 906,MrClock,Inherited locally from JLTS_clone_comlink
TAEJLTSCompat\config.cpp,8295,JLTS_clone_comlink_907,JLTS_clone_comlink,CfgWeapons,,CWP-8 907,MrClock,Inherited locally from JLTS_clone_comlink
TAEJLTSCompat\config.cpp,8304,JLTS_clone_comlink_908,JLTS_clone_comlink,CfgWeapons,,CWP-8 908,MrClock,Inherited locally from JLTS_clone_comlink
TAEJLTSCompat\config.cpp,8313,JLTS_clone_comlink_909,JLTS_clone_comlink,CfgWeapons,,CWP-8 909,MrClock,Inherited locally from JLTS_clone_comlink
TAEJLTSCompat\config.cpp,8322,JLTS_clone_comlink_910,JLTS_clone_comlink,CfgWeapons,,CWP-8 910,MrClock,Inherited locally from JLTS_clone_comlink
TAEJLTSCompat\config.cpp,8331,JLTS_clone_comlink_911,JLTS_clone_comlink,CfgWeapons,,CWP-8 911,MrClock,Inherited locally from JLTS_clone_comlink
TAEJLTSCompat\config.cpp,8340,JLTS_clone_comlink_912,JLTS_clone_comlink,CfgWeapons,,CWP-8 912,MrClock,Inherited locally from JLTS_clone_comlink
TAEJLTSCompat\config.cpp,8349,JLTS_clone_comlink_913,JLTS_clone_comlink,CfgWeapons,,CWP-8 913,MrClock,Inherited locally from JLTS_clone_comlink
TAEJLTSCompat\config.cpp,8358,JLTS_clone_comlink_914,JLTS_clone_comlink,CfgWeapons,,CWP-8 914,MrClock,Inherited locally from JLTS_clone_comlink
TAEJLTSCompat\config.cpp,8367,JLTS_clone_comlink_915,JLTS_clone_comlink,CfgWeapons,,CWP-8 915,MrClock,Inherited locally from JLTS_clone_comlink
TAEJLTSCompat\config.cpp,8376,JLTS_clone_comlink_916,JLTS_clone_comlink,CfgWeapons,,CWP-8 916,MrClock,Inherited locally from JLTS_clone_comlink
TAEJLTSCompat\config.cpp,8385,JLTS_clone_comlink_917,JLTS_clone_comlink,CfgWeapons,,CWP-8 917,MrClock,Inherited locally from JLTS_clone_comlink
TAEJLTSCompat\config.cpp,8394,JLTS_clone_comlink_918,JLTS_clone_comlink,CfgWeapons,,CWP-8 918,MrClock,Inherited locally from JLTS_clone_comlink
TAEJLTSCompat\config.cpp,8403,JLTS_clone_comlink_919,JLTS_clone_comlink,CfgWeapons,,CWP-8 919,MrClock,Inherited locally from JLTS_clone_comlink
TAEJLTSCompat\config.cpp,8412,JLTS_clone_comlink_920,JLTS_clone_comlink,CfgWeapons,,CWP-8 920,MrClock,Inherited locally from JLTS_clone_comlink
TAEJLTSCompat\config.cpp,8421,JLTS_clone_comlink_921,JLTS_clone_comlink,CfgWeapons,,CWP-8 921,MrClock,Inherited locally from JLTS_clone_comlink
TAEJLTSCompat\config.cpp,8430,JLTS_clone_comlink_922,JLTS_clone_comlink,CfgWeapons,,CWP-8 922,MrClock,Inherited locally from JLTS_clone_comlink
TAEJLTSCompat\config.cpp,8439,JLTS_clone_comlink_923,JLTS_clone_comlink,CfgWeapons,,CWP-8 923,MrClock,Inherited locally from JLTS_clone_comlink
TAEJLTSCompat\config.cpp,8448,JLTS_clone_comlink_924,JLTS_clone_comlink,CfgWeapons,,CWP-8 924,MrClock,Inherited locally from JLTS_clone_comlink
TAEJLTSCompat\config.cpp,8457,JLTS_clone_comlink_925,JLTS_clone_comlink,CfgWeapons,,CWP-8 925,MrClock,Inherited locally from JLTS_clone_comlink
TAEJLTSCompat\config.cpp,8466,JLTS_clone_comlink_926,JLTS_clone_comlink,CfgWeapons,,CWP-8 926,MrClock,Inherited locally from JLTS_clone_comlink
TAEJLTSCompat\config.cpp,8475,JLTS_clone_comlink_927,JLTS_clone_comlink,CfgWeapons,,CWP-8 927,MrClock,Inherited locally from JLTS_clone_comlink
TAEJLTSCompat\config.cpp,8484,JLTS_clone_comlink_928,JLTS_clone_comlink,CfgWeapons,,CWP-8 928,MrClock,Inherited locally from JLTS_clone_comlink
TAEJLTSCompat\config.cpp,8493,JLTS_clone_comlink_929,JLTS_clone_comlink,CfgWeapons,,CWP-8 929,MrClock,Inherited locally from JLTS_clone_comlink
TAEJLTSCompat\config.cpp,8502,JLTS_clone_comlink_930,JLTS_clone_comlink,CfgWeapons,,CWP-8 930,MrClock,Inherited locally from JLTS_clone_comlink
TAEJLTSCompat\config.cpp,8511,JLTS_clone_comlink_931,JLTS_clone_comlink,CfgWeapons,,CWP-8 931,MrClock,Inherited locally from JLTS_clone_comlink
TAEJLTSCompat\config.cpp,8520,JLTS_clone_comlink_932,JLTS_clone_comlink,CfgWeapons,,CWP-8 932,MrClock,Inherited locally from JLTS_clone_comlink
TAEJLTSCompat\config.cpp,8529,JLTS_clone_comlink_933,JLTS_clone_comlink,CfgWeapons,,CWP-8 933,MrClock,Inherited locally from JLTS_clone_comlink
TAEJLTSCompat\config.cpp,8538,JLTS_clone_comlink_934,JLTS_clone_comlink,CfgWeapons,,CWP-8 934,MrClock,Inherited locally from JLTS_clone_comlink
TAEJLTSCompat\config.cpp,8547,JLTS_clone_comlink_935,JLTS_clone_comlink,CfgWeapons,,CWP-8 935,MrClock,Inherited locally from JLTS_clone_comlink
TAEJLTSCompat\config.cpp,8556,JLTS_clone_comlink_936,JLTS_clone_comlink,CfgWeapons,,CWP-8 936,MrClock,Inherited locally from JLTS_clone_comlink
TAEJLTSCompat\config.cpp,8565,JLTS_clone_comlink_937,JLTS_clone_comlink,CfgWeapons,,CWP-8 937,MrClock,Inherited locally from JLTS_clone_comlink
TAEJLTSCompat\config.cpp,8574,JLTS_clone_comlink_938,JLTS_clone_comlink,CfgWeapons,,CWP-8 938,MrClock,Inherited locally from JLTS_clone_comlink
TAEJLTSCompat\config.cpp,8583,JLTS_clone_comlink_939,JLTS_clone_comlink,CfgWeapons,,CWP-8 939,MrClock,Inherited locally from JLTS_clone_comlink
TAEJLTSCompat\config.cpp,8592,JLTS_clone_comlink_940,JLTS_clone_comlink,CfgWeapons,,CWP-8 940,MrClock,Inherited locally from JLTS_clone_comlink
TAEJLTSCompat\config.cpp,8601,JLTS_clone_comlink_941,JLTS_clone_comlink,CfgWeapons,,CWP-8 941,MrClock,Inherited locally from JLTS_clone_comlink
TAEJLTSCompat\config.cpp,8610,JLTS_clone_comlink_942,JLTS_clone_comlink,CfgWeapons,,CWP-8 942,MrClock,Inherited locally from JLTS_clone_comlink
TAEJLTSCompat\config.cpp,8619,JLTS_clone_comlink_943,JLTS_clone_comlink,CfgWeapons,,CWP-8 943,MrClock,Inherited locally from JLTS_clone_comlink
TAEJLTSCompat\config.cpp,8628,JLTS_clone_comlink_944,JLTS_clone_comlink,CfgWeapons,,CWP-8 944,MrClock,Inherited locally from JLTS_clone_comlink
TAEJLTSCompat\config.cpp,8637,JLTS_clone_comlink_945,JLTS_clone_comlink,CfgWeapons,,CWP-8 945,MrClock,Inherited locally from JLTS_clone_comlink
TAEJLTSCompat\config.cpp,8646,JLTS_clone_comlink_946,JLTS_clone_comlink,CfgWeapons,,CWP-8 946,MrClock,Inherited locally from JLTS_clone_comlink
TAEJLTSCompat\config.cpp,8655,JLTS_clone_comlink_947,JLTS_clone_comlink,CfgWeapons,,CWP-8 947,MrClock,Inherited locally from JLTS_clone_comlink
TAEJLTSCompat\config.cpp,8664,JLTS_clone_comlink_948,JLTS_clone_comlink,CfgWeapons,,CWP-8 948,MrClock,Inherited locally from JLTS_clone_comlink
TAEJLTSCompat\config.cpp,8673,JLTS_clone_comlink_949,JLTS_clone_comlink,CfgWeapons,,CWP-8 949,MrClock,Inherited locally from JLTS_clone_comlink
TAEJLTSCompat\config.cpp,8682,JLTS_clone_comlink_950,JLTS_clone_comlink,CfgWeapons,,CWP-8 950,MrClock,Inherited locally from JLTS_clone_comlink
TAEJLTSCompat\config.cpp,8691,JLTS_clone_comlink_951,JLTS_clone_comlink,CfgWeapons,,CWP-8 951,MrClock,Inherited locally from JLTS_clone_comlink
TAEJLTSCompat\config.cpp,8700,JLTS_clone_comlink_952,JLTS_clone_comlink,CfgWeapons,,CWP-8 952,MrClock,Inherited locally from JLTS_clone_comlink
TAEJLTSCompat\config.cpp,8709,JLTS_clone_comlink_953,JLTS_clone_comlink,CfgWeapons,,CWP-8 953,MrClock,Inherited locally from JLTS_clone_comlink
TAEJLTSCompat\config.cpp,8718,JLTS_clone_comlink_954,JLTS_clone_comlink,CfgWeapons,,CWP-8 954,MrClock,Inherited locally from JLTS_clone_comlink
TAEJLTSCompat\config.cpp,8727,JLTS_clone_comlink_955,JLTS_clone_comlink,CfgWeapons,,CWP-8 955,MrClock,Inherited locally from JLTS_clone_comlink
TAEJLTSCompat\config.cpp,8736,JLTS_clone_comlink_956,JLTS_clone_comlink,CfgWeapons,,CWP-8 956,MrClock,Inherited locally from JLTS_clone_comlink
TAEJLTSCompat\config.cpp,8745,JLTS_clone_comlink_957,JLTS_clone_comlink,CfgWeapons,,CWP-8 957,MrClock,Inherited locally from JLTS_clone_comlink
TAEJLTSCompat\config.cpp,8754,JLTS_clone_comlink_958,JLTS_clone_comlink,CfgWeapons,,CWP-8 958,MrClock,Inherited locally from JLTS_clone_comlink
TAEJLTSCompat\config.cpp,8763,JLTS_clone_comlink_959,JLTS_clone_comlink,CfgWeapons,,CWP-8 959,MrClock,Inherited locally from JLTS_clone_comlink
TAEJLTSCompat\config.cpp,8772,JLTS_clone_comlink_960,JLTS_clone_comlink,CfgWeapons,,CWP-8 960,MrClock,Inherited locally from JLTS_clone_comlink
TAEJLTSCompat\config.cpp,8781,JLTS_clone_comlink_961,JLTS_clone_comlink,CfgWeapons,,CWP-8 961,MrClock,Inherited locally from JLTS_clone_comlink
TAEJLTSCompat\config.cpp,8790,JLTS_clone_comlink_962,JLTS_clone_comlink,CfgWeapons,,CWP-8 962,MrClock,Inherited locally from JLTS_clone_comlink
TAEJLTSCompat\config.cpp,8799,JLTS_clone_comlink_963,JLTS_clone_comlink,CfgWeapons,,CWP-8 963,MrClock,Inherited locally from JLTS_clone_comlink
TAEJLTSCompat\config.cpp,8808,JLTS_clone_comlink_964,JLTS_clone_comlink,CfgWeapons,,CWP-8 964,MrClock,Inherited locally from JLTS_clone_comlink
TAEJLTSCompat\config.cpp,8817,JLTS_clone_comlink_965,JLTS_clone_comlink,CfgWeapons,,CWP-8 965,MrClock,Inherited locally from JLTS_clone_comlink
TAEJLTSCompat\config.cpp,8826,JLTS_clone_comlink_966,JLTS_clone_comlink,CfgWeapons,,CWP-8 966,MrClock,Inherited locally from JLTS_clone_comlink
TAEJLTSCompat\config.cpp,8835,JLTS_clone_comlink_967,JLTS_clone_comlink,CfgWeapons,,CWP-8 967,MrClock,Inherited locally from JLTS_clone_comlink
TAEJLTSCompat\config.cpp,8844,JLTS_clone_comlink_968,JLTS_clone_comlink,CfgWeapons,,CWP-8 968,MrClock,Inherited locally from JLTS_clone_comlink
TAEJLTSCompat\config.cpp,8853,JLTS_clone_comlink_969,JLTS_clone_comlink,CfgWeapons,,CWP-8 969,MrClock,Inherited locally from JLTS_clone_comlink
TAEJLTSCompat\config.cpp,8862,JLTS_clone_comlink_970,JLTS_clone_comlink,CfgWeapons,,CWP-8 970,MrClock,Inherited locally from JLTS_clone_comlink
TAEJLTSCompat\config.cpp,8871,JLTS_clone_comlink_971,JLTS_clone_comlink,CfgWeapons,,CWP-8 971,MrClock,Inherited locally from JLTS_clone_comlink
TAEJLTSCompat\config.cpp,8880,JLTS_clone_comlink_972,JLTS_clone_comlink,CfgWeapons,,CWP-8 972,MrClock,Inherited locally from JLTS_clone_comlink
TAEJLTSCompat\config.cpp,8889,JLTS_clone_comlink_973,JLTS_clone_comlink,CfgWeapons,,CWP-8 973,MrClock,Inherited locally from JLTS_clone_comlink
TAEJLTSCompat\config.cpp,8898,JLTS_clone_comlink_974,JLTS_clone_comlink,CfgWeapons,,CWP-8 974,MrClock,Inherited locally from JLTS_clone_comlink
TAEJLTSCompat\config.cpp,8907,JLTS_clone_comlink_975,JLTS_clone_comlink,CfgWeapons,,CWP-8 975,MrClock,Inherited locally from JLTS_clone_comlink
TAEJLTSCompat\config.cpp,8916,JLTS_clone_comlink_976,JLTS_clone_comlink,CfgWeapons,,CWP-8 976,MrClock,Inherited locally from JLTS_clone_comlink
TAEJLTSCompat\config.cpp,8925,JLTS_clone_comlink_977,JLTS_clone_comlink,CfgWeapons,,CWP-8 977,MrClock,Inherited locally from JLTS_clone_comlink
TAEJLTSCompat\config.cpp,8934,JLTS_clone_comlink_978,JLTS_clone_comlink,CfgWeapons,,CWP-8 978,MrClock,Inherited locally from JLTS_clone_comlink
TAEJLTSCompat\config.cpp,8943,JLTS_clone_comlink_979,JLTS_clone_comlink,CfgWeapons,,CWP-8 979,MrClock,Inherited locally from JLTS_clone_comlink
TAEJLTSCompat\config.cpp,8952,JLTS_clone_comlink_980,JLTS_clone_comlink,CfgWeapons,,CWP-8 980,MrClock,Inherited locally from JLTS_clone_comlink
TAEJLTSCompat\config.cpp,8961,JLTS_clone_comlink_981,JLTS_clone_comlink,CfgWeapons,,CWP-8 981,MrClock,Inherited locally from JLTS_clone_comlink
TAEJLTSCompat\config.cpp,8970,JLTS_clone_comlink_982,JLTS_clone_comlink,CfgWeapons,,CWP-8 982,MrClock,Inherited locally from JLTS_clone_comlink
TAEJLTSCompat\config.cpp,8979,JLTS_clone_comlink_983,JLTS_clone_comlink,CfgWeapons,,CWP-8 983,MrClock,Inherited locally from JLTS_clone_comlink
TAEJLTSCompat\config.cpp,8988,JLTS_clone_comlink_984,JLTS_clone_comlink,CfgWeapons,,CWP-8 984,MrClock,Inherited locally from JLTS_clone_comlink
TAEJLTSCompat\config.cpp,8997,JLTS_clone_comlink_985,JLTS_clone_comlink,CfgWeapons,,CWP-8 985,MrClock,Inherited locally from JLTS_clone_comlink
TAEJLTSCompat\config.cpp,9006,JLTS_clone_comlink_986,JLTS_clone_comlink,CfgWeapons,,CWP-8 986,MrClock,Inherited locally from JLTS_clone_comlink
TAEJLTSCompat\config.cpp,9015,JLTS_clone_comlink_987,JLTS_clone_comlink,CfgWeapons,,CWP-8 987,MrClock,Inherited locally from JLTS_clone_comlink
TAEJLTSCompat\config.cpp,9024,JLTS_clone_comlink_988,JLTS_clone_comlink,CfgWeapons,,CWP-8 988,MrClock,Inherited locally from JLTS_clone_comlink
TAEJLTSCompat\config.cpp,9033,JLTS_clone_comlink_989,JLTS_clone_comlink,CfgWeapons,,CWP-8 989,MrClock,Inherited locally from JLTS_clone_comlink
TAEJLTSCompat\config.cpp,9042,JLTS_clone_comlink_990,JLTS_clone_comlink,CfgWeapons,,CWP-8 990,MrClock,Inherited locally from JLTS_clone_comlink
TAEJLTSCompat\config.cpp,9051,JLTS_clone_comlink_991,JLTS_clone_comlink,CfgWeapons,,CWP-8 991,MrClock,Inherited locally from JLTS_clone_comlink
TAEJLTSCompat\config.cpp,9060,JLTS_clone_comlink_992,JLTS_clone_comlink,CfgWeapons,,CWP-8 992,MrClock,Inherited locally from JLTS_clone_comlink
TAEJLTSCompat\config.cpp,9069,JLTS_clone_comlink_993,JLTS_clone_comlink,CfgWeapons,,CWP-8 993,MrClock,Inherited locally from JLTS_clone_comlink
TAEJLTSCompat\config.cpp,9078,JLTS_clone_comlink_994,JLTS_clone_comlink,CfgWeapons,,CWP-8 994,MrClock,Inherited locally from JLTS_clone_comlink
TAEJLTSCompat\config.cpp,9087,JLTS_clone_comlink_995,JLTS_clone_comlink,CfgWeapons,,CWP-8 995,MrClock,Inherited locally from JLTS_clone_comlink
TAEJLTSCompat\config.cpp,9096,JLTS_clone_comlink_996,JLTS_clone_comlink,CfgWeapons,,CWP-8 996,MrClock,Inherited locally from JLTS_clone_comlink
TAEJLTSCompat\config.cpp,9105,JLTS_clone_comlink_997,JLTS_clone_comlink,CfgWeapons,,CWP-8 997,MrClock,Inherited locally from JLTS_clone_comlink
TAEJLTSCompat\config.cpp,9114,JLTS_clone_comlink_998,JLTS_clone_comlink,CfgWeapons,,CWP-8 998,MrClock,Inherited locally from JLTS_clone_comlink
TAEJLTSCompat\config.cpp,9123,JLTS_clone_comlink_999,JLTS_clone_comlink,CfgWeapons,,CWP-8 999,MrClock,Inherited locally from JLTS_clone_comlink
TAEJLTSCompat\config.cpp,9132,JLTS_clone_comlink_1000,JLTS_clone_comlink,CfgWeapons,,CWP-8 1000,MrClock,Inherited locally from JLTS_clone_comlink
TAEJLTSCompat\config.cpp,9141,JLTS_droid_comlink_1,JLTS_droid_comlink,CfgWeapons,,Battle droid radio 1,MrClock,Inherited locally from JLTS_droid_comlink
TAEJLTSCompat\config.cpp,9150,JLTS_droid_comlink_2,JLTS_droid_comlink,CfgWeapons,,Battle droid radio 2,MrClock,Inherited locally from JLTS_droid_comlink
TAEJLTSCompat\config.cpp,9159,JLTS_droid_comlink_3,JLTS_droid_comlink,CfgWeapons,,Battle droid radio 3,MrClock,Inherited locally from JLTS_droid_comlink
TAEJLTSCompat\config.cpp,9168,JLTS_droid_comlink_4,JLTS_droid_comlink,CfgWeapons,,Battle droid radio 4,MrClock,Inherited locally from JLTS_droid_comlink
TAEJLTSCompat\config.cpp,9177,JLTS_droid_comlink_5,JLTS_droid_comlink,CfgWeapons,,Battle droid radio 5,MrClock,Inherited locally from JLTS_droid_comlink
TAEJLTSCompat\config.cpp,9186,JLTS_droid_comlink_6,JLTS_droid_comlink,CfgWeapons,,Battle droid radio 6,MrClock,Inherited locally from JLTS_droid_comlink
TAEJLTSCompat\config.cpp,9195,JLTS_droid_comlink_7,JLTS_droid_comlink,CfgWeapons,,Battle droid radio 7,MrClock,Inherited locally from JLTS_droid_comlink
TAEJLTSCompat\config.cpp,9204,JLTS_droid_comlink_8,JLTS_droid_comlink,CfgWeapons,,Battle droid radio 8,MrClock,Inherited locally from JLTS_droid_comlink
TAEJLTSCompat\config.cpp,9213,JLTS_droid_comlink_9,JLTS_droid_comlink,CfgWeapons,,Battle droid radio 9,MrClock,Inherited locally from JLTS_droid_comlink
TAEJLTSCompat\config.cpp,9222,JLTS_droid_comlink_10,JLTS_droid_comlink,CfgWeapons,,Battle droid radio 10,MrClock,Inherited locally from JLTS_droid_comlink
TAEJLTSCompat\config.cpp,9231,JLTS_droid_comlink_11,JLTS_droid_comlink,CfgWeapons,,Battle droid radio 11,MrClock,Inherited locally from JLTS_droid_comlink
TAEJLTSCompat\config.cpp,9240,JLTS_droid_comlink_12,JLTS_droid_comlink,CfgWeapons,,Battle droid radio 12,MrClock,Inherited locally from JLTS_droid_comlink
TAEJLTSCompat\config.cpp,9249,JLTS_droid_comlink_13,JLTS_droid_comlink,CfgWeapons,,Battle droid radio 13,MrClock,Inherited locally from JLTS_droid_comlink
TAEJLTSCompat\config.cpp,9258,JLTS_droid_comlink_14,JLTS_droid_comlink,CfgWeapons,,Battle droid radio 14,MrClock,Inherited locally from JLTS_droid_comlink
TAEJLTSCompat\config.cpp,9267,JLTS_droid_comlink_15,JLTS_droid_comlink,CfgWeapons,,Battle droid radio 15,MrClock,Inherited locally from JLTS_droid_comlink
TAEJLTSCompat\config.cpp,9276,JLTS_droid_comlink_16,JLTS_droid_comlink,CfgWeapons,,Battle droid radio 16,MrClock,Inherited locally from JLTS_droid_comlink
TAEJLTSCompat\config.cpp,9285,JLTS_droid_comlink_17,JLTS_droid_comlink,CfgWeapons,,Battle droid radio 17,MrClock,Inherited locally from JLTS_droid_comlink
TAEJLTSCompat\config.cpp,9294,JLTS_droid_comlink_18,JLTS_droid_comlink,CfgWeapons,,Battle droid radio 18,MrClock,Inherited locally from JLTS_droid_comlink
TAEJLTSCompat\config.cpp,9303,JLTS_droid_comlink_19,JLTS_droid_comlink,CfgWeapons,,Battle droid radio 19,MrClock,Inherited locally from JLTS_droid_comlink
TAEJLTSCompat\config.cpp,9312,JLTS_droid_comlink_20,JLTS_droid_comlink,CfgWeapons,,Battle droid radio 20,MrClock,Inherited locally from JLTS_droid_comlink
TAEJLTSCompat\config.cpp,9321,JLTS_droid_comlink_21,JLTS_droid_comlink,CfgWeapons,,Battle droid radio 21,MrClock,Inherited locally from JLTS_droid_comlink
TAEJLTSCompat\config.cpp,9330,JLTS_droid_comlink_22,JLTS_droid_comlink,CfgWeapons,,Battle droid radio 22,MrClock,Inherited locally from JLTS_droid_comlink
TAEJLTSCompat\config.cpp,9339,JLTS_droid_comlink_23,JLTS_droid_comlink,CfgWeapons,,Battle droid radio 23,MrClock,Inherited locally from JLTS_droid_comlink
TAEJLTSCompat\config.cpp,9348,JLTS_droid_comlink_24,JLTS_droid_comlink,CfgWeapons,,Battle droid radio 24,MrClock,Inherited locally from JLTS_droid_comlink
TAEJLTSCompat\config.cpp,9357,JLTS_droid_comlink_25,JLTS_droid_comlink,CfgWeapons,,Battle droid radio 25,MrClock,Inherited locally from JLTS_droid_comlink
TAEJLTSCompat\config.cpp,9366,JLTS_droid_comlink_26,JLTS_droid_comlink,CfgWeapons,,Battle droid radio 26,MrClock,Inherited locally from JLTS_droid_comlink
TAEJLTSCompat\config.cpp,9375,JLTS_droid_comlink_27,JLTS_droid_comlink,CfgWeapons,,Battle droid radio 27,MrClock,Inherited locally from JLTS_droid_comlink
TAEJLTSCompat\config.cpp,9384,JLTS_droid_comlink_28,JLTS_droid_comlink,CfgWeapons,,Battle droid radio 28,MrClock,Inherited locally from JLTS_droid_comlink
TAEJLTSCompat\config.cpp,9393,JLTS_droid_comlink_29,JLTS_droid_comlink,CfgWeapons,,Battle droid radio 29,MrClock,Inherited locally from JLTS_droid_comlink
TAEJLTSCompat\config.cpp,9402,JLTS_droid_comlink_30,JLTS_droid_comlink,CfgWeapons,,Battle droid radio 30,MrClock,Inherited locally from JLTS_droid_comlink
TAEJLTSCompat\config.cpp,9411,JLTS_droid_comlink_31,JLTS_droid_comlink,CfgWeapons,,Battle droid radio 31,MrClock,Inherited locally from JLTS_droid_comlink
TAEJLTSCompat\config.cpp,9420,JLTS_droid_comlink_32,JLTS_droid_comlink,CfgWeapons,,Battle droid radio 32,MrClock,Inherited locally from JLTS_droid_comlink
TAEJLTSCompat\config.cpp,9429,JLTS_droid_comlink_33,JLTS_droid_comlink,CfgWeapons,,Battle droid radio 33,MrClock,Inherited locally from JLTS_droid_comlink
TAEJLTSCompat\config.cpp,9438,JLTS_droid_comlink_34,JLTS_droid_comlink,CfgWeapons,,Battle droid radio 34,MrClock,Inherited locally from JLTS_droid_comlink
TAEJLTSCompat\config.cpp,9447,JLTS_droid_comlink_35,JLTS_droid_comlink,CfgWeapons,,Battle droid radio 35,MrClock,Inherited locally from JLTS_droid_comlink
TAEJLTSCompat\config.cpp,9456,JLTS_droid_comlink_36,JLTS_droid_comlink,CfgWeapons,,Battle droid radio 36,MrClock,Inherited locally from JLTS_droid_comlink
TAEJLTSCompat\config.cpp,9465,JLTS_droid_comlink_37,JLTS_droid_comlink,CfgWeapons,,Battle droid radio 37,MrClock,Inherited locally from JLTS_droid_comlink
TAEJLTSCompat\config.cpp,9474,JLTS_droid_comlink_38,JLTS_droid_comlink,CfgWeapons,,Battle droid radio 38,MrClock,Inherited locally from JLTS_droid_comlink
TAEJLTSCompat\config.cpp,9483,JLTS_droid_comlink_39,JLTS_droid_comlink,CfgWeapons,,Battle droid radio 39,MrClock,Inherited locally from JLTS_droid_comlink
TAEJLTSCompat\config.cpp,9492,JLTS_droid_comlink_40,JLTS_droid_comlink,CfgWeapons,,Battle droid radio 40,MrClock,Inherited locally from JLTS_droid_comlink
TAEJLTSCompat\config.cpp,9501,JLTS_droid_comlink_41,JLTS_droid_comlink,CfgWeapons,,Battle droid radio 41,MrClock,Inherited locally from JLTS_droid_comlink
TAEJLTSCompat\config.cpp,9510,JLTS_droid_comlink_42,JLTS_droid_comlink,CfgWeapons,,Battle droid radio 42,MrClock,Inherited locally from JLTS_droid_comlink
TAEJLTSCompat\config.cpp,9519,JLTS_droid_comlink_43,JLTS_droid_comlink,CfgWeapons,,Battle droid radio 43,MrClock,Inherited locally from JLTS_droid_comlink
TAEJLTSCompat\config.cpp,9528,JLTS_droid_comlink_44,JLTS_droid_comlink,CfgWeapons,,Battle droid radio 44,MrClock,Inherited locally from JLTS_droid_comlink
TAEJLTSCompat\config.cpp,9537,JLTS_droid_comlink_45,JLTS_droid_comlink,CfgWeapons,,Battle droid radio 45,MrClock,Inherited locally from JLTS_droid_comlink
TAEJLTSCompat\config.cpp,9546,JLTS_droid_comlink_46,JLTS_droid_comlink,CfgWeapons,,Battle droid radio 46,MrClock,Inherited locally from JLTS_droid_comlink
TAEJLTSCompat\config.cpp,9555,JLTS_droid_comlink_47,JLTS_droid_comlink,CfgWeapons,,Battle droid radio 47,MrClock,Inherited locally from JLTS_droid_comlink
TAEJLTSCompat\config.cpp,9564,JLTS_droid_comlink_48,JLTS_droid_comlink,CfgWeapons,,Battle droid radio 48,MrClock,Inherited locally from JLTS_droid_comlink
TAEJLTSCompat\config.cpp,9573,JLTS_droid_comlink_49,JLTS_droid_comlink,CfgWeapons,,Battle droid radio 49,MrClock,Inherited locally from JLTS_droid_comlink
TAEJLTSCompat\config.cpp,9582,JLTS_droid_comlink_50,JLTS_droid_comlink,CfgWeapons,,Battle droid radio 50,MrClock,Inherited locally from JLTS_droid_comlink
TAEJLTSCompat\config.cpp,9591,JLTS_droid_comlink_51,JLTS_droid_comlink,CfgWeapons,,Battle droid radio 51,MrClock,Inherited locally from JLTS_droid_comlink
TAEJLTSCompat\config.cpp,9600,JLTS_droid_comlink_52,JLTS_droid_comlink,CfgWeapons,,Battle droid radio 52,MrClock,Inherited locally from JLTS_droid_comlink
TAEJLTSCompat\config.cpp,9609,JLTS_droid_comlink_53,JLTS_droid_comlink,CfgWeapons,,Battle droid radio 53,MrClock,Inherited locally from JLTS_droid_comlink
TAEJLTSCompat\config.cpp,9618,JLTS_droid_comlink_54,JLTS_droid_comlink,CfgWeapons,,Battle droid radio 54,MrClock,Inherited locally from JLTS_droid_comlink
TAEJLTSCompat\config.cpp,9627,JLTS_droid_comlink_55,JLTS_droid_comlink,CfgWeapons,,Battle droid radio 55,MrClock,Inherited locally from JLTS_droid_comlink
TAEJLTSCompat\config.cpp,9636,JLTS_droid_comlink_56,JLTS_droid_comlink,CfgWeapons,,Battle droid radio 56,MrClock,Inherited locally from JLTS_droid_comlink
TAEJLTSCompat\config.cpp,9645,JLTS_droid_comlink_57,JLTS_droid_comlink,CfgWeapons,,Battle droid radio 57,MrClock,Inherited locally from JLTS_droid_comlink
TAEJLTSCompat\config.cpp,9654,JLTS_droid_comlink_58,JLTS_droid_comlink,CfgWeapons,,Battle droid radio 58,MrClock,Inherited locally from JLTS_droid_comlink
TAEJLTSCompat\config.cpp,9663,JLTS_droid_comlink_59,JLTS_droid_comlink,CfgWeapons,,Battle droid radio 59,MrClock,Inherited locally from JLTS_droid_comlink
TAEJLTSCompat\config.cpp,9672,JLTS_droid_comlink_60,JLTS_droid_comlink,CfgWeapons,,Battle droid radio 60,MrClock,Inherited locally from JLTS_droid_comlink
TAEJLTSCompat\config.cpp,9681,JLTS_droid_comlink_61,JLTS_droid_comlink,CfgWeapons,,Battle droid radio 61,MrClock,Inherited locally from JLTS_droid_comlink
TAEJLTSCompat\config.cpp,9690,JLTS_droid_comlink_62,JLTS_droid_comlink,CfgWeapons,,Battle droid radio 62,MrClock,Inherited locally from JLTS_droid_comlink
TAEJLTSCompat\config.cpp,9699,JLTS_droid_comlink_63,JLTS_droid_comlink,CfgWeapons,,Battle droid radio 63,MrClock,Inherited locally from JLTS_droid_comlink
TAEJLTSCompat\config.cpp,9708,JLTS_droid_comlink_64,JLTS_droid_comlink,CfgWeapons,,Battle droid radio 64,MrClock,Inherited locally from JLTS_droid_comlink
TAEJLTSCompat\config.cpp,9717,JLTS_droid_comlink_65,JLTS_droid_comlink,CfgWeapons,,Battle droid radio 65,MrClock,Inherited locally from JLTS_droid_comlink
TAEJLTSCompat\config.cpp,9726,JLTS_droid_comlink_66,JLTS_droid_comlink,CfgWeapons,,Battle droid radio 66,MrClock,Inherited locally from JLTS_droid_comlink
TAEJLTSCompat\config.cpp,9735,JLTS_droid_comlink_67,JLTS_droid_comlink,CfgWeapons,,Battle droid radio 67,MrClock,Inherited locally from JLTS_droid_comlink
TAEJLTSCompat\config.cpp,9744,JLTS_droid_comlink_68,JLTS_droid_comlink,CfgWeapons,,Battle droid radio 68,MrClock,Inherited locally from JLTS_droid_comlink
TAEJLTSCompat\config.cpp,9753,JLTS_droid_comlink_69,JLTS_droid_comlink,CfgWeapons,,Battle droid radio 69,MrClock,Inherited locally from JLTS_droid_comlink
TAEJLTSCompat\config.cpp,9762,JLTS_droid_comlink_70,JLTS_droid_comlink,CfgWeapons,,Battle droid radio 70,MrClock,Inherited locally from JLTS_droid_comlink
TAEJLTSCompat\config.cpp,9771,JLTS_droid_comlink_71,JLTS_droid_comlink,CfgWeapons,,Battle droid radio 71,MrClock,Inherited locally from JLTS_droid_comlink
TAEJLTSCompat\config.cpp,9780,JLTS_droid_comlink_72,JLTS_droid_comlink,CfgWeapons,,Battle droid radio 72,MrClock,Inherited locally from JLTS_droid_comlink
TAEJLTSCompat\config.cpp,9789,JLTS_droid_comlink_73,JLTS_droid_comlink,CfgWeapons,,Battle droid radio 73,MrClock,Inherited locally from JLTS_droid_comlink
TAEJLTSCompat\config.cpp,9798,JLTS_droid_comlink_74,JLTS_droid_comlink,CfgWeapons,,Battle droid radio 74,MrClock,Inherited locally from JLTS_droid_comlink
TAEJLTSCompat\config.cpp,9807,JLTS_droid_comlink_75,JLTS_droid_comlink,CfgWeapons,,Battle droid radio 75,MrClock,Inherited locally from JLTS_droid_comlink
TAEJLTSCompat\config.cpp,9816,JLTS_droid_comlink_76,JLTS_droid_comlink,CfgWeapons,,Battle droid radio 76,MrClock,Inherited locally from JLTS_droid_comlink
TAEJLTSCompat\config.cpp,9825,JLTS_droid_comlink_77,JLTS_droid_comlink,CfgWeapons,,Battle droid radio 77,MrClock,Inherited locally from JLTS_droid_comlink
TAEJLTSCompat\config.cpp,9834,JLTS_droid_comlink_78,JLTS_droid_comlink,CfgWeapons,,Battle droid radio 78,MrClock,Inherited locally from JLTS_droid_comlink
TAEJLTSCompat\config.cpp,9843,JLTS_droid_comlink_79,JLTS_droid_comlink,CfgWeapons,,Battle droid radio 79,MrClock,Inherited locally from JLTS_droid_comlink
TAEJLTSCompat\config.cpp,9852,JLTS_droid_comlink_80,JLTS_droid_comlink,CfgWeapons,,Battle droid radio 80,MrClock,Inherited locally from JLTS_droid_comlink
TAEJLTSCompat\config.cpp,9861,JLTS_droid_comlink_81,JLTS_droid_comlink,CfgWeapons,,Battle droid radio 81,MrClock,Inherited locally from JLTS_droid_comlink
TAEJLTSCompat\config.cpp,9870,JLTS_droid_comlink_82,JLTS_droid_comlink,CfgWeapons,,Battle droid radio 82,MrClock,Inherited locally from JLTS_droid_comlink
TAEJLTSCompat\config.cpp,9879,JLTS_droid_comlink_83,JLTS_droid_comlink,CfgWeapons,,Battle droid radio 83,MrClock,Inherited locally from JLTS_droid_comlink
TAEJLTSCompat\config.cpp,9888,JLTS_droid_comlink_84,JLTS_droid_comlink,CfgWeapons,,Battle droid radio 84,MrClock,Inherited locally from JLTS_droid_comlink
TAEJLTSCompat\config.cpp,9897,JLTS_droid_comlink_85,JLTS_droid_comlink,CfgWeapons,,Battle droid radio 85,MrClock,Inherited locally from JLTS_droid_comlink
TAEJLTSCompat\config.cpp,9906,JLTS_droid_comlink_86,JLTS_droid_comlink,CfgWeapons,,Battle droid radio 86,MrClock,Inherited locally from JLTS_droid_comlink
TAEJLTSCompat\config.cpp,9915,JLTS_droid_comlink_87,JLTS_droid_comlink,CfgWeapons,,Battle droid radio 87,MrClock,Inherited locally from JLTS_droid_comlink
TAEJLTSCompat\config.cpp,9924,JLTS_droid_comlink_88,JLTS_droid_comlink,CfgWeapons,,Battle droid radio 88,MrClock,Inherited locally from JLTS_droid_comlink
TAEJLTSCompat\config.cpp,9933,JLTS_droid_comlink_89,JLTS_droid_comlink,CfgWeapons,,Battle droid radio 89,MrClock,Inherited locally from JLTS_droid_comlink
TAEJLTSCompat\config.cpp,9942,JLTS_droid_comlink_90,JLTS_droid_comlink,CfgWeapons,,Battle droid radio 90,MrClock,Inherited locally from JLTS_droid_comlink
TAEJLTSCompat\config.cpp,9951,JLTS_droid_comlink_91,JLTS_droid_comlink,CfgWeapons,,Battle droid radio 91,MrClock,Inherited locally from JLTS_droid_comlink
TAEJLTSCompat\config.cpp,9960,JLTS_droid_comlink_92,JLTS_droid_comlink,CfgWeapons,,Battle droid radio 92,MrClock,Inherited locally from JLTS_droid_comlink
TAEJLTSCompat\config.cpp,9969,JLTS_droid_comlink_93,JLTS_droid_comlink,CfgWeapons,,Battle droid radio 93,MrClock,Inherited locally from JLTS_droid_comlink
TAEJLTSCompat\config.cpp,9978,JLTS_droid_comlink_94,JLTS_droid_comlink,CfgWeapons,,Battle droid radio 94,MrClock,Inherited locally from JLTS_droid_comlink
TAEJLTSCompat\config.cpp,9987,JLTS_droid_comlink_95,JLTS_droid_comlink,CfgWeapons,,Battle droid radio 95,MrClock,Inherited locally from JLTS_droid_comlink
TAEJLTSCompat\config.cpp,9996,JLTS_droid_comlink_96,JLTS_droid_comlink,CfgWeapons,,Battle droid radio 96,MrClock,Inherited locally from JLTS_droid_comlink
TAEJLTSCompat\config.cpp,10005,JLTS_droid_comlink_97,JLTS_droid_comlink,CfgWeapons,,Battle droid radio 97,MrClock,Inherited locally from JLTS_droid_comlink
TAEJLTSCompat\config.cpp,10014,JLTS_droid_comlink_98,JLTS_droid_comlink,CfgWeapons,,Battle droid radio 98,MrClock,Inherited locally from JLTS_droid_comlink
TAEJLTSCompat\config.cpp,10023,JLTS_droid_comlink_99,JLTS_droid_comlink,CfgWeapons,,Battle droid radio 99,MrClock,Inherited locally from JLTS_droid_comlink
TAEJLTSCompat\config.cpp,10032,JLTS_droid_comlink_100,JLTS_droid_comlink,CfgWeapons,,Battle droid radio 100,MrClock,Inherited locally from JLTS_droid_comlink
TAEJLTSCompat\config.cpp,10041,JLTS_droid_comlink_101,JLTS_droid_comlink,CfgWeapons,,Battle droid radio 101,MrClock,Inherited locally from JLTS_droid_comlink
TAEJLTSCompat\config.cpp,10050,JLTS_droid_comlink_102,JLTS_droid_comlink,CfgWeapons,,Battle droid radio 102,MrClock,Inherited locally from JLTS_droid_comlink
TAEJLTSCompat\config.cpp,10059,JLTS_droid_comlink_103,JLTS_droid_comlink,CfgWeapons,,Battle droid radio 103,MrClock,Inherited locally from JLTS_droid_comlink
TAEJLTSCompat\config.cpp,10068,JLTS_droid_comlink_104,JLTS_droid_comlink,CfgWeapons,,Battle droid radio 104,MrClock,Inherited locally from JLTS_droid_comlink
TAEJLTSCompat\config.cpp,10077,JLTS_droid_comlink_105,JLTS_droid_comlink,CfgWeapons,,Battle droid radio 105,MrClock,Inherited locally from JLTS_droid_comlink
TAEJLTSCompat\config.cpp,10086,JLTS_droid_comlink_106,JLTS_droid_comlink,CfgWeapons,,Battle droid radio 106,MrClock,Inherited locally from JLTS_droid_comlink
TAEJLTSCompat\config.cpp,10095,JLTS_droid_comlink_107,JLTS_droid_comlink,CfgWeapons,,Battle droid radio 107,MrClock,Inherited locally from JLTS_droid_comlink
TAEJLTSCompat\config.cpp,10104,JLTS_droid_comlink_108,JLTS_droid_comlink,CfgWeapons,,Battle droid radio 108,MrClock,Inherited locally from JLTS_droid_comlink
TAEJLTSCompat\config.cpp,10113,JLTS_droid_comlink_109,JLTS_droid_comlink,CfgWeapons,,Battle droid radio 109,MrClock,Inherited locally from JLTS_droid_comlink
TAEJLTSCompat\config.cpp,10122,JLTS_droid_comlink_110,JLTS_droid_comlink,CfgWeapons,,Battle droid radio 110,MrClock,Inherited locally from JLTS_droid_comlink
TAEJLTSCompat\config.cpp,10131,JLTS_droid_comlink_111,JLTS_droid_comlink,CfgWeapons,,Battle droid radio 111,MrClock,Inherited locally from JLTS_droid_comlink
TAEJLTSCompat\config.cpp,10140,JLTS_droid_comlink_112,JLTS_droid_comlink,CfgWeapons,,Battle droid radio 112,MrClock,Inherited locally from JLTS_droid_comlink
TAEJLTSCompat\config.cpp,10149,JLTS_droid_comlink_113,JLTS_droid_comlink,CfgWeapons,,Battle droid radio 113,MrClock,Inherited locally from JLTS_droid_comlink
TAEJLTSCompat\config.cpp,10158,JLTS_droid_comlink_114,JLTS_droid_comlink,CfgWeapons,,Battle droid radio 114,MrClock,Inherited locally from JLTS_droid_comlink
TAEJLTSCompat\config.cpp,10167,JLTS_droid_comlink_115,JLTS_droid_comlink,CfgWeapons,,Battle droid radio 115,MrClock,Inherited locally from JLTS_droid_comlink
TAEJLTSCompat\config.cpp,10176,JLTS_droid_comlink_116,JLTS_droid_comlink,CfgWeapons,,Battle droid radio 116,MrClock,Inherited locally from JLTS_droid_comlink
TAEJLTSCompat\config.cpp,10185,JLTS_droid_comlink_117,JLTS_droid_comlink,CfgWeapons,,Battle droid radio 117,MrClock,Inherited locally from JLTS_droid_comlink
TAEJLTSCompat\config.cpp,10194,JLTS_droid_comlink_118,JLTS_droid_comlink,CfgWeapons,,Battle droid radio 118,MrClock,Inherited locally from JLTS_droid_comlink
TAEJLTSCompat\config.cpp,10203,JLTS_droid_comlink_119,JLTS_droid_comlink,CfgWeapons,,Battle droid radio 119,MrClock,Inherited locally from JLTS_droid_comlink
TAEJLTSCompat\config.cpp,10212,JLTS_droid_comlink_120,JLTS_droid_comlink,CfgWeapons,,Battle droid radio 120,MrClock,Inherited locally from JLTS_droid_comlink
TAEJLTSCompat\config.cpp,10221,JLTS_droid_comlink_121,JLTS_droid_comlink,CfgWeapons,,Battle droid radio 121,MrClock,Inherited locally from JLTS_droid_comlink
TAEJLTSCompat\config.cpp,10230,JLTS_droid_comlink_122,JLTS_droid_comlink,CfgWeapons,,Battle droid radio 122,MrClock,Inherited locally from JLTS_droid_comlink
TAEJLTSCompat\config.cpp,10239,JLTS_droid_comlink_123,JLTS_droid_comlink,CfgWeapons,,Battle droid radio 123,MrClock,Inherited locally from JLTS_droid_comlink
TAEJLTSCompat\config.cpp,10248,JLTS_droid_comlink_124,JLTS_droid_comlink,CfgWeapons,,Battle droid radio 124,MrClock,Inherited locally from JLTS_droid_comlink
TAEJLTSCompat\config.cpp,10257,JLTS_droid_comlink_125,JLTS_droid_comlink,CfgWeapons,,Battle droid radio 125,MrClock,Inherited locally from JLTS_droid_comlink
TAEJLTSCompat\config.cpp,10266,JLTS_droid_comlink_126,JLTS_droid_comlink,CfgWeapons,,Battle droid radio 126,MrClock,Inherited locally from JLTS_droid_comlink
TAEJLTSCompat\config.cpp,10275,JLTS_droid_comlink_127,JLTS_droid_comlink,CfgWeapons,,Battle droid radio 127,MrClock,Inherited locally from JLTS_droid_comlink
TAEJLTSCompat\config.cpp,10284,JLTS_droid_comlink_128,JLTS_droid_comlink,CfgWeapons,,Battle droid radio 128,MrClock,Inherited locally from JLTS_droid_comlink
TAEJLTSCompat\config.cpp,10293,JLTS_droid_comlink_129,JLTS_droid_comlink,CfgWeapons,,Battle droid radio 129,MrClock,Inherited locally from JLTS_droid_comlink
TAEJLTSCompat\config.cpp,10302,JLTS_droid_comlink_130,JLTS_droid_comlink,CfgWeapons,,Battle droid radio 130,MrClock,Inherited locally from JLTS_droid_comlink
TAEJLTSCompat\config.cpp,10311,JLTS_droid_comlink_131,JLTS_droid_comlink,CfgWeapons,,Battle droid radio 131,MrClock,Inherited locally from JLTS_droid_comlink
TAEJLTSCompat\config.cpp,10320,JLTS_droid_comlink_132,JLTS_droid_comlink,CfgWeapons,,Battle droid radio 132,MrClock,Inherited locally from JLTS_droid_comlink
TAEJLTSCompat\config.cpp,10329,JLTS_droid_comlink_133,JLTS_droid_comlink,CfgWeapons,,Battle droid radio 133,MrClock,Inherited locally from JLTS_droid_comlink
TAEJLTSCompat\config.cpp,10338,JLTS_droid_comlink_134,JLTS_droid_comlink,CfgWeapons,,Battle droid radio 134,MrClock,Inherited locally from JLTS_droid_comlink
TAEJLTSCompat\config.cpp,10347,JLTS_droid_comlink_135,JLTS_droid_comlink,CfgWeapons,,Battle droid radio 135,MrClock,Inherited locally from JLTS_droid_comlink
TAEJLTSCompat\config.cpp,10356,JLTS_droid_comlink_136,JLTS_droid_comlink,CfgWeapons,,Battle droid radio 136,MrClock,Inherited locally from JLTS_droid_comlink
TAEJLTSCompat\config.cpp,10365,JLTS_droid_comlink_137,JLTS_droid_comlink,CfgWeapons,,Battle droid radio 137,MrClock,Inherited locally from JLTS_droid_comlink
TAEJLTSCompat\config.cpp,10374,JLTS_droid_comlink_138,JLTS_droid_comlink,CfgWeapons,,Battle droid radio 138,MrClock,Inherited locally from JLTS_droid_comlink
TAEJLTSCompat\config.cpp,10383,JLTS_droid_comlink_139,JLTS_droid_comlink,CfgWeapons,,Battle droid radio 139,MrClock,Inherited locally from JLTS_droid_comlink
TAEJLTSCompat\config.cpp,10392,JLTS_droid_comlink_140,JLTS_droid_comlink,CfgWeapons,,Battle droid radio 140,MrClock,Inherited locally from JLTS_droid_comlink
TAEJLTSCompat\config.cpp,10401,JLTS_droid_comlink_141,JLTS_droid_comlink,CfgWeapons,,Battle droid radio 141,MrClock,Inherited locally from JLTS_droid_comlink
TAEJLTSCompat\config.cpp,10410,JLTS_droid_comlink_142,JLTS_droid_comlink,CfgWeapons,,Battle droid radio 142,MrClock,Inherited locally from JLTS_droid_comlink
TAEJLTSCompat\config.cpp,10419,JLTS_droid_comlink_143,JLTS_droid_comlink,CfgWeapons,,Battle droid radio 143,MrClock,Inherited locally from JLTS_droid_comlink
TAEJLTSCompat\config.cpp,10428,JLTS_droid_comlink_144,JLTS_droid_comlink,CfgWeapons,,Battle droid radio 144,MrClock,Inherited locally from JLTS_droid_comlink
TAEJLTSCompat\config.cpp,10437,JLTS_droid_comlink_145,JLTS_droid_comlink,CfgWeapons,,Battle droid radio 145,MrClock,Inherited locally from JLTS_droid_comlink
TAEJLTSCompat\config.cpp,10446,JLTS_droid_comlink_146,JLTS_droid_comlink,CfgWeapons,,Battle droid radio 146,MrClock,Inherited locally from JLTS_droid_comlink
TAEJLTSCompat\config.cpp,10455,JLTS_droid_comlink_147,JLTS_droid_comlink,CfgWeapons,,Battle droid radio 147,MrClock,Inherited locally from JLTS_droid_comlink
TAEJLTSCompat\config.cpp,10464,JLTS_droid_comlink_148,JLTS_droid_comlink,CfgWeapons,,Battle droid radio 148,MrClock,Inherited locally from JLTS_droid_comlink
TAEJLTSCompat\config.cpp,10473,JLTS_droid_comlink_149,JLTS_droid_comlink,CfgWeapons,,Battle droid radio 149,MrClock,Inherited locally from JLTS_droid_comlink
TAEJLTSCompat\config.cpp,10482,JLTS_droid_comlink_150,JLTS_droid_comlink,CfgWeapons,,Battle droid radio 150,MrClock,Inherited locally from JLTS_droid_comlink
TAEJLTSCompat\config.cpp,10491,JLTS_droid_comlink_151,JLTS_droid_comlink,CfgWeapons,,Battle droid radio 151,MrClock,Inherited locally from JLTS_droid_comlink
TAEJLTSCompat\config.cpp,10500,JLTS_droid_comlink_152,JLTS_droid_comlink,CfgWeapons,,Battle droid radio 152,MrClock,Inherited locally from JLTS_droid_comlink
TAEJLTSCompat\config.cpp,10509,JLTS_droid_comlink_153,JLTS_droid_comlink,CfgWeapons,,Battle droid radio 153,MrClock,Inherited locally from JLTS_droid_comlink
TAEJLTSCompat\config.cpp,10518,JLTS_droid_comlink_154,JLTS_droid_comlink,CfgWeapons,,Battle droid radio 154,MrClock,Inherited locally from JLTS_droid_comlink
TAEJLTSCompat\config.cpp,10527,JLTS_droid_comlink_155,JLTS_droid_comlink,CfgWeapons,,Battle droid radio 155,MrClock,Inherited locally from JLTS_droid_comlink
TAEJLTSCompat\config.cpp,10536,JLTS_droid_comlink_156,JLTS_droid_comlink,CfgWeapons,,Battle droid radio 156,MrClock,Inherited locally from JLTS_droid_comlink
TAEJLTSCompat\config.cpp,10545,JLTS_droid_comlink_157,JLTS_droid_comlink,CfgWeapons,,Battle droid radio 157,MrClock,Inherited locally from JLTS_droid_comlink
TAEJLTSCompat\config.cpp,10554,JLTS_droid_comlink_158,JLTS_droid_comlink,CfgWeapons,,Battle droid radio 158,MrClock,Inherited locally from JLTS_droid_comlink
TAEJLTSCompat\config.cpp,10563,JLTS_droid_comlink_159,JLTS_droid_comlink,CfgWeapons,,Battle droid radio 159,MrClock,Inherited locally from JLTS_droid_comlink
TAEJLTSCompat\config.cpp,10572,JLTS_droid_comlink_160,JLTS_droid_comlink,CfgWeapons,,Battle droid radio 160,MrClock,Inherited locally from JLTS_droid_comlink
TAEJLTSCompat\config.cpp,10581,JLTS_droid_comlink_161,JLTS_droid_comlink,CfgWeapons,,Battle droid radio 161,MrClock,Inherited locally from JLTS_droid_comlink
TAEJLTSCompat\config.cpp,10590,JLTS_droid_comlink_162,JLTS_droid_comlink,CfgWeapons,,Battle droid radio 162,MrClock,Inherited locally from JLTS_droid_comlink
TAEJLTSCompat\config.cpp,10599,JLTS_droid_comlink_163,JLTS_droid_comlink,CfgWeapons,,Battle droid radio 163,MrClock,Inherited locally from JLTS_droid_comlink
TAEJLTSCompat\config.cpp,10608,JLTS_droid_comlink_164,JLTS_droid_comlink,CfgWeapons,,Battle droid radio 164,MrClock,Inherited locally from JLTS_droid_comlink
TAEJLTSCompat\config.cpp,10617,JLTS_droid_comlink_165,JLTS_droid_comlink,CfgWeapons,,Battle droid radio 165,MrClock,Inherited locally from JLTS_droid_comlink
TAEJLTSCompat\config.cpp,10626,JLTS_droid_comlink_166,JLTS_droid_comlink,CfgWeapons,,Battle droid radio 166,MrClock,Inherited locally from JLTS_droid_comlink
TAEJLTSCompat\config.cpp,10635,JLTS_droid_comlink_167,JLTS_droid_comlink,CfgWeapons,,Battle droid radio 167,MrClock,Inherited locally from JLTS_droid_comlink
TAEJLTSCompat\config.cpp,10644,JLTS_droid_comlink_168,JLTS_droid_comlink,CfgWeapons,,Battle droid radio 168,MrClock,Inherited locally from JLTS_droid_comlink
TAEJLTSCompat\config.cpp,10653,JLTS_droid_comlink_169,JLTS_droid_comlink,CfgWeapons,,Battle droid radio 169,MrClock,Inherited locally from JLTS_droid_comlink
TAEJLTSCompat\config.cpp,10662,JLTS_droid_comlink_170,JLTS_droid_comlink,CfgWeapons,,Battle droid radio 170,MrClock,Inherited locally from JLTS_droid_comlink
TAEJLTSCompat\config.cpp,10671,JLTS_droid_comlink_171,JLTS_droid_comlink,CfgWeapons,,Battle droid radio 171,MrClock,Inherited locally from JLTS_droid_comlink
TAEJLTSCompat\config.cpp,10680,JLTS_droid_comlink_172,JLTS_droid_comlink,CfgWeapons,,Battle droid radio 172,MrClock,Inherited locally from JLTS_droid_comlink
TAEJLTSCompat\config.cpp,10689,JLTS_droid_comlink_173,JLTS_droid_comlink,CfgWeapons,,Battle droid radio 173,MrClock,Inherited locally from JLTS_droid_comlink
TAEJLTSCompat\config.cpp,10698,JLTS_droid_comlink_174,JLTS_droid_comlink,CfgWeapons,,Battle droid radio 174,MrClock,Inherited locally from JLTS_droid_comlink
TAEJLTSCompat\config.cpp,10707,JLTS_droid_comlink_175,JLTS_droid_comlink,CfgWeapons,,Battle droid radio 175,MrClock,Inherited locally from JLTS_droid_comlink
TAEJLTSCompat\config.cpp,10716,JLTS_droid_comlink_176,JLTS_droid_comlink,CfgWeapons,,Battle droid radio 176,MrClock,Inherited locally from JLTS_droid_comlink
TAEJLTSCompat\config.cpp,10725,JLTS_droid_comlink_177,JLTS_droid_comlink,CfgWeapons,,Battle droid radio 177,MrClock,Inherited locally from JLTS_droid_comlink
TAEJLTSCompat\config.cpp,10734,JLTS_droid_comlink_178,JLTS_droid_comlink,CfgWeapons,,Battle droid radio 178,MrClock,Inherited locally from JLTS_droid_comlink
TAEJLTSCompat\config.cpp,10743,JLTS_droid_comlink_179,JLTS_droid_comlink,CfgWeapons,,Battle droid radio 179,MrClock,Inherited locally from JLTS_droid_comlink
TAEJLTSCompat\config.cpp,10752,JLTS_droid_comlink_180,JLTS_droid_comlink,CfgWeapons,,Battle droid radio 180,MrClock,Inherited locally from JLTS_droid_comlink
TAEJLTSCompat\config.cpp,10761,JLTS_droid_comlink_181,JLTS_droid_comlink,CfgWeapons,,Battle droid radio 181,MrClock,Inherited locally from JLTS_droid_comlink
TAEJLTSCompat\config.cpp,10770,JLTS_droid_comlink_182,JLTS_droid_comlink,CfgWeapons,,Battle droid radio 182,MrClock,Inherited locally from JLTS_droid_comlink
TAEJLTSCompat\config.cpp,10779,JLTS_droid_comlink_183,JLTS_droid_comlink,CfgWeapons,,Battle droid radio 183,MrClock,Inherited locally from JLTS_droid_comlink
TAEJLTSCompat\config.cpp,10788,JLTS_droid_comlink_184,JLTS_droid_comlink,CfgWeapons,,Battle droid radio 184,MrClock,Inherited locally from JLTS_droid_comlink
TAEJLTSCompat\config.cpp,10797,JLTS_droid_comlink_185,JLTS_droid_comlink,CfgWeapons,,Battle droid radio 185,MrClock,Inherited locally from JLTS_droid_comlink
TAEJLTSCompat\config.cpp,10806,JLTS_droid_comlink_186,JLTS_droid_comlink,CfgWeapons,,Battle droid radio 186,MrClock,Inherited locally from JLTS_droid_comlink
TAEJLTSCompat\config.cpp,10815,JLTS_droid_comlink_187,JLTS_droid_comlink,CfgWeapons,,Battle droid radio 187,MrClock,Inherited locally from JLTS_droid_comlink
TAEJLTSCompat\config.cpp,10824,JLTS_droid_comlink_188,JLTS_droid_comlink,CfgWeapons,,Battle droid radio 188,MrClock,Inherited locally from JLTS_droid_comlink
TAEJLTSCompat\config.cpp,10833,JLTS_droid_comlink_189,JLTS_droid_comlink,CfgWeapons,,Battle droid radio 189,MrClock,Inherited locally from JLTS_droid_comlink
TAEJLTSCompat\config.cpp,10842,JLTS_droid_comlink_190,JLTS_droid_comlink,CfgWeapons,,Battle droid radio 190,MrClock,Inherited locally from JLTS_droid_comlink
TAEJLTSCompat\config.cpp,10851,JLTS_droid_comlink_191,JLTS_droid_comlink,CfgWeapons,,Battle droid radio 191,MrClock,Inherited locally from JLTS_droid_comlink
TAEJLTSCompat\config.cpp,10860,JLTS_droid_comlink_192,JLTS_droid_comlink,CfgWeapons,,Battle droid radio 192,MrClock,Inherited locally from JLTS_droid_comlink
TAEJLTSCompat\config.cpp,10869,JLTS_droid_comlink_193,JLTS_droid_comlink,CfgWeapons,,Battle droid radio 193,MrClock,Inherited locally from JLTS_droid_comlink
TAEJLTSCompat\config.cpp,10878,JLTS_droid_comlink_194,JLTS_droid_comlink,CfgWeapons,,Battle droid radio 194,MrClock,Inherited locally from JLTS_droid_comlink
TAEJLTSCompat\config.cpp,10887,JLTS_droid_comlink_195,JLTS_droid_comlink,CfgWeapons,,Battle droid radio 195,MrClock,Inherited locally from JLTS_droid_comlink
TAEJLTSCompat\config.cpp,10896,JLTS_droid_comlink_196,JLTS_droid_comlink,CfgWeapons,,Battle droid radio 196,MrClock,Inherited locally from JLTS_droid_comlink
TAEJLTSCompat\config.cpp,10905,JLTS_droid_comlink_197,JLTS_droid_comlink,CfgWeapons,,Battle droid radio 197,MrClock,Inherited locally from JLTS_droid_comlink
TAEJLTSCompat\config.cpp,10914,JLTS_droid_comlink_198,JLTS_droid_comlink,CfgWeapons,,Battle droid radio 198,MrClock,Inherited locally from JLTS_droid_comlink
TAEJLTSCompat\config.cpp,10923,JLTS_droid_comlink_199,JLTS_droid_comlink,CfgWeapons,,Battle droid radio 199,MrClock,Inherited locally from JLTS_droid_comlink
TAEJLTSCompat\config.cpp,10932,JLTS_droid_comlink_200,JLTS_droid_comlink,CfgWeapons,,Battle droid radio 200,MrClock,Inherited locally from JLTS_droid_comlink
TAEJLTSCompat\config.cpp,10941,JLTS_droid_comlink_201,JLTS_droid_comlink,CfgWeapons,,Battle droid radio 201,MrClock,Inherited locally from JLTS_droid_comlink
TAEJLTSCompat\config.cpp,10950,JLTS_droid_comlink_202,JLTS_droid_comlink,CfgWeapons,,Battle droid radio 202,MrClock,Inherited locally from JLTS_droid_comlink
TAEJLTSCompat\config.cpp,10959,JLTS_droid_comlink_203,JLTS_droid_comlink,CfgWeapons,,Battle droid radio 203,MrClock,Inherited locally from JLTS_droid_comlink
TAEJLTSCompat\config.cpp,10968,JLTS_droid_comlink_204,JLTS_droid_comlink,CfgWeapons,,Battle droid radio 204,MrClock,Inherited locally from JLTS_droid_comlink
TAEJLTSCompat\config.cpp,10977,JLTS_droid_comlink_205,JLTS_droid_comlink,CfgWeapons,,Battle droid radio 205,MrClock,Inherited locally from JLTS_droid_comlink
TAEJLTSCompat\config.cpp,10986,JLTS_droid_comlink_206,JLTS_droid_comlink,CfgWeapons,,Battle droid radio 206,MrClock,Inherited locally from JLTS_droid_comlink
TAEJLTSCompat\config.cpp,10995,JLTS_droid_comlink_207,JLTS_droid_comlink,CfgWeapons,,Battle droid radio 207,MrClock,Inherited locally from JLTS_droid_comlink
TAEJLTSCompat\config.cpp,11004,JLTS_droid_comlink_208,JLTS_droid_comlink,CfgWeapons,,Battle droid radio 208,MrClock,Inherited locally from JLTS_droid_comlink
TAEJLTSCompat\config.cpp,11013,JLTS_droid_comlink_209,JLTS_droid_comlink,CfgWeapons,,Battle droid radio 209,MrClock,Inherited locally from JLTS_droid_comlink
TAEJLTSCompat\config.cpp,11022,JLTS_droid_comlink_210,JLTS_droid_comlink,CfgWeapons,,Battle droid radio 210,MrClock,Inherited locally from JLTS_droid_comlink
TAEJLTSCompat\config.cpp,11031,JLTS_droid_comlink_211,JLTS_droid_comlink,CfgWeapons,,Battle droid radio 211,MrClock,Inherited locally from JLTS_droid_comlink
TAEJLTSCompat\config.cpp,11040,JLTS_droid_comlink_212,JLTS_droid_comlink,CfgWeapons,,Battle droid radio 212,MrClock,Inherited locally from JLTS_droid_comlink
TAEJLTSCompat\config.cpp,11049,JLTS_droid_comlink_213,JLTS_droid_comlink,CfgWeapons,,Battle droid radio 213,MrClock,Inherited locally from JLTS_droid_comlink
TAEJLTSCompat\config.cpp,11058,JLTS_droid_comlink_214,JLTS_droid_comlink,CfgWeapons,,Battle droid radio 214,MrClock,Inherited locally from JLTS_droid_comlink
TAEJLTSCompat\config.cpp,11067,JLTS_droid_comlink_215,JLTS_droid_comlink,CfgWeapons,,Battle droid radio 215,MrClock,Inherited locally from JLTS_droid_comlink
TAEJLTSCompat\config.cpp,11076,JLTS_droid_comlink_216,JLTS_droid_comlink,CfgWeapons,,Battle droid radio 216,MrClock,Inherited locally from JLTS_droid_comlink
TAEJLTSCompat\config.cpp,11085,JLTS_droid_comlink_217,JLTS_droid_comlink,CfgWeapons,,Battle droid radio 217,MrClock,Inherited locally from JLTS_droid_comlink
TAEJLTSCompat\config.cpp,11094,JLTS_droid_comlink_218,JLTS_droid_comlink,CfgWeapons,,Battle droid radio 218,MrClock,Inherited locally from JLTS_droid_comlink
TAEJLTSCompat\config.cpp,11103,JLTS_droid_comlink_219,JLTS_droid_comlink,CfgWeapons,,Battle droid radio 219,MrClock,Inherited locally from JLTS_droid_comlink
TAEJLTSCompat\config.cpp,11112,JLTS_droid_comlink_220,JLTS_droid_comlink,CfgWeapons,,Battle droid radio 220,MrClock,Inherited locally from JLTS_droid_comlink
TAEJLTSCompat\config.cpp,11121,JLTS_droid_comlink_221,JLTS_droid_comlink,CfgWeapons,,Battle droid radio 221,MrClock,Inherited locally from JLTS_droid_comlink
TAEJLTSCompat\config.cpp,11130,JLTS_droid_comlink_222,JLTS_droid_comlink,CfgWeapons,,Battle droid radio 222,MrClock,Inherited locally from JLTS_droid_comlink
TAEJLTSCompat\config.cpp,11139,JLTS_droid_comlink_223,JLTS_droid_comlink,CfgWeapons,,Battle droid radio 223,MrClock,Inherited locally from JLTS_droid_comlink
TAEJLTSCompat\config.cpp,11148,JLTS_droid_comlink_224,JLTS_droid_comlink,CfgWeapons,,Battle droid radio 224,MrClock,Inherited locally from JLTS_droid_comlink
TAEJLTSCompat\config.cpp,11157,JLTS_droid_comlink_225,JLTS_droid_comlink,CfgWeapons,,Battle droid radio 225,MrClock,Inherited locally from JLTS_droid_comlink
TAEJLTSCompat\config.cpp,11166,JLTS_droid_comlink_226,JLTS_droid_comlink,CfgWeapons,,Battle droid radio 226,MrClock,Inherited locally from JLTS_droid_comlink
TAEJLTSCompat\config.cpp,11175,JLTS_droid_comlink_227,JLTS_droid_comlink,CfgWeapons,,Battle droid radio 227,MrClock,Inherited locally from JLTS_droid_comlink
TAEJLTSCompat\config.cpp,11184,JLTS_droid_comlink_228,JLTS_droid_comlink,CfgWeapons,,Battle droid radio 228,MrClock,Inherited locally from JLTS_droid_comlink
TAEJLTSCompat\config.cpp,11193,JLTS_droid_comlink_229,JLTS_droid_comlink,CfgWeapons,,Battle droid radio 229,MrClock,Inherited locally from JLTS_droid_comlink
TAEJLTSCompat\config.cpp,11202,JLTS_droid_comlink_230,JLTS_droid_comlink,CfgWeapons,,Battle droid radio 230,MrClock,Inherited locally from JLTS_droid_comlink
TAEJLTSCompat\config.cpp,11211,JLTS_droid_comlink_231,JLTS_droid_comlink,CfgWeapons,,Battle droid radio 231,MrClock,Inherited locally from JLTS_droid_comlink
TAEJLTSCompat\config.cpp,11220,JLTS_droid_comlink_232,JLTS_droid_comlink,CfgWeapons,,Battle droid radio 232,MrClock,Inherited locally from JLTS_droid_comlink
TAEJLTSCompat\config.cpp,11229,JLTS_droid_comlink_233,JLTS_droid_comlink,CfgWeapons,,Battle droid radio 233,MrClock,Inherited locally from JLTS_droid_comlink
TAEJLTSCompat\config.cpp,11238,JLTS_droid_comlink_234,JLTS_droid_comlink,CfgWeapons,,Battle droid radio 234,MrClock,Inherited locally from JLTS_droid_comlink
TAEJLTSCompat\config.cpp,11247,JLTS_droid_comlink_235,JLTS_droid_comlink,CfgWeapons,,Battle droid radio 235,MrClock,Inherited locally from JLTS_droid_comlink
TAEJLTSCompat\config.cpp,11256,JLTS_droid_comlink_236,JLTS_droid_comlink,CfgWeapons,,Battle droid radio 236,MrClock,Inherited locally from JLTS_droid_comlink
TAEJLTSCompat\config.cpp,11265,JLTS_droid_comlink_237,JLTS_droid_comlink,CfgWeapons,,Battle droid radio 237,MrClock,Inherited locally from JLTS_droid_comlink
TAEJLTSCompat\config.cpp,11274,JLTS_droid_comlink_238,JLTS_droid_comlink,CfgWeapons,,Battle droid radio 238,MrClock,Inherited locally from JLTS_droid_comlink
TAEJLTSCompat\config.cpp,11283,JLTS_droid_comlink_239,JLTS_droid_comlink,CfgWeapons,,Battle droid radio 239,MrClock,Inherited locally from JLTS_droid_comlink
TAEJLTSCompat\config.cpp,11292,JLTS_droid_comlink_240,JLTS_droid_comlink,CfgWeapons,,Battle droid radio 240,MrClock,Inherited locally from JLTS_droid_comlink
TAEJLTSCompat\config.cpp,11301,JLTS_droid_comlink_241,JLTS_droid_comlink,CfgWeapons,,Battle droid radio 241,MrClock,Inherited locally from JLTS_droid_comlink
TAEJLTSCompat\config.cpp,11310,JLTS_droid_comlink_242,JLTS_droid_comlink,CfgWeapons,,Battle droid radio 242,MrClock,Inherited locally from JLTS_droid_comlink
TAEJLTSCompat\config.cpp,11319,JLTS_droid_comlink_243,JLTS_droid_comlink,CfgWeapons,,Battle droid radio 243,MrClock,Inherited locally from JLTS_droid_comlink
TAEJLTSCompat\config.cpp,11328,JLTS_droid_comlink_244,JLTS_droid_comlink,CfgWeapons,,Battle droid radio 244,MrClock,Inherited locally from JLTS_droid_comlink
TAEJLTSCompat\config.cpp,11337,JLTS_droid_comlink_245,JLTS_droid_comlink,CfgWeapons,,Battle droid radio 245,MrClock,Inherited locally from JLTS_droid_comlink
TAEJLTSCompat\config.cpp,11346,JLTS_droid_comlink_246,JLTS_droid_comlink,CfgWeapons,,Battle droid radio 246,MrClock,Inherited locally from JLTS_droid_comlink
TAEJLTSCompat\config.cpp,11355,JLTS_droid_comlink_247,JLTS_droid_comlink,CfgWeapons,,Battle droid radio 247,MrClock,Inherited locally from JLTS_droid_comlink
TAEJLTSCompat\config.cpp,11364,JLTS_droid_comlink_248,JLTS_droid_comlink,CfgWeapons,,Battle droid radio 248,MrClock,Inherited locally from JLTS_droid_comlink
TAEJLTSCompat\config.cpp,11373,JLTS_droid_comlink_249,JLTS_droid_comlink,CfgWeapons,,Battle droid radio 249,MrClock,Inherited locally from JLTS_droid_comlink
TAEJLTSCompat\config.cpp,11382,JLTS_droid_comlink_250,JLTS_droid_comlink,CfgWeapons,,Battle droid radio 250,MrClock,Inherited locally from JLTS_droid_comlink
TAEJLTSCompat\config.cpp,11391,JLTS_droid_comlink_251,JLTS_droid_comlink,CfgWeapons,,Battle droid radio 251,MrClock,Inherited locally from JLTS_droid_comlink
TAEJLTSCompat\config.cpp,11400,JLTS_droid_comlink_252,JLTS_droid_comlink,CfgWeapons,,Battle droid radio 252,MrClock,Inherited locally from JLTS_droid_comlink
TAEJLTSCompat\config.cpp,11409,JLTS_droid_comlink_253,JLTS_droid_comlink,CfgWeapons,,Battle droid radio 253,MrClock,Inherited locally from JLTS_droid_comlink
TAEJLTSCompat\config.cpp,11418,JLTS_droid_comlink_254,JLTS_droid_comlink,CfgWeapons,,Battle droid radio 254,MrClock,Inherited locally from JLTS_droid_comlink
TAEJLTSCompat\config.cpp,11427,JLTS_droid_comlink_255,JLTS_droid_comlink,CfgWeapons,,Battle droid radio 255,MrClock,Inherited locally from JLTS_droid_comlink
TAEJLTSCompat\config.cpp,11436,JLTS_droid_comlink_256,JLTS_droid_comlink,CfgWeapons,,Battle droid radio 256,MrClock,Inherited locally from JLTS_droid_comlink
TAEJLTSCompat\config.cpp,11445,JLTS_droid_comlink_257,JLTS_droid_comlink,CfgWeapons,,Battle droid radio 257,MrClock,Inherited locally from JLTS_droid_comlink
TAEJLTSCompat\config.cpp,11454,JLTS_droid_comlink_258,JLTS_droid_comlink,CfgWeapons,,Battle droid radio 258,MrClock,Inherited locally from JLTS_droid_comlink
TAEJLTSCompat\config.cpp,11463,JLTS_droid_comlink_259,JLTS_droid_comlink,CfgWeapons,,Battle droid radio 259,MrClock,Inherited locally from JLTS_droid_comlink
TAEJLTSCompat\config.cpp,11472,JLTS_droid_comlink_260,JLTS_droid_comlink,CfgWeapons,,Battle droid radio 260,MrClock,Inherited locally from JLTS_droid_comlink
TAEJLTSCompat\config.cpp,11481,JLTS_droid_comlink_261,JLTS_droid_comlink,CfgWeapons,,Battle droid radio 261,MrClock,Inherited locally from JLTS_droid_comlink
TAEJLTSCompat\config.cpp,11490,JLTS_droid_comlink_262,JLTS_droid_comlink,CfgWeapons,,Battle droid radio 262,MrClock,Inherited locally from JLTS_droid_comlink
TAEJLTSCompat\config.cpp,11499,JLTS_droid_comlink_263,JLTS_droid_comlink,CfgWeapons,,Battle droid radio 263,MrClock,Inherited locally from JLTS_droid_comlink
TAEJLTSCompat\config.cpp,11508,JLTS_droid_comlink_264,JLTS_droid_comlink,CfgWeapons,,Battle droid radio 264,MrClock,Inherited locally from JLTS_droid_comlink
TAEJLTSCompat\config.cpp,11517,JLTS_droid_comlink_265,JLTS_droid_comlink,CfgWeapons,,Battle droid radio 265,MrClock,Inherited locally from JLTS_droid_comlink
TAEJLTSCompat\config.cpp,11526,JLTS_droid_comlink_266,JLTS_droid_comlink,CfgWeapons,,Battle droid radio 266,MrClock,Inherited locally from JLTS_droid_comlink
TAEJLTSCompat\config.cpp,11535,JLTS_droid_comlink_267,JLTS_droid_comlink,CfgWeapons,,Battle droid radio 267,MrClock,Inherited locally from JLTS_droid_comlink
TAEJLTSCompat\config.cpp,11544,JLTS_droid_comlink_268,JLTS_droid_comlink,CfgWeapons,,Battle droid radio 268,MrClock,Inherited locally from JLTS_droid_comlink
TAEJLTSCompat\config.cpp,11553,JLTS_droid_comlink_269,JLTS_droid_comlink,CfgWeapons,,Battle droid radio 269,MrClock,Inherited locally from JLTS_droid_comlink
TAEJLTSCompat\config.cpp,11562,JLTS_droid_comlink_270,JLTS_droid_comlink,CfgWeapons,,Battle droid radio 270,MrClock,Inherited locally from JLTS_droid_comlink
TAEJLTSCompat\config.cpp,11571,JLTS_droid_comlink_271,JLTS_droid_comlink,CfgWeapons,,Battle droid radio 271,MrClock,Inherited locally from JLTS_droid_comlink
TAEJLTSCompat\config.cpp,11580,JLTS_droid_comlink_272,JLTS_droid_comlink,CfgWeapons,,Battle droid radio 272,MrClock,Inherited locally from JLTS_droid_comlink
TAEJLTSCompat\config.cpp,11589,JLTS_droid_comlink_273,JLTS_droid_comlink,CfgWeapons,,Battle droid radio 273,MrClock,Inherited locally from JLTS_droid_comlink
TAEJLTSCompat\config.cpp,11598,JLTS_droid_comlink_274,JLTS_droid_comlink,CfgWeapons,,Battle droid radio 274,MrClock,Inherited locally from JLTS_droid_comlink
TAEJLTSCompat\config.cpp,11607,JLTS_droid_comlink_275,JLTS_droid_comlink,CfgWeapons,,Battle droid radio 275,MrClock,Inherited locally from JLTS_droid_comlink
TAEJLTSCompat\config.cpp,11616,JLTS_droid_comlink_276,JLTS_droid_comlink,CfgWeapons,,Battle droid radio 276,MrClock,Inherited locally from JLTS_droid_comlink
TAEJLTSCompat\config.cpp,11625,JLTS_droid_comlink_277,JLTS_droid_comlink,CfgWeapons,,Battle droid radio 277,MrClock,Inherited locally from JLTS_droid_comlink
TAEJLTSCompat\config.cpp,11634,JLTS_droid_comlink_278,JLTS_droid_comlink,CfgWeapons,,Battle droid radio 278,MrClock,Inherited locally from JLTS_droid_comlink
TAEJLTSCompat\config.cpp,11643,JLTS_droid_comlink_279,JLTS_droid_comlink,CfgWeapons,,Battle droid radio 279,MrClock,Inherited locally from JLTS_droid_comlink
TAEJLTSCompat\config.cpp,11652,JLTS_droid_comlink_280,JLTS_droid_comlink,CfgWeapons,,Battle droid radio 280,MrClock,Inherited locally from JLTS_droid_comlink
TAEJLTSCompat\config.cpp,11661,JLTS_droid_comlink_281,JLTS_droid_comlink,CfgWeapons,,Battle droid radio 281,MrClock,Inherited locally from JLTS_droid_comlink
TAEJLTSCompat\config.cpp,11670,JLTS_droid_comlink_282,JLTS_droid_comlink,CfgWeapons,,Battle droid radio 282,MrClock,Inherited locally from JLTS_droid_comlink
TAEJLTSCompat\config.cpp,11679,JLTS_droid_comlink_283,JLTS_droid_comlink,CfgWeapons,,Battle droid radio 283,MrClock,Inherited locally from JLTS_droid_comlink
TAEJLTSCompat\config.cpp,11688,JLTS_droid_comlink_284,JLTS_droid_comlink,CfgWeapons,,Battle droid radio 284,MrClock,Inherited locally from JLTS_droid_comlink
TAEJLTSCompat\config.cpp,11697,JLTS_droid_comlink_285,JLTS_droid_comlink,CfgWeapons,,Battle droid radio 285,MrClock,Inherited locally from JLTS_droid_comlink
TAEJLTSCompat\config.cpp,11706,JLTS_droid_comlink_286,JLTS_droid_comlink,CfgWeapons,,Battle droid radio 286,MrClock,Inherited locally from JLTS_droid_comlink
TAEJLTSCompat\config.cpp,11715,JLTS_droid_comlink_287,JLTS_droid_comlink,CfgWeapons,,Battle droid radio 287,MrClock,Inherited locally from JLTS_droid_comlink
TAEJLTSCompat\config.cpp,11724,JLTS_droid_comlink_288,JLTS_droid_comlink,CfgWeapons,,Battle droid radio 288,MrClock,Inherited locally from JLTS_droid_comlink
TAEJLTSCompat\config.cpp,11733,JLTS_droid_comlink_289,JLTS_droid_comlink,CfgWeapons,,Battle droid radio 289,MrClock,Inherited locally from JLTS_droid_comlink
TAEJLTSCompat\config.cpp,11742,JLTS_droid_comlink_290,JLTS_droid_comlink,CfgWeapons,,Battle droid radio 290,MrClock,Inherited locally from JLTS_droid_comlink
TAEJLTSCompat\config.cpp,11751,JLTS_droid_comlink_291,JLTS_droid_comlink,CfgWeapons,,Battle droid radio 291,MrClock,Inherited locally from JLTS_droid_comlink
TAEJLTSCompat\config.cpp,11760,JLTS_droid_comlink_292,JLTS_droid_comlink,CfgWeapons,,Battle droid radio 292,MrClock,Inherited locally from JLTS_droid_comlink
TAEJLTSCompat\config.cpp,11769,JLTS_droid_comlink_293,JLTS_droid_comlink,CfgWeapons,,Battle droid radio 293,MrClock,Inherited locally from JLTS_droid_comlink
TAEJLTSCompat\config.cpp,11778,JLTS_droid_comlink_294,JLTS_droid_comlink,CfgWeapons,,Battle droid radio 294,MrClock,Inherited locally from JLTS_droid_comlink
TAEJLTSCompat\config.cpp,11787,JLTS_droid_comlink_295,JLTS_droid_comlink,CfgWeapons,,Battle droid radio 295,MrClock,Inherited locally from JLTS_droid_comlink
TAEJLTSCompat\config.cpp,11796,JLTS_droid_comlink_296,JLTS_droid_comlink,CfgWeapons,,Battle droid radio 296,MrClock,Inherited locally from JLTS_droid_comlink
TAEJLTSCompat\config.cpp,11805,JLTS_droid_comlink_297,JLTS_droid_comlink,CfgWeapons,,Battle droid radio 297,MrClock,Inherited locally from JLTS_droid_comlink
TAEJLTSCompat\config.cpp,11814,JLTS_droid_comlink_298,JLTS_droid_comlink,CfgWeapons,,Battle droid radio 298,MrClock,Inherited locally from JLTS_droid_comlink
TAEJLTSCompat\config.cpp,11823,JLTS_droid_comlink_299,JLTS_droid_comlink,CfgWeapons,,Battle droid radio 299,MrClock,Inherited locally from JLTS_droid_comlink
TAEJLTSCompat\config.cpp,11832,JLTS_droid_comlink_300,JLTS_droid_comlink,CfgWeapons,,Battle droid radio 300,MrClock,Inherited locally from JLTS_droid_comlink
TAEJLTSCompat\config.cpp,11841,JLTS_droid_comlink_301,JLTS_droid_comlink,CfgWeapons,,Battle droid radio 301,MrClock,Inherited locally from JLTS_droid_comlink
TAEJLTSCompat\config.cpp,11850,JLTS_droid_comlink_302,JLTS_droid_comlink,CfgWeapons,,Battle droid radio 302,MrClock,Inherited locally from JLTS_droid_comlink
TAEJLTSCompat\config.cpp,11859,JLTS_droid_comlink_303,JLTS_droid_comlink,CfgWeapons,,Battle droid radio 303,MrClock,Inherited locally from JLTS_droid_comlink
TAEJLTSCompat\config.cpp,11868,JLTS_droid_comlink_304,JLTS_droid_comlink,CfgWeapons,,Battle droid radio 304,MrClock,Inherited locally from JLTS_droid_comlink
TAEJLTSCompat\config.cpp,11877,JLTS_droid_comlink_305,JLTS_droid_comlink,CfgWeapons,,Battle droid radio 305,MrClock,Inherited locally from JLTS_droid_comlink
TAEJLTSCompat\config.cpp,11886,JLTS_droid_comlink_306,JLTS_droid_comlink,CfgWeapons,,Battle droid radio 306,MrClock,Inherited locally from JLTS_droid_comlink
TAEJLTSCompat\config.cpp,11895,JLTS_droid_comlink_307,JLTS_droid_comlink,CfgWeapons,,Battle droid radio 307,MrClock,Inherited locally from JLTS_droid_comlink
TAEJLTSCompat\config.cpp,11904,JLTS_droid_comlink_308,JLTS_droid_comlink,CfgWeapons,,Battle droid radio 308,MrClock,Inherited locally from JLTS_droid_comlink
TAEJLTSCompat\config.cpp,11913,JLTS_droid_comlink_309,JLTS_droid_comlink,CfgWeapons,,Battle droid radio 309,MrClock,Inherited locally from JLTS_droid_comlink
TAEJLTSCompat\config.cpp,11922,JLTS_droid_comlink_310,JLTS_droid_comlink,CfgWeapons,,Battle droid radio 310,MrClock,Inherited locally from JLTS_droid_comlink
TAEJLTSCompat\config.cpp,11931,JLTS_droid_comlink_311,JLTS_droid_comlink,CfgWeapons,,Battle droid radio 311,MrClock,Inherited locally from JLTS_droid_comlink
TAEJLTSCompat\config.cpp,11940,JLTS_droid_comlink_312,JLTS_droid_comlink,CfgWeapons,,Battle droid radio 312,MrClock,Inherited locally from JLTS_droid_comlink
TAEJLTSCompat\config.cpp,11949,JLTS_droid_comlink_313,JLTS_droid_comlink,CfgWeapons,,Battle droid radio 313,MrClock,Inherited locally from JLTS_droid_comlink
TAEJLTSCompat\config.cpp,11958,JLTS_droid_comlink_314,JLTS_droid_comlink,CfgWeapons,,Battle droid radio 314,MrClock,Inherited locally from JLTS_droid_comlink
TAEJLTSCompat\config.cpp,11967,JLTS_droid_comlink_315,JLTS_droid_comlink,CfgWeapons,,Battle droid radio 315,MrClock,Inherited locally from JLTS_droid_comlink
TAEJLTSCompat\config.cpp,11976,JLTS_droid_comlink_316,JLTS_droid_comlink,CfgWeapons,,Battle droid radio 316,MrClock,Inherited locally from JLTS_droid_comlink
TAEJLTSCompat\config.cpp,11985,JLTS_droid_comlink_317,JLTS_droid_comlink,CfgWeapons,,Battle droid radio 317,MrClock,Inherited locally from JLTS_droid_comlink
TAEJLTSCompat\config.cpp,11994,JLTS_droid_comlink_318,JLTS_droid_comlink,CfgWeapons,,Battle droid radio 318,MrClock,Inherited locally from JLTS_droid_comlink
TAEJLTSCompat\config.cpp,12003,JLTS_droid_comlink_319,JLTS_droid_comlink,CfgWeapons,,Battle droid radio 319,MrClock,Inherited locally from JLTS_droid_comlink
TAEJLTSCompat\config.cpp,12012,JLTS_droid_comlink_320,JLTS_droid_comlink,CfgWeapons,,Battle droid radio 320,MrClock,Inherited locally from JLTS_droid_comlink
TAEJLTSCompat\config.cpp,12021,JLTS_droid_comlink_321,JLTS_droid_comlink,CfgWeapons,,Battle droid radio 321,MrClock,Inherited locally from JLTS_droid_comlink
TAEJLTSCompat\config.cpp,12030,JLTS_droid_comlink_322,JLTS_droid_comlink,CfgWeapons,,Battle droid radio 322,MrClock,Inherited locally from JLTS_droid_comlink
TAEJLTSCompat\config.cpp,12039,JLTS_droid_comlink_323,JLTS_droid_comlink,CfgWeapons,,Battle droid radio 323,MrClock,Inherited locally from JLTS_droid_comlink
TAEJLTSCompat\config.cpp,12048,JLTS_droid_comlink_324,JLTS_droid_comlink,CfgWeapons,,Battle droid radio 324,MrClock,Inherited locally from JLTS_droid_comlink
TAEJLTSCompat\config.cpp,12057,JLTS_droid_comlink_325,JLTS_droid_comlink,CfgWeapons,,Battle droid radio 325,MrClock,Inherited locally from JLTS_droid_comlink
TAEJLTSCompat\config.cpp,12066,JLTS_droid_comlink_326,JLTS_droid_comlink,CfgWeapons,,Battle droid radio 326,MrClock,Inherited locally from JLTS_droid_comlink
TAEJLTSCompat\config.cpp,12075,JLTS_droid_comlink_327,JLTS_droid_comlink,CfgWeapons,,Battle droid radio 327,MrClock,Inherited locally from JLTS_droid_comlink
TAEJLTSCompat\config.cpp,12084,JLTS_droid_comlink_328,JLTS_droid_comlink,CfgWeapons,,Battle droid radio 328,MrClock,Inherited locally from JLTS_droid_comlink
TAEJLTSCompat\config.cpp,12093,JLTS_droid_comlink_329,JLTS_droid_comlink,CfgWeapons,,Battle droid radio 329,MrClock,Inherited locally from JLTS_droid_comlink
TAEJLTSCompat\config.cpp,12102,JLTS_droid_comlink_330,JLTS_droid_comlink,CfgWeapons,,Battle droid radio 330,MrClock,Inherited locally from JLTS_droid_comlink
TAEJLTSCompat\config.cpp,12111,JLTS_droid_comlink_331,JLTS_droid_comlink,CfgWeapons,,Battle droid radio 331,MrClock,Inherited locally from JLTS_droid_comlink
TAEJLTSCompat\config.cpp,12120,JLTS_droid_comlink_332,JLTS_droid_comlink,CfgWeapons,,Battle droid radio 332,MrClock,Inherited locally from JLTS_droid_comlink
TAEJLTSCompat\config.cpp,12129,JLTS_droid_comlink_333,JLTS_droid_comlink,CfgWeapons,,Battle droid radio 333,MrClock,Inherited locally from JLTS_droid_comlink
TAEJLTSCompat\config.cpp,12138,JLTS_droid_comlink_334,JLTS_droid_comlink,CfgWeapons,,Battle droid radio 334,MrClock,Inherited locally from JLTS_droid_comlink
TAEJLTSCompat\config.cpp,12147,JLTS_droid_comlink_335,JLTS_droid_comlink,CfgWeapons,,Battle droid radio 335,MrClock,Inherited locally from JLTS_droid_comlink
TAEJLTSCompat\config.cpp,12156,JLTS_droid_comlink_336,JLTS_droid_comlink,CfgWeapons,,Battle droid radio 336,MrClock,Inherited locally from JLTS_droid_comlink
TAEJLTSCompat\config.cpp,12165,JLTS_droid_comlink_337,JLTS_droid_comlink,CfgWeapons,,Battle droid radio 337,MrClock,Inherited locally from JLTS_droid_comlink
TAEJLTSCompat\config.cpp,12174,JLTS_droid_comlink_338,JLTS_droid_comlink,CfgWeapons,,Battle droid radio 338,MrClock,Inherited locally from JLTS_droid_comlink
TAEJLTSCompat\config.cpp,12183,JLTS_droid_comlink_339,JLTS_droid_comlink,CfgWeapons,,Battle droid radio 339,MrClock,Inherited locally from JLTS_droid_comlink
TAEJLTSCompat\config.cpp,12192,JLTS_droid_comlink_340,JLTS_droid_comlink,CfgWeapons,,Battle droid radio 340,MrClock,Inherited locally from JLTS_droid_comlink
TAEJLTSCompat\config.cpp,12201,JLTS_droid_comlink_341,JLTS_droid_comlink,CfgWeapons,,Battle droid radio 341,MrClock,Inherited locally from JLTS_droid_comlink
TAEJLTSCompat\config.cpp,12210,JLTS_droid_comlink_342,JLTS_droid_comlink,CfgWeapons,,Battle droid radio 342,MrClock,Inherited locally from JLTS_droid_comlink
TAEJLTSCompat\config.cpp,12219,JLTS_droid_comlink_343,JLTS_droid_comlink,CfgWeapons,,Battle droid radio 343,MrClock,Inherited locally from JLTS_droid_comlink
TAEJLTSCompat\config.cpp,12228,JLTS_droid_comlink_344,JLTS_droid_comlink,CfgWeapons,,Battle droid radio 344,MrClock,Inherited locally from JLTS_droid_comlink
TAEJLTSCompat\config.cpp,12237,JLTS_droid_comlink_345,JLTS_droid_comlink,CfgWeapons,,Battle droid radio 345,MrClock,Inherited locally from JLTS_droid_comlink
TAEJLTSCompat\config.cpp,12246,JLTS_droid_comlink_346,JLTS_droid_comlink,CfgWeapons,,Battle droid radio 346,MrClock,Inherited locally from JLTS_droid_comlink
TAEJLTSCompat\config.cpp,12255,JLTS_droid_comlink_347,JLTS_droid_comlink,CfgWeapons,,Battle droid radio 347,MrClock,Inherited locally from JLTS_droid_comlink
TAEJLTSCompat\config.cpp,12264,JLTS_droid_comlink_348,JLTS_droid_comlink,CfgWeapons,,Battle droid radio 348,MrClock,Inherited locally from JLTS_droid_comlink
TAEJLTSCompat\config.cpp,12273,JLTS_droid_comlink_349,JLTS_droid_comlink,CfgWeapons,,Battle droid radio 349,MrClock,Inherited locally from JLTS_droid_comlink
TAEJLTSCompat\config.cpp,12282,JLTS_droid_comlink_350,JLTS_droid_comlink,CfgWeapons,,Battle droid radio 350,MrClock,Inherited locally from JLTS_droid_comlink
TAEJLTSCompat\config.cpp,12291,JLTS_droid_comlink_351,JLTS_droid_comlink,CfgWeapons,,Battle droid radio 351,MrClock,Inherited locally from JLTS_droid_comlink
TAEJLTSCompat\config.cpp,12300,JLTS_droid_comlink_352,JLTS_droid_comlink,CfgWeapons,,Battle droid radio 352,MrClock,Inherited locally from JLTS_droid_comlink
TAEJLTSCompat\config.cpp,12309,JLTS_droid_comlink_353,JLTS_droid_comlink,CfgWeapons,,Battle droid radio 353,MrClock,Inherited locally from JLTS_droid_comlink
TAEJLTSCompat\config.cpp,12318,JLTS_droid_comlink_354,JLTS_droid_comlink,CfgWeapons,,Battle droid radio 354,MrClock,Inherited locally from JLTS_droid_comlink
TAEJLTSCompat\config.cpp,12327,JLTS_droid_comlink_355,JLTS_droid_comlink,CfgWeapons,,Battle droid radio 355,MrClock,Inherited locally from JLTS_droid_comlink
TAEJLTSCompat\config.cpp,12336,JLTS_droid_comlink_356,JLTS_droid_comlink,CfgWeapons,,Battle droid radio 356,MrClock,Inherited locally from JLTS_droid_comlink
TAEJLTSCompat\config.cpp,12345,JLTS_droid_comlink_357,JLTS_droid_comlink,CfgWeapons,,Battle droid radio 357,MrClock,Inherited locally from JLTS_droid_comlink
TAEJLTSCompat\config.cpp,12354,JLTS_droid_comlink_358,JLTS_droid_comlink,CfgWeapons,,Battle droid radio 358,MrClock,Inherited locally from JLTS_droid_comlink
TAEJLTSCompat\config.cpp,12363,JLTS_droid_comlink_359,JLTS_droid_comlink,CfgWeapons,,Battle droid radio 359,MrClock,Inherited locally from JLTS_droid_comlink
TAEJLTSCompat\config.cpp,12372,JLTS_droid_comlink_360,JLTS_droid_comlink,CfgWeapons,,Battle droid radio 360,MrClock,Inherited locally from JLTS_droid_comlink
TAEJLTSCompat\config.cpp,12381,JLTS_droid_comlink_361,JLTS_droid_comlink,CfgWeapons,,Battle droid radio 361,MrClock,Inherited locally from JLTS_droid_comlink
TAEJLTSCompat\config.cpp,12390,JLTS_droid_comlink_362,JLTS_droid_comlink,CfgWeapons,,Battle droid radio 362,MrClock,Inherited locally from JLTS_droid_comlink
TAEJLTSCompat\config.cpp,12399,JLTS_droid_comlink_363,JLTS_droid_comlink,CfgWeapons,,Battle droid radio 363,MrClock,Inherited locally from JLTS_droid_comlink
TAEJLTSCompat\config.cpp,12408,JLTS_droid_comlink_364,JLTS_droid_comlink,CfgWeapons,,Battle droid radio 364,MrClock,Inherited locally from JLTS_droid_comlink
TAEJLTSCompat\config.cpp,12417,JLTS_droid_comlink_365,JLTS_droid_comlink,CfgWeapons,,Battle droid radio 365,MrClock,Inherited locally from JLTS_droid_comlink
TAEJLTSCompat\config.cpp,12426,JLTS_droid_comlink_366,JLTS_droid_comlink,CfgWeapons,,Battle droid radio 366,MrClock,Inherited locally from JLTS_droid_comlink
TAEJLTSCompat\config.cpp,12435,JLTS_droid_comlink_367,JLTS_droid_comlink,CfgWeapons,,Battle droid radio 367,MrClock,Inherited locally from JLTS_droid_comlink
TAEJLTSCompat\config.cpp,12444,JLTS_droid_comlink_368,JLTS_droid_comlink,CfgWeapons,,Battle droid radio 368,MrClock,Inherited locally from JLTS_droid_comlink
TAEJLTSCompat\config.cpp,12453,JLTS_droid_comlink_369,JLTS_droid_comlink,CfgWeapons,,Battle droid radio 369,MrClock,Inherited locally from JLTS_droid_comlink
TAEJLTSCompat\config.cpp,12462,JLTS_droid_comlink_370,JLTS_droid_comlink,CfgWeapons,,Battle droid radio 370,MrClock,Inherited locally from JLTS_droid_comlink
TAEJLTSCompat\config.cpp,12471,JLTS_droid_comlink_371,JLTS_droid_comlink,CfgWeapons,,Battle droid radio 371,MrClock,Inherited locally from JLTS_droid_comlink
TAEJLTSCompat\config.cpp,12480,JLTS_droid_comlink_372,JLTS_droid_comlink,CfgWeapons,,Battle droid radio 372,MrClock,Inherited locally from JLTS_droid_comlink
TAEJLTSCompat\config.cpp,12489,JLTS_droid_comlink_373,JLTS_droid_comlink,CfgWeapons,,Battle droid radio 373,MrClock,Inherited locally from JLTS_droid_comlink
TAEJLTSCompat\config.cpp,12498,JLTS_droid_comlink_374,JLTS_droid_comlink,CfgWeapons,,Battle droid radio 374,MrClock,Inherited locally from JLTS_droid_comlink
TAEJLTSCompat\config.cpp,12507,JLTS_droid_comlink_375,JLTS_droid_comlink,CfgWeapons,,Battle droid radio 375,MrClock,Inherited locally from JLTS_droid_comlink
TAEJLTSCompat\config.cpp,12516,JLTS_droid_comlink_376,JLTS_droid_comlink,CfgWeapons,,Battle droid radio 376,MrClock,Inherited locally from JLTS_droid_comlink
TAEJLTSCompat\config.cpp,12525,JLTS_droid_comlink_377,JLTS_droid_comlink,CfgWeapons,,Battle droid radio 377,MrClock,Inherited locally from JLTS_droid_comlink
TAEJLTSCompat\config.cpp,12534,JLTS_droid_comlink_378,JLTS_droid_comlink,CfgWeapons,,Battle droid radio 378,MrClock,Inherited locally from JLTS_droid_comlink
TAEJLTSCompat\config.cpp,12543,JLTS_droid_comlink_379,JLTS_droid_comlink,CfgWeapons,,Battle droid radio 379,MrClock,Inherited locally from JLTS_droid_comlink
TAEJLTSCompat\config.cpp,12552,JLTS_droid_comlink_380,JLTS_droid_comlink,CfgWeapons,,Battle droid radio 380,MrClock,Inherited locally from JLTS_droid_comlink
TAEJLTSCompat\config.cpp,12561,JLTS_droid_comlink_381,JLTS_droid_comlink,CfgWeapons,,Battle droid radio 381,MrClock,Inherited locally from JLTS_droid_comlink
TAEJLTSCompat\config.cpp,12570,JLTS_droid_comlink_382,JLTS_droid_comlink,CfgWeapons,,Battle droid radio 382,MrClock,Inherited locally from JLTS_droid_comlink
TAEJLTSCompat\config.cpp,12579,JLTS_droid_comlink_383,JLTS_droid_comlink,CfgWeapons,,Battle droid radio 383,MrClock,Inherited locally from JLTS_droid_comlink
TAEJLTSCompat\config.cpp,12588,JLTS_droid_comlink_384,JLTS_droid_comlink,CfgWeapons,,Battle droid radio 384,MrClock,Inherited locally from JLTS_droid_comlink
TAEJLTSCompat\config.cpp,12597,JLTS_droid_comlink_385,JLTS_droid_comlink,CfgWeapons,,Battle droid radio 385,MrClock,Inherited locally from JLTS_droid_comlink
TAEJLTSCompat\config.cpp,12606,JLTS_droid_comlink_386,JLTS_droid_comlink,CfgWeapons,,Battle droid radio 386,MrClock,Inherited locally from JLTS_droid_comlink
TAEJLTSCompat\config.cpp,12615,JLTS_droid_comlink_387,JLTS_droid_comlink,CfgWeapons,,Battle droid radio 387,MrClock,Inherited locally from JLTS_droid_comlink
TAEJLTSCompat\config.cpp,12624,JLTS_droid_comlink_388,JLTS_droid_comlink,CfgWeapons,,Battle droid radio 388,MrClock,Inherited locally from JLTS_droid_comlink
TAEJLTSCompat\config.cpp,12633,JLTS_droid_comlink_389,JLTS_droid_comlink,CfgWeapons,,Battle droid radio 389,MrClock,Inherited locally from JLTS_droid_comlink
TAEJLTSCompat\config.cpp,12642,JLTS_droid_comlink_390,JLTS_droid_comlink,CfgWeapons,,Battle droid radio 390,MrClock,Inherited locally from JLTS_droid_comlink
TAEJLTSCompat\config.cpp,12651,JLTS_droid_comlink_391,JLTS_droid_comlink,CfgWeapons,,Battle droid radio 391,MrClock,Inherited locally from JLTS_droid_comlink
TAEJLTSCompat\config.cpp,12660,JLTS_droid_comlink_392,JLTS_droid_comlink,CfgWeapons,,Battle droid radio 392,MrClock,Inherited locally from JLTS_droid_comlink
TAEJLTSCompat\config.cpp,12669,JLTS_droid_comlink_393,JLTS_droid_comlink,CfgWeapons,,Battle droid radio 393,MrClock,Inherited locally from JLTS_droid_comlink
TAEJLTSCompat\config.cpp,12678,JLTS_droid_comlink_394,JLTS_droid_comlink,CfgWeapons,,Battle droid radio 394,MrClock,Inherited locally from JLTS_droid_comlink
TAEJLTSCompat\config.cpp,12687,JLTS_droid_comlink_395,JLTS_droid_comlink,CfgWeapons,,Battle droid radio 395,MrClock,Inherited locally from JLTS_droid_comlink
TAEJLTSCompat\config.cpp,12696,JLTS_droid_comlink_396,JLTS_droid_comlink,CfgWeapons,,Battle droid radio 396,MrClock,Inherited locally from JLTS_droid_comlink
TAEJLTSCompat\config.cpp,12705,JLTS_droid_comlink_397,JLTS_droid_comlink,CfgWeapons,,Battle droid radio 397,MrClock,Inherited locally from JLTS_droid_comlink
TAEJLTSCompat\config.cpp,12714,JLTS_droid_comlink_398,JLTS_droid_comlink,CfgWeapons,,Battle droid radio 398,MrClock,Inherited locally from JLTS_droid_comlink
TAEJLTSCompat\config.cpp,12723,JLTS_droid_comlink_399,JLTS_droid_comlink,CfgWeapons,,Battle droid radio 399,MrClock,Inherited locally from JLTS_droid_comlink
TAEJLTSCompat\config.cpp,12732,JLTS_droid_comlink_400,JLTS_droid_comlink,CfgWeapons,,Battle droid radio 400,MrClock,Inherited locally from JLTS_droid_comlink
TAEJLTSCompat\config.cpp,12741,JLTS_droid_comlink_401,JLTS_droid_comlink,CfgWeapons,,Battle droid radio 401,MrClock,Inherited locally from JLTS_droid_comlink
TAEJLTSCompat\config.cpp,12750,JLTS_droid_comlink_402,JLTS_droid_comlink,CfgWeapons,,Battle droid radio 402,MrClock,Inherited locally from JLTS_droid_comlink
TAEJLTSCompat\config.cpp,12759,JLTS_droid_comlink_403,JLTS_droid_comlink,CfgWeapons,,Battle droid radio 403,MrClock,Inherited locally from JLTS_droid_comlink
TAEJLTSCompat\config.cpp,12768,JLTS_droid_comlink_404,JLTS_droid_comlink,CfgWeapons,,Battle droid radio 404,MrClock,Inherited locally from JLTS_droid_comlink
TAEJLTSCompat\config.cpp,12777,JLTS_droid_comlink_405,JLTS_droid_comlink,CfgWeapons,,Battle droid radio 405,MrClock,Inherited locally from JLTS_droid_comlink
TAEJLTSCompat\config.cpp,12786,JLTS_droid_comlink_406,JLTS_droid_comlink,CfgWeapons,,Battle droid radio 406,MrClock,Inherited locally from JLTS_droid_comlink
TAEJLTSCompat\config.cpp,12795,JLTS_droid_comlink_407,JLTS_droid_comlink,CfgWeapons,,Battle droid radio 407,MrClock,Inherited locally from JLTS_droid_comlink
TAEJLTSCompat\config.cpp,12804,JLTS_droid_comlink_408,JLTS_droid_comlink,CfgWeapons,,Battle droid radio 408,MrClock,Inherited locally from JLTS_droid_comlink
TAEJLTSCompat\config.cpp,12813,JLTS_droid_comlink_409,JLTS_droid_comlink,CfgWeapons,,Battle droid radio 409,MrClock,Inherited locally from JLTS_droid_comlink
TAEJLTSCompat\config.cpp,12822,JLTS_droid_comlink_410,JLTS_droid_comlink,CfgWeapons,,Battle droid radio 410,MrClock,Inherited locally from JLTS_droid_comlink
TAEJLTSCompat\config.cpp,12831,JLTS_droid_comlink_411,JLTS_droid_comlink,CfgWeapons,,Battle droid radio 411,MrClock,Inherited locally from JLTS_droid_comlink
TAEJLTSCompat\config.cpp,12840,JLTS_droid_comlink_412,JLTS_droid_comlink,CfgWeapons,,Battle droid radio 412,MrClock,Inherited locally from JLTS_droid_comlink
TAEJLTSCompat\config.cpp,12849,JLTS_droid_comlink_413,JLTS_droid_comlink,CfgWeapons,,Battle droid radio 413,MrClock,Inherited locally from JLTS_droid_comlink
TAEJLTSCompat\config.cpp,12858,JLTS_droid_comlink_414,JLTS_droid_comlink,CfgWeapons,,Battle droid radio 414,MrClock,Inherited locally from JLTS_droid_comlink
TAEJLTSCompat\config.cpp,12867,JLTS_droid_comlink_415,JLTS_droid_comlink,CfgWeapons,,Battle droid radio 415,MrClock,Inherited locally from JLTS_droid_comlink
TAEJLTSCompat\config.cpp,12876,JLTS_droid_comlink_416,JLTS_droid_comlink,CfgWeapons,,Battle droid radio 416,MrClock,Inherited locally from JLTS_droid_comlink
TAEJLTSCompat\config.cpp,12885,JLTS_droid_comlink_417,JLTS_droid_comlink,CfgWeapons,,Battle droid radio 417,MrClock,Inherited locally from JLTS_droid_comlink
TAEJLTSCompat\config.cpp,12894,JLTS_droid_comlink_418,JLTS_droid_comlink,CfgWeapons,,Battle droid radio 418,MrClock,Inherited locally from JLTS_droid_comlink
TAEJLTSCompat\config.cpp,12903,JLTS_droid_comlink_419,JLTS_droid_comlink,CfgWeapons,,Battle droid radio 419,MrClock,Inherited locally from JLTS_droid_comlink
TAEJLTSCompat\config.cpp,12912,JLTS_droid_comlink_420,JLTS_droid_comlink,CfgWeapons,,Battle droid radio 420,MrClock,Inherited locally from JLTS_droid_comlink
TAEJLTSCompat\config.cpp,12921,JLTS_droid_comlink_421,JLTS_droid_comlink,CfgWeapons,,Battle droid radio 421,MrClock,Inherited locally from JLTS_droid_comlink
TAEJLTSCompat\config.cpp,12930,JLTS_droid_comlink_422,JLTS_droid_comlink,CfgWeapons,,Battle droid radio 422,MrClock,Inherited locally from JLTS_droid_comlink
TAEJLTSCompat\config.cpp,12939,JLTS_droid_comlink_423,JLTS_droid_comlink,CfgWeapons,,Battle droid radio 423,MrClock,Inherited locally from JLTS_droid_comlink
TAEJLTSCompat\config.cpp,12948,JLTS_droid_comlink_424,JLTS_droid_comlink,CfgWeapons,,Battle droid radio 424,MrClock,Inherited locally from JLTS_droid_comlink
TAEJLTSCompat\config.cpp,12957,JLTS_droid_comlink_425,JLTS_droid_comlink,CfgWeapons,,Battle droid radio 425,MrClock,Inherited locally from JLTS_droid_comlink
TAEJLTSCompat\config.cpp,12966,JLTS_droid_comlink_426,JLTS_droid_comlink,CfgWeapons,,Battle droid radio 426,MrClock,Inherited locally from JLTS_droid_comlink
TAEJLTSCompat\config.cpp,12975,JLTS_droid_comlink_427,JLTS_droid_comlink,CfgWeapons,,Battle droid radio 427,MrClock,Inherited locally from JLTS_droid_comlink
TAEJLTSCompat\config.cpp,12984,JLTS_droid_comlink_428,JLTS_droid_comlink,CfgWeapons,,Battle droid radio 428,MrClock,Inherited locally from JLTS_droid_comlink
TAEJLTSCompat\config.cpp,12993,JLTS_droid_comlink_429,JLTS_droid_comlink,CfgWeapons,,Battle droid radio 429,MrClock,Inherited locally from JLTS_droid_comlink
TAEJLTSCompat\config.cpp,13002,JLTS_droid_comlink_430,JLTS_droid_comlink,CfgWeapons,,Battle droid radio 430,MrClock,Inherited locally from JLTS_droid_comlink
TAEJLTSCompat\config.cpp,13011,JLTS_droid_comlink_431,JLTS_droid_comlink,CfgWeapons,,Battle droid radio 431,MrClock,Inherited locally from JLTS_droid_comlink
TAEJLTSCompat\config.cpp,13020,JLTS_droid_comlink_432,JLTS_droid_comlink,CfgWeapons,,Battle droid radio 432,MrClock,Inherited locally from JLTS_droid_comlink
TAEJLTSCompat\config.cpp,13029,JLTS_droid_comlink_433,JLTS_droid_comlink,CfgWeapons,,Battle droid radio 433,MrClock,Inherited locally from JLTS_droid_comlink
TAEJLTSCompat\config.cpp,13038,JLTS_droid_comlink_434,JLTS_droid_comlink,CfgWeapons,,Battle droid radio 434,MrClock,Inherited locally from JLTS_droid_comlink
TAEJLTSCompat\config.cpp,13047,JLTS_droid_comlink_435,JLTS_droid_comlink,CfgWeapons,,Battle droid radio 435,MrClock,Inherited locally from JLTS_droid_comlink
TAEJLTSCompat\config.cpp,13056,JLTS_droid_comlink_436,JLTS_droid_comlink,CfgWeapons,,Battle droid radio 436,MrClock,Inherited locally from JLTS_droid_comlink
TAEJLTSCompat\config.cpp,13065,JLTS_droid_comlink_437,JLTS_droid_comlink,CfgWeapons,,Battle droid radio 437,MrClock,Inherited locally from JLTS_droid_comlink
TAEJLTSCompat\config.cpp,13074,JLTS_droid_comlink_438,JLTS_droid_comlink,CfgWeapons,,Battle droid radio 438,MrClock,Inherited locally from JLTS_droid_comlink
TAEJLTSCompat\config.cpp,13083,JLTS_droid_comlink_439,JLTS_droid_comlink,CfgWeapons,,Battle droid radio 439,MrClock,Inherited locally from JLTS_droid_comlink
TAEJLTSCompat\config.cpp,13092,JLTS_droid_comlink_440,JLTS_droid_comlink,CfgWeapons,,Battle droid radio 440,MrClock,Inherited locally from JLTS_droid_comlink
TAEJLTSCompat\config.cpp,13101,JLTS_droid_comlink_441,JLTS_droid_comlink,CfgWeapons,,Battle droid radio 441,MrClock,Inherited locally from JLTS_droid_comlink
TAEJLTSCompat\config.cpp,13110,JLTS_droid_comlink_442,JLTS_droid_comlink,CfgWeapons,,Battle droid radio 442,MrClock,Inherited locally from JLTS_droid_comlink
TAEJLTSCompat\config.cpp,13119,JLTS_droid_comlink_443,JLTS_droid_comlink,CfgWeapons,,Battle droid radio 443,MrClock,Inherited locally from JLTS_droid_comlink
TAEJLTSCompat\config.cpp,13128,JLTS_droid_comlink_444,JLTS_droid_comlink,CfgWeapons,,Battle droid radio 444,MrClock,Inherited locally from JLTS_droid_comlink
TAEJLTSCompat\config.cpp,13137,JLTS_droid_comlink_445,JLTS_droid_comlink,CfgWeapons,,Battle droid radio 445,MrClock,Inherited locally from JLTS_droid_comlink
TAEJLTSCompat\config.cpp,13146,JLTS_droid_comlink_446,JLTS_droid_comlink,CfgWeapons,,Battle droid radio 446,MrClock,Inherited locally from JLTS_droid_comlink
TAEJLTSCompat\config.cpp,13155,JLTS_droid_comlink_447,JLTS_droid_comlink,CfgWeapons,,Battle droid radio 447,MrClock,Inherited locally from JLTS_droid_comlink
TAEJLTSCompat\config.cpp,13164,JLTS_droid_comlink_448,JLTS_droid_comlink,CfgWeapons,,Battle droid radio 448,MrClock,Inherited locally from JLTS_droid_comlink
TAEJLTSCompat\config.cpp,13173,JLTS_droid_comlink_449,JLTS_droid_comlink,CfgWeapons,,Battle droid radio 449,MrClock,Inherited locally from JLTS_droid_comlink
TAEJLTSCompat\config.cpp,13182,JLTS_droid_comlink_450,JLTS_droid_comlink,CfgWeapons,,Battle droid radio 450,MrClock,Inherited locally from JLTS_droid_comlink
TAEJLTSCompat\config.cpp,13191,JLTS_droid_comlink_451,JLTS_droid_comlink,CfgWeapons,,Battle droid radio 451,MrClock,Inherited locally from JLTS_droid_comlink
TAEJLTSCompat\config.cpp,13200,JLTS_droid_comlink_452,JLTS_droid_comlink,CfgWeapons,,Battle droid radio 452,MrClock,Inherited locally from JLTS_droid_comlink
TAEJLTSCompat\config.cpp,13209,JLTS_droid_comlink_453,JLTS_droid_comlink,CfgWeapons,,Battle droid radio 453,MrClock,Inherited locally from JLTS_droid_comlink
TAEJLTSCompat\config.cpp,13218,JLTS_droid_comlink_454,JLTS_droid_comlink,CfgWeapons,,Battle droid radio 454,MrClock,Inherited locally from JLTS_droid_comlink
TAEJLTSCompat\config.cpp,13227,JLTS_droid_comlink_455,JLTS_droid_comlink,CfgWeapons,,Battle droid radio 455,MrClock,Inherited locally from JLTS_droid_comlink
TAEJLTSCompat\config.cpp,13236,JLTS_droid_comlink_456,JLTS_droid_comlink,CfgWeapons,,Battle droid radio 456,MrClock,Inherited locally from JLTS_droid_comlink
TAEJLTSCompat\config.cpp,13245,JLTS_droid_comlink_457,JLTS_droid_comlink,CfgWeapons,,Battle droid radio 457,MrClock,Inherited locally from JLTS_droid_comlink
TAEJLTSCompat\config.cpp,13254,JLTS_droid_comlink_458,JLTS_droid_comlink,CfgWeapons,,Battle droid radio 458,MrClock,Inherited locally from JLTS_droid_comlink
TAEJLTSCompat\config.cpp,13263,JLTS_droid_comlink_459,JLTS_droid_comlink,CfgWeapons,,Battle droid radio 459,MrClock,Inherited locally from JLTS_droid_comlink
TAEJLTSCompat\config.cpp,13272,JLTS_droid_comlink_460,JLTS_droid_comlink,CfgWeapons,,Battle droid radio 460,MrClock,Inherited locally from JLTS_droid_comlink
TAEJLTSCompat\config.cpp,13281,JLTS_droid_comlink_461,JLTS_droid_comlink,CfgWeapons,,Battle droid radio 461,MrClock,Inherited locally from JLTS_droid_comlink
TAEJLTSCompat\config.cpp,13290,JLTS_droid_comlink_462,JLTS_droid_comlink,CfgWeapons,,Battle droid radio 462,MrClock,Inherited locally from JLTS_droid_comlink
TAEJLTSCompat\config.cpp,13299,JLTS_droid_comlink_463,JLTS_droid_comlink,CfgWeapons,,Battle droid radio 463,MrClock,Inherited locally from JLTS_droid_comlink
TAEJLTSCompat\config.cpp,13308,JLTS_droid_comlink_464,JLTS_droid_comlink,CfgWeapons,,Battle droid radio 464,MrClock,Inherited locally from JLTS_droid_comlink
TAEJLTSCompat\config.cpp,13317,JLTS_droid_comlink_465,JLTS_droid_comlink,CfgWeapons,,Battle droid radio 465,MrClock,Inherited locally from JLTS_droid_comlink
TAEJLTSCompat\config.cpp,13326,JLTS_droid_comlink_466,JLTS_droid_comlink,CfgWeapons,,Battle droid radio 466,MrClock,Inherited locally from JLTS_droid_comlink
TAEJLTSCompat\config.cpp,13335,JLTS_droid_comlink_467,JLTS_droid_comlink,CfgWeapons,,Battle droid radio 467,MrClock,Inherited locally from JLTS_droid_comlink
TAEJLTSCompat\config.cpp,13344,JLTS_droid_comlink_468,JLTS_droid_comlink,CfgWeapons,,Battle droid radio 468,MrClock,Inherited locally from JLTS_droid_comlink
TAEJLTSCompat\config.cpp,13353,JLTS_droid_comlink_469,JLTS_droid_comlink,CfgWeapons,,Battle droid radio 469,MrClock,Inherited locally from JLTS_droid_comlink
TAEJLTSCompat\config.cpp,13362,JLTS_droid_comlink_470,JLTS_droid_comlink,CfgWeapons,,Battle droid radio 470,MrClock,Inherited locally from JLTS_droid_comlink
TAEJLTSCompat\config.cpp,13371,JLTS_droid_comlink_471,JLTS_droid_comlink,CfgWeapons,,Battle droid radio 471,MrClock,Inherited locally from JLTS_droid_comlink
TAEJLTSCompat\config.cpp,13380,JLTS_droid_comlink_472,JLTS_droid_comlink,CfgWeapons,,Battle droid radio 472,MrClock,Inherited locally from JLTS_droid_comlink
TAEJLTSCompat\config.cpp,13389,JLTS_droid_comlink_473,JLTS_droid_comlink,CfgWeapons,,Battle droid radio 473,MrClock,Inherited locally from JLTS_droid_comlink
TAEJLTSCompat\config.cpp,13398,JLTS_droid_comlink_474,JLTS_droid_comlink,CfgWeapons,,Battle droid radio 474,MrClock,Inherited locally from JLTS_droid_comlink
TAEJLTSCompat\config.cpp,13407,JLTS_droid_comlink_475,JLTS_droid_comlink,CfgWeapons,,Battle droid radio 475,MrClock,Inherited locally from JLTS_droid_comlink
TAEJLTSCompat\config.cpp,13416,JLTS_droid_comlink_476,JLTS_droid_comlink,CfgWeapons,,Battle droid radio 476,MrClock,Inherited locally from JLTS_droid_comlink
TAEJLTSCompat\config.cpp,13425,JLTS_droid_comlink_477,JLTS_droid_comlink,CfgWeapons,,Battle droid radio 477,MrClock,Inherited locally from JLTS_droid_comlink
TAEJLTSCompat\config.cpp,13434,JLTS_droid_comlink_478,JLTS_droid_comlink,CfgWeapons,,Battle droid radio 478,MrClock,Inherited locally from JLTS_droid_comlink
TAEJLTSCompat\config.cpp,13443,JLTS_droid_comlink_479,JLTS_droid_comlink,CfgWeapons,,Battle droid radio 479,MrClock,Inherited locally from JLTS_droid_comlink
TAEJLTSCompat\config.cpp,13452,JLTS_droid_comlink_480,JLTS_droid_comlink,CfgWeapons,,Battle droid radio 480,MrClock,Inherited locally from JLTS_droid_comlink
TAEJLTSCompat\config.cpp,13461,JLTS_droid_comlink_481,JLTS_droid_comlink,CfgWeapons,,Battle droid radio 481,MrClock,Inherited locally from JLTS_droid_comlink
TAEJLTSCompat\config.cpp,13470,JLTS_droid_comlink_482,JLTS_droid_comlink,CfgWeapons,,Battle droid radio 482,MrClock,Inherited locally from JLTS_droid_comlink
TAEJLTSCompat\config.cpp,13479,JLTS_droid_comlink_483,JLTS_droid_comlink,CfgWeapons,,Battle droid radio 483,MrClock,Inherited locally from JLTS_droid_comlink
TAEJLTSCompat\config.cpp,13488,JLTS_droid_comlink_484,JLTS_droid_comlink,CfgWeapons,,Battle droid radio 484,MrClock,Inherited locally from JLTS_droid_comlink
TAEJLTSCompat\config.cpp,13497,JLTS_droid_comlink_485,JLTS_droid_comlink,CfgWeapons,,Battle droid radio 485,MrClock,Inherited locally from JLTS_droid_comlink
TAEJLTSCompat\config.cpp,13506,JLTS_droid_comlink_486,JLTS_droid_comlink,CfgWeapons,,Battle droid radio 486,MrClock,Inherited locally from JLTS_droid_comlink
TAEJLTSCompat\config.cpp,13515,JLTS_droid_comlink_487,JLTS_droid_comlink,CfgWeapons,,Battle droid radio 487,MrClock,Inherited locally from JLTS_droid_comlink
TAEJLTSCompat\config.cpp,13524,JLTS_droid_comlink_488,JLTS_droid_comlink,CfgWeapons,,Battle droid radio 488,MrClock,Inherited locally from JLTS_droid_comlink
TAEJLTSCompat\config.cpp,13533,JLTS_droid_comlink_489,JLTS_droid_comlink,CfgWeapons,,Battle droid radio 489,MrClock,Inherited locally from JLTS_droid_comlink
TAEJLTSCompat\config.cpp,13542,JLTS_droid_comlink_490,JLTS_droid_comlink,CfgWeapons,,Battle droid radio 490,MrClock,Inherited locally from JLTS_droid_comlink
TAEJLTSCompat\config.cpp,13551,JLTS_droid_comlink_491,JLTS_droid_comlink,CfgWeapons,,Battle droid radio 491,MrClock,Inherited locally from JLTS_droid_comlink
TAEJLTSCompat\config.cpp,13560,JLTS_droid_comlink_492,JLTS_droid_comlink,CfgWeapons,,Battle droid radio 492,MrClock,Inherited locally from JLTS_droid_comlink
TAEJLTSCompat\config.cpp,13569,JLTS_droid_comlink_493,JLTS_droid_comlink,CfgWeapons,,Battle droid radio 493,MrClock,Inherited locally from JLTS_droid_comlink
TAEJLTSCompat\config.cpp,13578,JLTS_droid_comlink_494,JLTS_droid_comlink,CfgWeapons,,Battle droid radio 494,MrClock,Inherited locally from JLTS_droid_comlink
TAEJLTSCompat\config.cpp,13587,JLTS_droid_comlink_495,JLTS_droid_comlink,CfgWeapons,,Battle droid radio 495,MrClock,Inherited locally from JLTS_droid_comlink
TAEJLTSCompat\config.cpp,13596,JLTS_droid_comlink_496,JLTS_droid_comlink,CfgWeapons,,Battle droid radio 496,MrClock,Inherited locally from JLTS_droid_comlink
TAEJLTSCompat\config.cpp,13605,JLTS_droid_comlink_497,JLTS_droid_comlink,CfgWeapons,,Battle droid radio 497,MrClock,Inherited locally from JLTS_droid_comlink
TAEJLTSCompat\config.cpp,13614,JLTS_droid_comlink_498,JLTS_droid_comlink,CfgWeapons,,Battle droid radio 498,MrClock,Inherited locally from JLTS_droid_comlink
TAEJLTSCompat\config.cpp,13623,JLTS_droid_comlink_499,JLTS_droid_comlink,CfgWeapons,,Battle droid radio 499,MrClock,Inherited locally from JLTS_droid_comlink
TAEJLTSCompat\config.cpp,13632,JLTS_droid_comlink_500,JLTS_droid_comlink,CfgWeapons,,Battle droid radio 500,MrClock,Inherited locally from JLTS_droid_comlink
TAEJLTSCompat\config.cpp,13641,JLTS_droid_comlink_501,JLTS_droid_comlink,CfgWeapons,,Battle droid radio 501,MrClock,Inherited locally from JLTS_droid_comlink
TAEJLTSCompat\config.cpp,13650,JLTS_droid_comlink_502,JLTS_droid_comlink,CfgWeapons,,Battle droid radio 502,MrClock,Inherited locally from JLTS_droid_comlink
TAEJLTSCompat\config.cpp,13659,JLTS_droid_comlink_503,JLTS_droid_comlink,CfgWeapons,,Battle droid radio 503,MrClock,Inherited locally from JLTS_droid_comlink
TAEJLTSCompat\config.cpp,13668,JLTS_droid_comlink_504,JLTS_droid_comlink,CfgWeapons,,Battle droid radio 504,MrClock,Inherited locally from JLTS_droid_comlink
TAEJLTSCompat\config.cpp,13677,JLTS_droid_comlink_505,JLTS_droid_comlink,CfgWeapons,,Battle droid radio 505,MrClock,Inherited locally from JLTS_droid_comlink
TAEJLTSCompat\config.cpp,13686,JLTS_droid_comlink_506,JLTS_droid_comlink,CfgWeapons,,Battle droid radio 506,MrClock,Inherited locally from JLTS_droid_comlink
TAEJLTSCompat\config.cpp,13695,JLTS_droid_comlink_507,JLTS_droid_comlink,CfgWeapons,,Battle droid radio 507,MrClock,Inherited locally from JLTS_droid_comlink
TAEJLTSCompat\config.cpp,13704,JLTS_droid_comlink_508,JLTS_droid_comlink,CfgWeapons,,Battle droid radio 508,MrClock,Inherited locally from JLTS_droid_comlink
TAEJLTSCompat\config.cpp,13713,JLTS_droid_comlink_509,JLTS_droid_comlink,CfgWeapons,,Battle droid radio 509,MrClock,Inherited locally from JLTS_droid_comlink
TAEJLTSCompat\config.cpp,13722,JLTS_droid_comlink_510,JLTS_droid_comlink,CfgWeapons,,Battle droid radio 510,MrClock,Inherited locally from JLTS_droid_comlink
TAEJLTSCompat\config.cpp,13731,JLTS_droid_comlink_511,JLTS_droid_comlink,CfgWeapons,,Battle droid radio 511,MrClock,Inherited locally from JLTS_droid_comlink
TAEJLTSCompat\config.cpp,13740,JLTS_droid_comlink_512,JLTS_droid_comlink,CfgWeapons,,Battle droid radio 512,MrClock,Inherited locally from JLTS_droid_comlink
TAEJLTSCompat\config.cpp,13749,JLTS_droid_comlink_513,JLTS_droid_comlink,CfgWeapons,,Battle droid radio 513,MrClock,Inherited locally from JLTS_droid_comlink
TAEJLTSCompat\config.cpp,13758,JLTS_droid_comlink_514,JLTS_droid_comlink,CfgWeapons,,Battle droid radio 514,MrClock,Inherited locally from JLTS_droid_comlink
TAEJLTSCompat\config.cpp,13767,JLTS_droid_comlink_515,JLTS_droid_comlink,CfgWeapons,,Battle droid radio 515,MrClock,Inherited locally from JLTS_droid_comlink
TAEJLTSCompat\config.cpp,13776,JLTS_droid_comlink_516,JLTS_droid_comlink,CfgWeapons,,Battle droid radio 516,MrClock,Inherited locally from JLTS_droid_comlink
TAEJLTSCompat\config.cpp,13785,JLTS_droid_comlink_517,JLTS_droid_comlink,CfgWeapons,,Battle droid radio 517,MrClock,Inherited locally from JLTS_droid_comlink
TAEJLTSCompat\config.cpp,13794,JLTS_droid_comlink_518,JLTS_droid_comlink,CfgWeapons,,Battle droid radio 518,MrClock,Inherited locally from JLTS_droid_comlink
TAEJLTSCompat\config.cpp,13803,JLTS_droid_comlink_519,JLTS_droid_comlink,CfgWeapons,,Battle droid radio 519,MrClock,Inherited locally from JLTS_droid_comlink
TAEJLTSCompat\config.cpp,13812,JLTS_droid_comlink_520,JLTS_droid_comlink,CfgWeapons,,Battle droid radio 520,MrClock,Inherited locally from JLTS_droid_comlink
TAEJLTSCompat\config.cpp,13821,JLTS_droid_comlink_521,JLTS_droid_comlink,CfgWeapons,,Battle droid radio 521,MrClock,Inherited locally from JLTS_droid_comlink
TAEJLTSCompat\config.cpp,13830,JLTS_droid_comlink_522,JLTS_droid_comlink,CfgWeapons,,Battle droid radio 522,MrClock,Inherited locally from JLTS_droid_comlink
TAEJLTSCompat\config.cpp,13839,JLTS_droid_comlink_523,JLTS_droid_comlink,CfgWeapons,,Battle droid radio 523,MrClock,Inherited locally from JLTS_droid_comlink
TAEJLTSCompat\config.cpp,13848,JLTS_droid_comlink_524,JLTS_droid_comlink,CfgWeapons,,Battle droid radio 524,MrClock,Inherited locally from JLTS_droid_comlink
TAEJLTSCompat\config.cpp,13857,JLTS_droid_comlink_525,JLTS_droid_comlink,CfgWeapons,,Battle droid radio 525,MrClock,Inherited locally from JLTS_droid_comlink
TAEJLTSCompat\config.cpp,13866,JLTS_droid_comlink_526,JLTS_droid_comlink,CfgWeapons,,Battle droid radio 526,MrClock,Inherited locally from JLTS_droid_comlink
TAEJLTSCompat\config.cpp,13875,JLTS_droid_comlink_527,JLTS_droid_comlink,CfgWeapons,,Battle droid radio 527,MrClock,Inherited locally from JLTS_droid_comlink
TAEJLTSCompat\config.cpp,13884,JLTS_droid_comlink_528,JLTS_droid_comlink,CfgWeapons,,Battle droid radio 528,MrClock,Inherited locally from JLTS_droid_comlink
TAEJLTSCompat\config.cpp,13893,JLTS_droid_comlink_529,JLTS_droid_comlink,CfgWeapons,,Battle droid radio 529,MrClock,Inherited locally from JLTS_droid_comlink
TAEJLTSCompat\config.cpp,13902,JLTS_droid_comlink_530,JLTS_droid_comlink,CfgWeapons,,Battle droid radio 530,MrClock,Inherited locally from JLTS_droid_comlink
TAEJLTSCompat\config.cpp,13911,JLTS_droid_comlink_531,JLTS_droid_comlink,CfgWeapons,,Battle droid radio 531,MrClock,Inherited locally from JLTS_droid_comlink
TAEJLTSCompat\config.cpp,13920,JLTS_droid_comlink_532,JLTS_droid_comlink,CfgWeapons,,Battle droid radio 532,MrClock,Inherited locally from JLTS_droid_comlink
TAEJLTSCompat\config.cpp,13929,JLTS_droid_comlink_533,JLTS_droid_comlink,CfgWeapons,,Battle droid radio 533,MrClock,Inherited locally from JLTS_droid_comlink
TAEJLTSCompat\config.cpp,13938,JLTS_droid_comlink_534,JLTS_droid_comlink,CfgWeapons,,Battle droid radio 534,MrClock,Inherited locally from JLTS_droid_comlink
TAEJLTSCompat\config.cpp,13947,JLTS_droid_comlink_535,JLTS_droid_comlink,CfgWeapons,,Battle droid radio 535,MrClock,Inherited locally from JLTS_droid_comlink
TAEJLTSCompat\config.cpp,13956,JLTS_droid_comlink_536,JLTS_droid_comlink,CfgWeapons,,Battle droid radio 536,MrClock,Inherited locally from JLTS_droid_comlink
TAEJLTSCompat\config.cpp,13965,JLTS_droid_comlink_537,JLTS_droid_comlink,CfgWeapons,,Battle droid radio 537,MrClock,Inherited locally from JLTS_droid_comlink
TAEJLTSCompat\config.cpp,13974,JLTS_droid_comlink_538,JLTS_droid_comlink,CfgWeapons,,Battle droid radio 538,MrClock,Inherited locally from JLTS_droid_comlink
TAEJLTSCompat\config.cpp,13983,JLTS_droid_comlink_539,JLTS_droid_comlink,CfgWeapons,,Battle droid radio 539,MrClock,Inherited locally from JLTS_droid_comlink
TAEJLTSCompat\config.cpp,13992,JLTS_droid_comlink_540,JLTS_droid_comlink,CfgWeapons,,Battle droid radio 540,MrClock,Inherited locally from JLTS_droid_comlink
TAEJLTSCompat\config.cpp,14001,JLTS_droid_comlink_541,JLTS_droid_comlink,CfgWeapons,,Battle droid radio 541,MrClock,Inherited locally from JLTS_droid_comlink
TAEJLTSCompat\config.cpp,14010,JLTS_droid_comlink_542,JLTS_droid_comlink,CfgWeapons,,Battle droid radio 542,MrClock,Inherited locally from JLTS_droid_comlink
TAEJLTSCompat\config.cpp,14019,JLTS_droid_comlink_543,JLTS_droid_comlink,CfgWeapons,,Battle droid radio 543,MrClock,Inherited locally from JLTS_droid_comlink
TAEJLTSCompat\config.cpp,14028,JLTS_droid_comlink_544,JLTS_droid_comlink,CfgWeapons,,Battle droid radio 544,MrClock,Inherited locally from JLTS_droid_comlink
TAEJLTSCompat\config.cpp,14037,JLTS_droid_comlink_545,JLTS_droid_comlink,CfgWeapons,,Battle droid radio 545,MrClock,Inherited locally from JLTS_droid_comlink
TAEJLTSCompat\config.cpp,14046,JLTS_droid_comlink_546,JLTS_droid_comlink,CfgWeapons,,Battle droid radio 546,MrClock,Inherited locally from JLTS_droid_comlink
TAEJLTSCompat\config.cpp,14055,JLTS_droid_comlink_547,JLTS_droid_comlink,CfgWeapons,,Battle droid radio 547,MrClock,Inherited locally from JLTS_droid_comlink
TAEJLTSCompat\config.cpp,14064,JLTS_droid_comlink_548,JLTS_droid_comlink,CfgWeapons,,Battle droid radio 548,MrClock,Inherited locally from JLTS_droid_comlink
TAEJLTSCompat\config.cpp,14073,JLTS_droid_comlink_549,JLTS_droid_comlink,CfgWeapons,,Battle droid radio 549,MrClock,Inherited locally from JLTS_droid_comlink
TAEJLTSCompat\config.cpp,14082,JLTS_droid_comlink_550,JLTS_droid_comlink,CfgWeapons,,Battle droid radio 550,MrClock,Inherited locally from JLTS_droid_comlink
TAEJLTSCompat\config.cpp,14091,JLTS_droid_comlink_551,JLTS_droid_comlink,CfgWeapons,,Battle droid radio 551,MrClock,Inherited locally from JLTS_droid_comlink
TAEJLTSCompat\config.cpp,14100,JLTS_droid_comlink_552,JLTS_droid_comlink,CfgWeapons,,Battle droid radio 552,MrClock,Inherited locally from JLTS_droid_comlink
TAEJLTSCompat\config.cpp,14109,JLTS_droid_comlink_553,JLTS_droid_comlink,CfgWeapons,,Battle droid radio 553,MrClock,Inherited locally from JLTS_droid_comlink
TAEJLTSCompat\config.cpp,14118,JLTS_droid_comlink_554,JLTS_droid_comlink,CfgWeapons,,Battle droid radio 554,MrClock,Inherited locally from JLTS_droid_comlink
TAEJLTSCompat\config.cpp,14127,JLTS_droid_comlink_555,JLTS_droid_comlink,CfgWeapons,,Battle droid radio 555,MrClock,Inherited locally from JLTS_droid_comlink
TAEJLTSCompat\config.cpp,14136,JLTS_droid_comlink_556,JLTS_droid_comlink,CfgWeapons,,Battle droid radio 556,MrClock,Inherited locally from JLTS_droid_comlink
TAEJLTSCompat\config.cpp,14145,JLTS_droid_comlink_557,JLTS_droid_comlink,CfgWeapons,,Battle droid radio 557,MrClock,Inherited locally from JLTS_droid_comlink
TAEJLTSCompat\config.cpp,14154,JLTS_droid_comlink_558,JLTS_droid_comlink,CfgWeapons,,Battle droid radio 558,MrClock,Inherited locally from JLTS_droid_comlink
TAEJLTSCompat\config.cpp,14163,JLTS_droid_comlink_559,JLTS_droid_comlink,CfgWeapons,,Battle droid radio 559,MrClock,Inherited locally from JLTS_droid_comlink
TAEJLTSCompat\config.cpp,14172,JLTS_droid_comlink_560,JLTS_droid_comlink,CfgWeapons,,Battle droid radio 560,MrClock,Inherited locally from JLTS_droid_comlink
TAEJLTSCompat\config.cpp,14181,JLTS_droid_comlink_561,JLTS_droid_comlink,CfgWeapons,,Battle droid radio 561,MrClock,Inherited locally from JLTS_droid_comlink
TAEJLTSCompat\config.cpp,14190,JLTS_droid_comlink_562,JLTS_droid_comlink,CfgWeapons,,Battle droid radio 562,MrClock,Inherited locally from JLTS_droid_comlink
TAEJLTSCompat\config.cpp,14199,JLTS_droid_comlink_563,JLTS_droid_comlink,CfgWeapons,,Battle droid radio 563,MrClock,Inherited locally from JLTS_droid_comlink
TAEJLTSCompat\config.cpp,14208,JLTS_droid_comlink_564,JLTS_droid_comlink,CfgWeapons,,Battle droid radio 564,MrClock,Inherited locally from JLTS_droid_comlink
TAEJLTSCompat\config.cpp,14217,JLTS_droid_comlink_565,JLTS_droid_comlink,CfgWeapons,,Battle droid radio 565,MrClock,Inherited locally from JLTS_droid_comlink
TAEJLTSCompat\config.cpp,14226,JLTS_droid_comlink_566,JLTS_droid_comlink,CfgWeapons,,Battle droid radio 566,MrClock,Inherited locally from JLTS_droid_comlink
TAEJLTSCompat\config.cpp,14235,JLTS_droid_comlink_567,JLTS_droid_comlink,CfgWeapons,,Battle droid radio 567,MrClock,Inherited locally from JLTS_droid_comlink
TAEJLTSCompat\config.cpp,14244,JLTS_droid_comlink_568,JLTS_droid_comlink,CfgWeapons,,Battle droid radio 568,MrClock,Inherited locally from JLTS_droid_comlink
TAEJLTSCompat\config.cpp,14253,JLTS_droid_comlink_569,JLTS_droid_comlink,CfgWeapons,,Battle droid radio 569,MrClock,Inherited locally from JLTS_droid_comlink
TAEJLTSCompat\config.cpp,14262,JLTS_droid_comlink_570,JLTS_droid_comlink,CfgWeapons,,Battle droid radio 570,MrClock,Inherited locally from JLTS_droid_comlink
TAEJLTSCompat\config.cpp,14271,JLTS_droid_comlink_571,JLTS_droid_comlink,CfgWeapons,,Battle droid radio 571,MrClock,Inherited locally from JLTS_droid_comlink
TAEJLTSCompat\config.cpp,14280,JLTS_droid_comlink_572,JLTS_droid_comlink,CfgWeapons,,Battle droid radio 572,MrClock,Inherited locally from JLTS_droid_comlink
TAEJLTSCompat\config.cpp,14289,JLTS_droid_comlink_573,JLTS_droid_comlink,CfgWeapons,,Battle droid radio 573,MrClock,Inherited locally from JLTS_droid_comlink
TAEJLTSCompat\config.cpp,14298,JLTS_droid_comlink_574,JLTS_droid_comlink,CfgWeapons,,Battle droid radio 574,MrClock,Inherited locally from JLTS_droid_comlink
TAEJLTSCompat\config.cpp,14307,JLTS_droid_comlink_575,JLTS_droid_comlink,CfgWeapons,,Battle droid radio 575,MrClock,Inherited locally from JLTS_droid_comlink
TAEJLTSCompat\config.cpp,14316,JLTS_droid_comlink_576,JLTS_droid_comlink,CfgWeapons,,Battle droid radio 576,MrClock,Inherited locally from JLTS_droid_comlink
TAEJLTSCompat\config.cpp,14325,JLTS_droid_comlink_577,JLTS_droid_comlink,CfgWeapons,,Battle droid radio 577,MrClock,Inherited locally from JLTS_droid_comlink
TAEJLTSCompat\config.cpp,14334,JLTS_droid_comlink_578,JLTS_droid_comlink,CfgWeapons,,Battle droid radio 578,MrClock,Inherited locally from JLTS_droid_comlink
TAEJLTSCompat\config.cpp,14343,JLTS_droid_comlink_579,JLTS_droid_comlink,CfgWeapons,,Battle droid radio 579,MrClock,Inherited locally from JLTS_droid_comlink
TAEJLTSCompat\config.cpp,14352,JLTS_droid_comlink_580,JLTS_droid_comlink,CfgWeapons,,Battle droid radio 580,MrClock,Inherited locally from JLTS_droid_comlink
TAEJLTSCompat\config.cpp,14361,JLTS_droid_comlink_581,JLTS_droid_comlink,CfgWeapons,,Battle droid radio 581,MrClock,Inherited locally from JLTS_droid_comlink
TAEJLTSCompat\config.cpp,14370,JLTS_droid_comlink_582,JLTS_droid_comlink,CfgWeapons,,Battle droid radio 582,MrClock,Inherited locally from JLTS_droid_comlink
TAEJLTSCompat\config.cpp,14379,JLTS_droid_comlink_583,JLTS_droid_comlink,CfgWeapons,,Battle droid radio 583,MrClock,Inherited locally from JLTS_droid_comlink
TAEJLTSCompat\config.cpp,14388,JLTS_droid_comlink_584,JLTS_droid_comlink,CfgWeapons,,Battle droid radio 584,MrClock,Inherited locally from JLTS_droid_comlink
TAEJLTSCompat\config.cpp,14397,JLTS_droid_comlink_585,JLTS_droid_comlink,CfgWeapons,,Battle droid radio 585,MrClock,Inherited locally from JLTS_droid_comlink
TAEJLTSCompat\config.cpp,14406,JLTS_droid_comlink_586,JLTS_droid_comlink,CfgWeapons,,Battle droid radio 586,MrClock,Inherited locally from JLTS_droid_comlink
TAEJLTSCompat\config.cpp,14415,JLTS_droid_comlink_587,JLTS_droid_comlink,CfgWeapons,,Battle droid radio 587,MrClock,Inherited locally from JLTS_droid_comlink
TAEJLTSCompat\config.cpp,14424,JLTS_droid_comlink_588,JLTS_droid_comlink,CfgWeapons,,Battle droid radio 588,MrClock,Inherited locally from JLTS_droid_comlink
TAEJLTSCompat\config.cpp,14433,JLTS_droid_comlink_589,JLTS_droid_comlink,CfgWeapons,,Battle droid radio 589,MrClock,Inherited locally from JLTS_droid_comlink
TAEJLTSCompat\config.cpp,14442,JLTS_droid_comlink_590,JLTS_droid_comlink,CfgWeapons,,Battle droid radio 590,MrClock,Inherited locally from JLTS_droid_comlink
TAEJLTSCompat\config.cpp,14451,JLTS_droid_comlink_591,JLTS_droid_comlink,CfgWeapons,,Battle droid radio 591,MrClock,Inherited locally from JLTS_droid_comlink
TAEJLTSCompat\config.cpp,14460,JLTS_droid_comlink_592,JLTS_droid_comlink,CfgWeapons,,Battle droid radio 592,MrClock,Inherited locally from JLTS_droid_comlink
TAEJLTSCompat\config.cpp,14469,JLTS_droid_comlink_593,JLTS_droid_comlink,CfgWeapons,,Battle droid radio 593,MrClock,Inherited locally from JLTS_droid_comlink
TAEJLTSCompat\config.cpp,14478,JLTS_droid_comlink_594,JLTS_droid_comlink,CfgWeapons,,Battle droid radio 594,MrClock,Inherited locally from JLTS_droid_comlink
TAEJLTSCompat\config.cpp,14487,JLTS_droid_comlink_595,JLTS_droid_comlink,CfgWeapons,,Battle droid radio 595,MrClock,Inherited locally from JLTS_droid_comlink
TAEJLTSCompat\config.cpp,14496,JLTS_droid_comlink_596,JLTS_droid_comlink,CfgWeapons,,Battle droid radio 596,MrClock,Inherited locally from JLTS_droid_comlink
TAEJLTSCompat\config.cpp,14505,JLTS_droid_comlink_597,JLTS_droid_comlink,CfgWeapons,,Battle droid radio 597,MrClock,Inherited locally from JLTS_droid_comlink
TAEJLTSCompat\config.cpp,14514,JLTS_droid_comlink_598,JLTS_droid_comlink,CfgWeapons,,Battle droid radio 598,MrClock,Inherited locally from JLTS_droid_comlink
TAEJLTSCompat\config.cpp,14523,JLTS_droid_comlink_599,JLTS_droid_comlink,CfgWeapons,,Battle droid radio 599,MrClock,Inherited locally from JLTS_droid_comlink
TAEJLTSCompat\config.cpp,14532,JLTS_droid_comlink_600,JLTS_droid_comlink,CfgWeapons,,Battle droid radio 600,MrClock,Inherited locally from JLTS_droid_comlink
TAEJLTSCompat\config.cpp,14541,JLTS_droid_comlink_601,JLTS_droid_comlink,CfgWeapons,,Battle droid radio 601,MrClock,Inherited locally from JLTS_droid_comlink
TAEJLTSCompat\config.cpp,14550,JLTS_droid_comlink_602,JLTS_droid_comlink,CfgWeapons,,Battle droid radio 602,MrClock,Inherited locally from JLTS_droid_comlink
TAEJLTSCompat\config.cpp,14559,JLTS_droid_comlink_603,JLTS_droid_comlink,CfgWeapons,,Battle droid radio 603,MrClock,Inherited locally from JLTS_droid_comlink
TAEJLTSCompat\config.cpp,14568,JLTS_droid_comlink_604,JLTS_droid_comlink,CfgWeapons,,Battle droid radio 604,MrClock,Inherited locally from JLTS_droid_comlink
TAEJLTSCompat\config.cpp,14577,JLTS_droid_comlink_605,JLTS_droid_comlink,CfgWeapons,,Battle droid radio 605,MrClock,Inherited locally from JLTS_droid_comlink
TAEJLTSCompat\config.cpp,14586,JLTS_droid_comlink_606,JLTS_droid_comlink,CfgWeapons,,Battle droid radio 606,MrClock,Inherited locally from JLTS_droid_comlink
TAEJLTSCompat\config.cpp,14595,JLTS_droid_comlink_607,JLTS_droid_comlink,CfgWeapons,,Battle droid radio 607,MrClock,Inherited locally from JLTS_droid_comlink
TAEJLTSCompat\config.cpp,14604,JLTS_droid_comlink_608,JLTS_droid_comlink,CfgWeapons,,Battle droid radio 608,MrClock,Inherited locally from JLTS_droid_comlink
TAEJLTSCompat\config.cpp,14613,JLTS_droid_comlink_609,JLTS_droid_comlink,CfgWeapons,,Battle droid radio 609,MrClock,Inherited locally from JLTS_droid_comlink
TAEJLTSCompat\config.cpp,14622,JLTS_droid_comlink_610,JLTS_droid_comlink,CfgWeapons,,Battle droid radio 610,MrClock,Inherited locally from JLTS_droid_comlink
TAEJLTSCompat\config.cpp,14631,JLTS_droid_comlink_611,JLTS_droid_comlink,CfgWeapons,,Battle droid radio 611,MrClock,Inherited locally from JLTS_droid_comlink
TAEJLTSCompat\config.cpp,14640,JLTS_droid_comlink_612,JLTS_droid_comlink,CfgWeapons,,Battle droid radio 612,MrClock,Inherited locally from JLTS_droid_comlink
TAEJLTSCompat\config.cpp,14649,JLTS_droid_comlink_613,JLTS_droid_comlink,CfgWeapons,,Battle droid radio 613,MrClock,Inherited locally from JLTS_droid_comlink
TAEJLTSCompat\config.cpp,14658,JLTS_droid_comlink_614,JLTS_droid_comlink,CfgWeapons,,Battle droid radio 614,MrClock,Inherited locally from JLTS_droid_comlink
TAEJLTSCompat\config.cpp,14667,JLTS_droid_comlink_615,JLTS_droid_comlink,CfgWeapons,,Battle droid radio 615,MrClock,Inherited locally from JLTS_droid_comlink
TAEJLTSCompat\config.cpp,14676,JLTS_droid_comlink_616,JLTS_droid_comlink,CfgWeapons,,Battle droid radio 616,MrClock,Inherited locally from JLTS_droid_comlink
TAEJLTSCompat\config.cpp,14685,JLTS_droid_comlink_617,JLTS_droid_comlink,CfgWeapons,,Battle droid radio 617,MrClock,Inherited locally from JLTS_droid_comlink
TAEJLTSCompat\config.cpp,14694,JLTS_droid_comlink_618,JLTS_droid_comlink,CfgWeapons,,Battle droid radio 618,MrClock,Inherited locally from JLTS_droid_comlink
TAEJLTSCompat\config.cpp,14703,JLTS_droid_comlink_619,JLTS_droid_comlink,CfgWeapons,,Battle droid radio 619,MrClock,Inherited locally from JLTS_droid_comlink
TAEJLTSCompat\config.cpp,14712,JLTS_droid_comlink_620,JLTS_droid_comlink,CfgWeapons,,Battle droid radio 620,MrClock,Inherited locally from JLTS_droid_comlink
TAEJLTSCompat\config.cpp,14721,JLTS_droid_comlink_621,JLTS_droid_comlink,CfgWeapons,,Battle droid radio 621,MrClock,Inherited locally from JLTS_droid_comlink
TAEJLTSCompat\config.cpp,14730,JLTS_droid_comlink_622,JLTS_droid_comlink,CfgWeapons,,Battle droid radio 622,MrClock,Inherited locally from JLTS_droid_comlink
TAEJLTSCompat\config.cpp,14739,JLTS_droid_comlink_623,JLTS_droid_comlink,CfgWeapons,,Battle droid radio 623,MrClock,Inherited locally from JLTS_droid_comlink
TAEJLTSCompat\config.cpp,14748,JLTS_droid_comlink_624,JLTS_droid_comlink,CfgWeapons,,Battle droid radio 624,MrClock,Inherited locally from JLTS_droid_comlink
TAEJLTSCompat\config.cpp,14757,JLTS_droid_comlink_625,JLTS_droid_comlink,CfgWeapons,,Battle droid radio 625,MrClock,Inherited locally from JLTS_droid_comlink
TAEJLTSCompat\config.cpp,14766,JLTS_droid_comlink_626,JLTS_droid_comlink,CfgWeapons,,Battle droid radio 626,MrClock,Inherited locally from JLTS_droid_comlink
TAEJLTSCompat\config.cpp,14775,JLTS_droid_comlink_627,JLTS_droid_comlink,CfgWeapons,,Battle droid radio 627,MrClock,Inherited locally from JLTS_droid_comlink
TAEJLTSCompat\config.cpp,14784,JLTS_droid_comlink_628,JLTS_droid_comlink,CfgWeapons,,Battle droid radio 628,MrClock,Inherited locally from JLTS_droid_comlink
TAEJLTSCompat\config.cpp,14793,JLTS_droid_comlink_629,JLTS_droid_comlink,CfgWeapons,,Battle droid radio 629,MrClock,Inherited locally from JLTS_droid_comlink
TAEJLTSCompat\config.cpp,14802,JLTS_droid_comlink_630,JLTS_droid_comlink,CfgWeapons,,Battle droid radio 630,MrClock,Inherited locally from JLTS_droid_comlink
TAEJLTSCompat\config.cpp,14811,JLTS_droid_comlink_631,JLTS_droid_comlink,CfgWeapons,,Battle droid radio 631,MrClock,Inherited locally from JLTS_droid_comlink
TAEJLTSCompat\config.cpp,14820,JLTS_droid_comlink_632,JLTS_droid_comlink,CfgWeapons,,Battle droid radio 632,MrClock,Inherited locally from JLTS_droid_comlink
TAEJLTSCompat\config.cpp,14829,JLTS_droid_comlink_633,JLTS_droid_comlink,CfgWeapons,,Battle droid radio 633,MrClock,Inherited locally from JLTS_droid_comlink
TAEJLTSCompat\config.cpp,14838,JLTS_droid_comlink_634,JLTS_droid_comlink,CfgWeapons,,Battle droid radio 634,MrClock,Inherited locally from JLTS_droid_comlink
TAEJLTSCompat\config.cpp,14847,JLTS_droid_comlink_635,JLTS_droid_comlink,CfgWeapons,,Battle droid radio 635,MrClock,Inherited locally from JLTS_droid_comlink
TAEJLTSCompat\config.cpp,14856,JLTS_droid_comlink_636,JLTS_droid_comlink,CfgWeapons,,Battle droid radio 636,MrClock,Inherited locally from JLTS_droid_comlink
TAEJLTSCompat\config.cpp,14865,JLTS_droid_comlink_637,JLTS_droid_comlink,CfgWeapons,,Battle droid radio 637,MrClock,Inherited locally from JLTS_droid_comlink
TAEJLTSCompat\config.cpp,14874,JLTS_droid_comlink_638,JLTS_droid_comlink,CfgWeapons,,Battle droid radio 638,MrClock,Inherited locally from JLTS_droid_comlink
TAEJLTSCompat\config.cpp,14883,JLTS_droid_comlink_639,JLTS_droid_comlink,CfgWeapons,,Battle droid radio 639,MrClock,Inherited locally from JLTS_droid_comlink
TAEJLTSCompat\config.cpp,14892,JLTS_droid_comlink_640,JLTS_droid_comlink,CfgWeapons,,Battle droid radio 640,MrClock,Inherited locally from JLTS_droid_comlink
TAEJLTSCompat\config.cpp,14901,JLTS_droid_comlink_641,JLTS_droid_comlink,CfgWeapons,,Battle droid radio 641,MrClock,Inherited locally from JLTS_droid_comlink
TAEJLTSCompat\config.cpp,14910,JLTS_droid_comlink_642,JLTS_droid_comlink,CfgWeapons,,Battle droid radio 642,MrClock,Inherited locally from JLTS_droid_comlink
TAEJLTSCompat\config.cpp,14919,JLTS_droid_comlink_643,JLTS_droid_comlink,CfgWeapons,,Battle droid radio 643,MrClock,Inherited locally from JLTS_droid_comlink
TAEJLTSCompat\config.cpp,14928,JLTS_droid_comlink_644,JLTS_droid_comlink,CfgWeapons,,Battle droid radio 644,MrClock,Inherited locally from JLTS_droid_comlink
TAEJLTSCompat\config.cpp,14937,JLTS_droid_comlink_645,JLTS_droid_comlink,CfgWeapons,,Battle droid radio 645,MrClock,Inherited locally from JLTS_droid_comlink
TAEJLTSCompat\config.cpp,14946,JLTS_droid_comlink_646,JLTS_droid_comlink,CfgWeapons,,Battle droid radio 646,MrClock,Inherited locally from JLTS_droid_comlink
TAEJLTSCompat\config.cpp,14955,JLTS_droid_comlink_647,JLTS_droid_comlink,CfgWeapons,,Battle droid radio 647,MrClock,Inherited locally from JLTS_droid_comlink
TAEJLTSCompat\config.cpp,14964,JLTS_droid_comlink_648,JLTS_droid_comlink,CfgWeapons,,Battle droid radio 648,MrClock,Inherited locally from JLTS_droid_comlink
TAEJLTSCompat\config.cpp,14973,JLTS_droid_comlink_649,JLTS_droid_comlink,CfgWeapons,,Battle droid radio 649,MrClock,Inherited locally from JLTS_droid_comlink
TAEJLTSCompat\config.cpp,14982,JLTS_droid_comlink_650,JLTS_droid_comlink,CfgWeapons,,Battle droid radio 650,MrClock,Inherited locally from JLTS_droid_comlink
TAEJLTSCompat\config.cpp,14991,JLTS_droid_comlink_651,JLTS_droid_comlink,CfgWeapons,,Battle droid radio 651,MrClock,Inherited locally from JLTS_droid_comlink
TAEJLTSCompat\config.cpp,15000,JLTS_droid_comlink_652,JLTS_droid_comlink,CfgWeapons,,Battle droid radio 652,MrClock,Inherited locally from JLTS_droid_comlink
TAEJLTSCompat\config.cpp,15009,JLTS_droid_comlink_653,JLTS_droid_comlink,CfgWeapons,,Battle droid radio 653,MrClock,Inherited locally from JLTS_droid_comlink
TAEJLTSCompat\config.cpp,15018,JLTS_droid_comlink_654,JLTS_droid_comlink,CfgWeapons,,Battle droid radio 654,MrClock,Inherited locally from JLTS_droid_comlink
TAEJLTSCompat\config.cpp,15027,JLTS_droid_comlink_655,JLTS_droid_comlink,CfgWeapons,,Battle droid radio 655,MrClock,Inherited locally from JLTS_droid_comlink
TAEJLTSCompat\config.cpp,15036,JLTS_droid_comlink_656,JLTS_droid_comlink,CfgWeapons,,Battle droid radio 656,MrClock,Inherited locally from JLTS_droid_comlink
TAEJLTSCompat\config.cpp,15045,JLTS_droid_comlink_657,JLTS_droid_comlink,CfgWeapons,,Battle droid radio 657,MrClock,Inherited locally from JLTS_droid_comlink
TAEJLTSCompat\config.cpp,15054,JLTS_droid_comlink_658,JLTS_droid_comlink,CfgWeapons,,Battle droid radio 658,MrClock,Inherited locally from JLTS_droid_comlink
TAEJLTSCompat\config.cpp,15063,JLTS_droid_comlink_659,JLTS_droid_comlink,CfgWeapons,,Battle droid radio 659,MrClock,Inherited locally from JLTS_droid_comlink
TAEJLTSCompat\config.cpp,15072,JLTS_droid_comlink_660,JLTS_droid_comlink,CfgWeapons,,Battle droid radio 660,MrClock,Inherited locally from JLTS_droid_comlink
TAEJLTSCompat\config.cpp,15081,JLTS_droid_comlink_661,JLTS_droid_comlink,CfgWeapons,,Battle droid radio 661,MrClock,Inherited locally from JLTS_droid_comlink
TAEJLTSCompat\config.cpp,15090,JLTS_droid_comlink_662,JLTS_droid_comlink,CfgWeapons,,Battle droid radio 662,MrClock,Inherited locally from JLTS_droid_comlink
TAEJLTSCompat\config.cpp,15099,JLTS_droid_comlink_663,JLTS_droid_comlink,CfgWeapons,,Battle droid radio 663,MrClock,Inherited locally from JLTS_droid_comlink
TAEJLTSCompat\config.cpp,15108,JLTS_droid_comlink_664,JLTS_droid_comlink,CfgWeapons,,Battle droid radio 664,MrClock,Inherited locally from JLTS_droid_comlink
TAEJLTSCompat\config.cpp,15117,JLTS_droid_comlink_665,JLTS_droid_comlink,CfgWeapons,,Battle droid radio 665,MrClock,Inherited locally from JLTS_droid_comlink
TAEJLTSCompat\config.cpp,15126,JLTS_droid_comlink_666,JLTS_droid_comlink,CfgWeapons,,Battle droid radio 666,MrClock,Inherited locally from JLTS_droid_comlink
TAEJLTSCompat\config.cpp,15135,JLTS_droid_comlink_667,JLTS_droid_comlink,CfgWeapons,,Battle droid radio 667,MrClock,Inherited locally from JLTS_droid_comlink
TAEJLTSCompat\config.cpp,15144,JLTS_droid_comlink_668,JLTS_droid_comlink,CfgWeapons,,Battle droid radio 668,MrClock,Inherited locally from JLTS_droid_comlink
TAEJLTSCompat\config.cpp,15153,JLTS_droid_comlink_669,JLTS_droid_comlink,CfgWeapons,,Battle droid radio 669,MrClock,Inherited locally from JLTS_droid_comlink
TAEJLTSCompat\config.cpp,15162,JLTS_droid_comlink_670,JLTS_droid_comlink,CfgWeapons,,Battle droid radio 670,MrClock,Inherited locally from JLTS_droid_comlink
TAEJLTSCompat\config.cpp,15171,JLTS_droid_comlink_671,JLTS_droid_comlink,CfgWeapons,,Battle droid radio 671,MrClock,Inherited locally from JLTS_droid_comlink
TAEJLTSCompat\config.cpp,15180,JLTS_droid_comlink_672,JLTS_droid_comlink,CfgWeapons,,Battle droid radio 672,MrClock,Inherited locally from JLTS_droid_comlink
TAEJLTSCompat\config.cpp,15189,JLTS_droid_comlink_673,JLTS_droid_comlink,CfgWeapons,,Battle droid radio 673,MrClock,Inherited locally from JLTS_droid_comlink
TAEJLTSCompat\config.cpp,15198,JLTS_droid_comlink_674,JLTS_droid_comlink,CfgWeapons,,Battle droid radio 674,MrClock,Inherited locally from JLTS_droid_comlink
TAEJLTSCompat\config.cpp,15207,JLTS_droid_comlink_675,JLTS_droid_comlink,CfgWeapons,,Battle droid radio 675,MrClock,Inherited locally from JLTS_droid_comlink
TAEJLTSCompat\config.cpp,15216,JLTS_droid_comlink_676,JLTS_droid_comlink,CfgWeapons,,Battle droid radio 676,MrClock,Inherited locally from JLTS_droid_comlink
TAEJLTSCompat\config.cpp,15225,JLTS_droid_comlink_677,JLTS_droid_comlink,CfgWeapons,,Battle droid radio 677,MrClock,Inherited locally from JLTS_droid_comlink
TAEJLTSCompat\config.cpp,15234,JLTS_droid_comlink_678,JLTS_droid_comlink,CfgWeapons,,Battle droid radio 678,MrClock,Inherited locally from JLTS_droid_comlink
TAEJLTSCompat\config.cpp,15243,JLTS_droid_comlink_679,JLTS_droid_comlink,CfgWeapons,,Battle droid radio 679,MrClock,Inherited locally from JLTS_droid_comlink
TAEJLTSCompat\config.cpp,15252,JLTS_droid_comlink_680,JLTS_droid_comlink,CfgWeapons,,Battle droid radio 680,MrClock,Inherited locally from JLTS_droid_comlink
TAEJLTSCompat\config.cpp,15261,JLTS_droid_comlink_681,JLTS_droid_comlink,CfgWeapons,,Battle droid radio 681,MrClock,Inherited locally from JLTS_droid_comlink
TAEJLTSCompat\config.cpp,15270,JLTS_droid_comlink_682,JLTS_droid_comlink,CfgWeapons,,Battle droid radio 682,MrClock,Inherited locally from JLTS_droid_comlink
TAEJLTSCompat\config.cpp,15279,JLTS_droid_comlink_683,JLTS_droid_comlink,CfgWeapons,,Battle droid radio 683,MrClock,Inherited locally from JLTS_droid_comlink
TAEJLTSCompat\config.cpp,15288,JLTS_droid_comlink_684,JLTS_droid_comlink,CfgWeapons,,Battle droid radio 684,MrClock,Inherited locally from JLTS_droid_comlink
TAEJLTSCompat\config.cpp,15297,JLTS_droid_comlink_685,JLTS_droid_comlink,CfgWeapons,,Battle droid radio 685,MrClock,Inherited locally from JLTS_droid_comlink
TAEJLTSCompat\config.cpp,15306,JLTS_droid_comlink_686,JLTS_droid_comlink,CfgWeapons,,Battle droid radio 686,MrClock,Inherited locally from JLTS_droid_comlink
TAEJLTSCompat\config.cpp,15315,JLTS_droid_comlink_687,JLTS_droid_comlink,CfgWeapons,,Battle droid radio 687,MrClock,Inherited locally from JLTS_droid_comlink
TAEJLTSCompat\config.cpp,15324,JLTS_droid_comlink_688,JLTS_droid_comlink,CfgWeapons,,Battle droid radio 688,MrClock,Inherited locally from JLTS_droid_comlink
TAEJLTSCompat\config.cpp,15333,JLTS_droid_comlink_689,JLTS_droid_comlink,CfgWeapons,,Battle droid radio 689,MrClock,Inherited locally from JLTS_droid_comlink
TAEJLTSCompat\config.cpp,15342,JLTS_droid_comlink_690,JLTS_droid_comlink,CfgWeapons,,Battle droid radio 690,MrClock,Inherited locally from JLTS_droid_comlink
TAEJLTSCompat\config.cpp,15351,JLTS_droid_comlink_691,JLTS_droid_comlink,CfgWeapons,,Battle droid radio 691,MrClock,Inherited locally from JLTS_droid_comlink
TAEJLTSCompat\config.cpp,15360,JLTS_droid_comlink_692,JLTS_droid_comlink,CfgWeapons,,Battle droid radio 692,MrClock,Inherited locally from JLTS_droid_comlink
TAEJLTSCompat\config.cpp,15369,JLTS_droid_comlink_693,JLTS_droid_comlink,CfgWeapons,,Battle droid radio 693,MrClock,Inherited locally from JLTS_droid_comlink
TAEJLTSCompat\config.cpp,15378,JLTS_droid_comlink_694,JLTS_droid_comlink,CfgWeapons,,Battle droid radio 694,MrClock,Inherited locally from JLTS_droid_comlink
TAEJLTSCompat\config.cpp,15387,JLTS_droid_comlink_695,JLTS_droid_comlink,CfgWeapons,,Battle droid radio 695,MrClock,Inherited locally from JLTS_droid_comlink
TAEJLTSCompat\config.cpp,15396,JLTS_droid_comlink_696,JLTS_droid_comlink,CfgWeapons,,Battle droid radio 696,MrClock,Inherited locally from JLTS_droid_comlink
TAEJLTSCompat\config.cpp,15405,JLTS_droid_comlink_697,JLTS_droid_comlink,CfgWeapons,,Battle droid radio 697,MrClock,Inherited locally from JLTS_droid_comlink
TAEJLTSCompat\config.cpp,15414,JLTS_droid_comlink_698,JLTS_droid_comlink,CfgWeapons,,Battle droid radio 698,MrClock,Inherited locally from JLTS_droid_comlink
TAEJLTSCompat\config.cpp,15423,JLTS_droid_comlink_699,JLTS_droid_comlink,CfgWeapons,,Battle droid radio 699,MrClock,Inherited locally from JLTS_droid_comlink
TAEJLTSCompat\config.cpp,15432,JLTS_droid_comlink_700,JLTS_droid_comlink,CfgWeapons,,Battle droid radio 700,MrClock,Inherited locally from JLTS_droid_comlink
TAEJLTSCompat\config.cpp,15441,JLTS_droid_comlink_701,JLTS_droid_comlink,CfgWeapons,,Battle droid radio 701,MrClock,Inherited locally from JLTS_droid_comlink
TAEJLTSCompat\config.cpp,15450,JLTS_droid_comlink_702,JLTS_droid_comlink,CfgWeapons,,Battle droid radio 702,MrClock,Inherited locally from JLTS_droid_comlink
TAEJLTSCompat\config.cpp,15459,JLTS_droid_comlink_703,JLTS_droid_comlink,CfgWeapons,,Battle droid radio 703,MrClock,Inherited locally from JLTS_droid_comlink
TAEJLTSCompat\config.cpp,15468,JLTS_droid_comlink_704,JLTS_droid_comlink,CfgWeapons,,Battle droid radio 704,MrClock,Inherited locally from JLTS_droid_comlink
TAEJLTSCompat\config.cpp,15477,JLTS_droid_comlink_705,JLTS_droid_comlink,CfgWeapons,,Battle droid radio 705,MrClock,Inherited locally from JLTS_droid_comlink
TAEJLTSCompat\config.cpp,15486,JLTS_droid_comlink_706,JLTS_droid_comlink,CfgWeapons,,Battle droid radio 706,MrClock,Inherited locally from JLTS_droid_comlink
TAEJLTSCompat\config.cpp,15495,JLTS_droid_comlink_707,JLTS_droid_comlink,CfgWeapons,,Battle droid radio 707,MrClock,Inherited locally from JLTS_droid_comlink
TAEJLTSCompat\config.cpp,15504,JLTS_droid_comlink_708,JLTS_droid_comlink,CfgWeapons,,Battle droid radio 708,MrClock,Inherited locally from JLTS_droid_comlink
TAEJLTSCompat\config.cpp,15513,JLTS_droid_comlink_709,JLTS_droid_comlink,CfgWeapons,,Battle droid radio 709,MrClock,Inherited locally from JLTS_droid_comlink
TAEJLTSCompat\config.cpp,15522,JLTS_droid_comlink_710,JLTS_droid_comlink,CfgWeapons,,Battle droid radio 710,MrClock,Inherited locally from JLTS_droid_comlink
TAEJLTSCompat\config.cpp,15531,JLTS_droid_comlink_711,JLTS_droid_comlink,CfgWeapons,,Battle droid radio 711,MrClock,Inherited locally from JLTS_droid_comlink
TAEJLTSCompat\config.cpp,15540,JLTS_droid_comlink_712,JLTS_droid_comlink,CfgWeapons,,Battle droid radio 712,MrClock,Inherited locally from JLTS_droid_comlink
TAEJLTSCompat\config.cpp,15549,JLTS_droid_comlink_713,JLTS_droid_comlink,CfgWeapons,,Battle droid radio 713,MrClock,Inherited locally from JLTS_droid_comlink
TAEJLTSCompat\config.cpp,15558,JLTS_droid_comlink_714,JLTS_droid_comlink,CfgWeapons,,Battle droid radio 714,MrClock,Inherited locally from JLTS_droid_comlink
TAEJLTSCompat\config.cpp,15567,JLTS_droid_comlink_715,JLTS_droid_comlink,CfgWeapons,,Battle droid radio 715,MrClock,Inherited locally from JLTS_droid_comlink
TAEJLTSCompat\config.cpp,15576,JLTS_droid_comlink_716,JLTS_droid_comlink,CfgWeapons,,Battle droid radio 716,MrClock,Inherited locally from JLTS_droid_comlink
TAEJLTSCompat\config.cpp,15585,JLTS_droid_comlink_717,JLTS_droid_comlink,CfgWeapons,,Battle droid radio 717,MrClock,Inherited locally from JLTS_droid_comlink
TAEJLTSCompat\config.cpp,15594,JLTS_droid_comlink_718,JLTS_droid_comlink,CfgWeapons,,Battle droid radio 718,MrClock,Inherited locally from JLTS_droid_comlink
TAEJLTSCompat\config.cpp,15603,JLTS_droid_comlink_719,JLTS_droid_comlink,CfgWeapons,,Battle droid radio 719,MrClock,Inherited locally from JLTS_droid_comlink
TAEJLTSCompat\config.cpp,15612,JLTS_droid_comlink_720,JLTS_droid_comlink,CfgWeapons,,Battle droid radio 720,MrClock,Inherited locally from JLTS_droid_comlink
TAEJLTSCompat\config.cpp,15621,JLTS_droid_comlink_721,JLTS_droid_comlink,CfgWeapons,,Battle droid radio 721,MrClock,Inherited locally from JLTS_droid_comlink
TAEJLTSCompat\config.cpp,15630,JLTS_droid_comlink_722,JLTS_droid_comlink,CfgWeapons,,Battle droid radio 722,MrClock,Inherited locally from JLTS_droid_comlink
TAEJLTSCompat\config.cpp,15639,JLTS_droid_comlink_723,JLTS_droid_comlink,CfgWeapons,,Battle droid radio 723,MrClock,Inherited locally from JLTS_droid_comlink
TAEJLTSCompat\config.cpp,15648,JLTS_droid_comlink_724,JLTS_droid_comlink,CfgWeapons,,Battle droid radio 724,MrClock,Inherited locally from JLTS_droid_comlink
TAEJLTSCompat\config.cpp,15657,JLTS_droid_comlink_725,JLTS_droid_comlink,CfgWeapons,,Battle droid radio 725,MrClock,Inherited locally from JLTS_droid_comlink
TAEJLTSCompat\config.cpp,15666,JLTS_droid_comlink_726,JLTS_droid_comlink,CfgWeapons,,Battle droid radio 726,MrClock,Inherited locally from JLTS_droid_comlink
TAEJLTSCompat\config.cpp,15675,JLTS_droid_comlink_727,JLTS_droid_comlink,CfgWeapons,,Battle droid radio 727,MrClock,Inherited locally from JLTS_droid_comlink
TAEJLTSCompat\config.cpp,15684,JLTS_droid_comlink_728,JLTS_droid_comlink,CfgWeapons,,Battle droid radio 728,MrClock,Inherited locally from JLTS_droid_comlink
TAEJLTSCompat\config.cpp,15693,JLTS_droid_comlink_729,JLTS_droid_comlink,CfgWeapons,,Battle droid radio 729,MrClock,Inherited locally from JLTS_droid_comlink
TAEJLTSCompat\config.cpp,15702,JLTS_droid_comlink_730,JLTS_droid_comlink,CfgWeapons,,Battle droid radio 730,MrClock,Inherited locally from JLTS_droid_comlink
TAEJLTSCompat\config.cpp,15711,JLTS_droid_comlink_731,JLTS_droid_comlink,CfgWeapons,,Battle droid radio 731,MrClock,Inherited locally from JLTS_droid_comlink
TAEJLTSCompat\config.cpp,15720,JLTS_droid_comlink_732,JLTS_droid_comlink,CfgWeapons,,Battle droid radio 732,MrClock,Inherited locally from JLTS_droid_comlink
TAEJLTSCompat\config.cpp,15729,JLTS_droid_comlink_733,JLTS_droid_comlink,CfgWeapons,,Battle droid radio 733,MrClock,Inherited locally from JLTS_droid_comlink
TAEJLTSCompat\config.cpp,15738,JLTS_droid_comlink_734,JLTS_droid_comlink,CfgWeapons,,Battle droid radio 734,MrClock,Inherited locally from JLTS_droid_comlink
TAEJLTSCompat\config.cpp,15747,JLTS_droid_comlink_735,JLTS_droid_comlink,CfgWeapons,,Battle droid radio 735,MrClock,Inherited locally from JLTS_droid_comlink
TAEJLTSCompat\config.cpp,15756,JLTS_droid_comlink_736,JLTS_droid_comlink,CfgWeapons,,Battle droid radio 736,MrClock,Inherited locally from JLTS_droid_comlink
TAEJLTSCompat\config.cpp,15765,JLTS_droid_comlink_737,JLTS_droid_comlink,CfgWeapons,,Battle droid radio 737,MrClock,Inherited locally from JLTS_droid_comlink
TAEJLTSCompat\config.cpp,15774,JLTS_droid_comlink_738,JLTS_droid_comlink,CfgWeapons,,Battle droid radio 738,MrClock,Inherited locally from JLTS_droid_comlink
TAEJLTSCompat\config.cpp,15783,JLTS_droid_comlink_739,JLTS_droid_comlink,CfgWeapons,,Battle droid radio 739,MrClock,Inherited locally from JLTS_droid_comlink
TAEJLTSCompat\config.cpp,15792,JLTS_droid_comlink_740,JLTS_droid_comlink,CfgWeapons,,Battle droid radio 740,MrClock,Inherited locally from JLTS_droid_comlink
TAEJLTSCompat\config.cpp,15801,JLTS_droid_comlink_741,JLTS_droid_comlink,CfgWeapons,,Battle droid radio 741,MrClock,Inherited locally from JLTS_droid_comlink
TAEJLTSCompat\config.cpp,15810,JLTS_droid_comlink_742,JLTS_droid_comlink,CfgWeapons,,Battle droid radio 742,MrClock,Inherited locally from JLTS_droid_comlink
TAEJLTSCompat\config.cpp,15819,JLTS_droid_comlink_743,JLTS_droid_comlink,CfgWeapons,,Battle droid radio 743,MrClock,Inherited locally from JLTS_droid_comlink
TAEJLTSCompat\config.cpp,15828,JLTS_droid_comlink_744,JLTS_droid_comlink,CfgWeapons,,Battle droid radio 744,MrClock,Inherited locally from JLTS_droid_comlink
TAEJLTSCompat\config.cpp,15837,JLTS_droid_comlink_745,JLTS_droid_comlink,CfgWeapons,,Battle droid radio 745,MrClock,Inherited locally from JLTS_droid_comlink
TAEJLTSCompat\config.cpp,15846,JLTS_droid_comlink_746,JLTS_droid_comlink,CfgWeapons,,Battle droid radio 746,MrClock,Inherited locally from JLTS_droid_comlink
TAEJLTSCompat\config.cpp,15855,JLTS_droid_comlink_747,JLTS_droid_comlink,CfgWeapons,,Battle droid radio 747,MrClock,Inherited locally from JLTS_droid_comlink
TAEJLTSCompat\config.cpp,15864,JLTS_droid_comlink_748,JLTS_droid_comlink,CfgWeapons,,Battle droid radio 748,MrClock,Inherited locally from JLTS_droid_comlink
TAEJLTSCompat\config.cpp,15873,JLTS_droid_comlink_749,JLTS_droid_comlink,CfgWeapons,,Battle droid radio 749,MrClock,Inherited locally from JLTS_droid_comlink
TAEJLTSCompat\config.cpp,15882,JLTS_droid_comlink_750,JLTS_droid_comlink,CfgWeapons,,Battle droid radio 750,MrClock,Inherited locally from JLTS_droid_comlink
TAEJLTSCompat\config.cpp,15891,JLTS_droid_comlink_751,JLTS_droid_comlink,CfgWeapons,,Battle droid radio 751,MrClock,Inherited locally from JLTS_droid_comlink
TAEJLTSCompat\config.cpp,15900,JLTS_droid_comlink_752,JLTS_droid_comlink,CfgWeapons,,Battle droid radio 752,MrClock,Inherited locally from JLTS_droid_comlink
TAEJLTSCompat\config.cpp,15909,JLTS_droid_comlink_753,JLTS_droid_comlink,CfgWeapons,,Battle droid radio 753,MrClock,Inherited locally from JLTS_droid_comlink
TAEJLTSCompat\config.cpp,15918,JLTS_droid_comlink_754,JLTS_droid_comlink,CfgWeapons,,Battle droid radio 754,MrClock,Inherited locally from JLTS_droid_comlink
TAEJLTSCompat\config.cpp,15927,JLTS_droid_comlink_755,JLTS_droid_comlink,CfgWeapons,,Battle droid radio 755,MrClock,Inherited locally from JLTS_droid_comlink
TAEJLTSCompat\config.cpp,15936,JLTS_droid_comlink_756,JLTS_droid_comlink,CfgWeapons,,Battle droid radio 756,MrClock,Inherited locally from JLTS_droid_comlink
TAEJLTSCompat\config.cpp,15945,JLTS_droid_comlink_757,JLTS_droid_comlink,CfgWeapons,,Battle droid radio 757,MrClock,Inherited locally from JLTS_droid_comlink
TAEJLTSCompat\config.cpp,15954,JLTS_droid_comlink_758,JLTS_droid_comlink,CfgWeapons,,Battle droid radio 758,MrClock,Inherited locally from JLTS_droid_comlink
TAEJLTSCompat\config.cpp,15963,JLTS_droid_comlink_759,JLTS_droid_comlink,CfgWeapons,,Battle droid radio 759,MrClock,Inherited locally from JLTS_droid_comlink
TAEJLTSCompat\config.cpp,15972,JLTS_droid_comlink_760,JLTS_droid_comlink,CfgWeapons,,Battle droid radio 760,MrClock,Inherited locally from JLTS_droid_comlink
TAEJLTSCompat\config.cpp,15981,JLTS_droid_comlink_761,JLTS_droid_comlink,CfgWeapons,,Battle droid radio 761,MrClock,Inherited locally from JLTS_droid_comlink
TAEJLTSCompat\config.cpp,15990,JLTS_droid_comlink_762,JLTS_droid_comlink,CfgWeapons,,Battle droid radio 762,MrClock,Inherited locally from JLTS_droid_comlink
TAEJLTSCompat\config.cpp,15999,JLTS_droid_comlink_763,JLTS_droid_comlink,CfgWeapons,,Battle droid radio 763,MrClock,Inherited locally from JLTS_droid_comlink
TAEJLTSCompat\config.cpp,16008,JLTS_droid_comlink_764,JLTS_droid_comlink,CfgWeapons,,Battle droid radio 764,MrClock,Inherited locally from JLTS_droid_comlink
TAEJLTSCompat\config.cpp,16017,JLTS_droid_comlink_765,JLTS_droid_comlink,CfgWeapons,,Battle droid radio 765,MrClock,Inherited locally from JLTS_droid_comlink
TAEJLTSCompat\config.cpp,16026,JLTS_droid_comlink_766,JLTS_droid_comlink,CfgWeapons,,Battle droid radio 766,MrClock,Inherited locally from JLTS_droid_comlink
TAEJLTSCompat\config.cpp,16035,JLTS_droid_comlink_767,JLTS_droid_comlink,CfgWeapons,,Battle droid radio 767,MrClock,Inherited locally from JLTS_droid_comlink
TAEJLTSCompat\config.cpp,16044,JLTS_droid_comlink_768,JLTS_droid_comlink,CfgWeapons,,Battle droid radio 768,MrClock,Inherited locally from JLTS_droid_comlink
TAEJLTSCompat\config.cpp,16053,JLTS_droid_comlink_769,JLTS_droid_comlink,CfgWeapons,,Battle droid radio 769,MrClock,Inherited locally from JLTS_droid_comlink
TAEJLTSCompat\config.cpp,16062,JLTS_droid_comlink_770,JLTS_droid_comlink,CfgWeapons,,Battle droid radio 770,MrClock,Inherited locally from JLTS_droid_comlink
TAEJLTSCompat\config.cpp,16071,JLTS_droid_comlink_771,JLTS_droid_comlink,CfgWeapons,,Battle droid radio 771,MrClock,Inherited locally from JLTS_droid_comlink
TAEJLTSCompat\config.cpp,16080,JLTS_droid_comlink_772,JLTS_droid_comlink,CfgWeapons,,Battle droid radio 772,MrClock,Inherited locally from JLTS_droid_comlink
TAEJLTSCompat\config.cpp,16089,JLTS_droid_comlink_773,JLTS_droid_comlink,CfgWeapons,,Battle droid radio 773,MrClock,Inherited locally from JLTS_droid_comlink
TAEJLTSCompat\config.cpp,16098,JLTS_droid_comlink_774,JLTS_droid_comlink,CfgWeapons,,Battle droid radio 774,MrClock,Inherited locally from JLTS_droid_comlink
TAEJLTSCompat\config.cpp,16107,JLTS_droid_comlink_775,JLTS_droid_comlink,CfgWeapons,,Battle droid radio 775,MrClock,Inherited locally from JLTS_droid_comlink
TAEJLTSCompat\config.cpp,16116,JLTS_droid_comlink_776,JLTS_droid_comlink,CfgWeapons,,Battle droid radio 776,MrClock,Inherited locally from JLTS_droid_comlink
TAEJLTSCompat\config.cpp,16125,JLTS_droid_comlink_777,JLTS_droid_comlink,CfgWeapons,,Battle droid radio 777,MrClock,Inherited locally from JLTS_droid_comlink
TAEJLTSCompat\config.cpp,16134,JLTS_droid_comlink_778,JLTS_droid_comlink,CfgWeapons,,Battle droid radio 778,MrClock,Inherited locally from JLTS_droid_comlink
TAEJLTSCompat\config.cpp,16143,JLTS_droid_comlink_779,JLTS_droid_comlink,CfgWeapons,,Battle droid radio 779,MrClock,Inherited locally from JLTS_droid_comlink
TAEJLTSCompat\config.cpp,16152,JLTS_droid_comlink_780,JLTS_droid_comlink,CfgWeapons,,Battle droid radio 780,MrClock,Inherited locally from JLTS_droid_comlink
TAEJLTSCompat\config.cpp,16161,JLTS_droid_comlink_781,JLTS_droid_comlink,CfgWeapons,,Battle droid radio 781,MrClock,Inherited locally from JLTS_droid_comlink
TAEJLTSCompat\config.cpp,16170,JLTS_droid_comlink_782,JLTS_droid_comlink,CfgWeapons,,Battle droid radio 782,MrClock,Inherited locally from JLTS_droid_comlink
TAEJLTSCompat\config.cpp,16179,JLTS_droid_comlink_783,JLTS_droid_comlink,CfgWeapons,,Battle droid radio 783,MrClock,Inherited locally from JLTS_droid_comlink
TAEJLTSCompat\config.cpp,16188,JLTS_droid_comlink_784,JLTS_droid_comlink,CfgWeapons,,Battle droid radio 784,MrClock,Inherited locally from JLTS_droid_comlink
TAEJLTSCompat\config.cpp,16197,JLTS_droid_comlink_785,JLTS_droid_comlink,CfgWeapons,,Battle droid radio 785,MrClock,Inherited locally from JLTS_droid_comlink
TAEJLTSCompat\config.cpp,16206,JLTS_droid_comlink_786,JLTS_droid_comlink,CfgWeapons,,Battle droid radio 786,MrClock,Inherited locally from JLTS_droid_comlink
TAEJLTSCompat\config.cpp,16215,JLTS_droid_comlink_787,JLTS_droid_comlink,CfgWeapons,,Battle droid radio 787,MrClock,Inherited locally from JLTS_droid_comlink
TAEJLTSCompat\config.cpp,16224,JLTS_droid_comlink_788,JLTS_droid_comlink,CfgWeapons,,Battle droid radio 788,MrClock,Inherited locally from JLTS_droid_comlink
TAEJLTSCompat\config.cpp,16233,JLTS_droid_comlink_789,JLTS_droid_comlink,CfgWeapons,,Battle droid radio 789,MrClock,Inherited locally from JLTS_droid_comlink
TAEJLTSCompat\config.cpp,16242,JLTS_droid_comlink_790,JLTS_droid_comlink,CfgWeapons,,Battle droid radio 790,MrClock,Inherited locally from JLTS_droid_comlink
TAEJLTSCompat\config.cpp,16251,JLTS_droid_comlink_791,JLTS_droid_comlink,CfgWeapons,,Battle droid radio 791,MrClock,Inherited locally from JLTS_droid_comlink
TAEJLTSCompat\config.cpp,16260,JLTS_droid_comlink_792,JLTS_droid_comlink,CfgWeapons,,Battle droid radio 792,MrClock,Inherited locally from JLTS_droid_comlink
TAEJLTSCompat\config.cpp,16269,JLTS_droid_comlink_793,JLTS_droid_comlink,CfgWeapons,,Battle droid radio 793,MrClock,Inherited locally from JLTS_droid_comlink
TAEJLTSCompat\config.cpp,16278,JLTS_droid_comlink_794,JLTS_droid_comlink,CfgWeapons,,Battle droid radio 794,MrClock,Inherited locally from JLTS_droid_comlink
TAEJLTSCompat\config.cpp,16287,JLTS_droid_comlink_795,JLTS_droid_comlink,CfgWeapons,,Battle droid radio 795,MrClock,Inherited locally from JLTS_droid_comlink
TAEJLTSCompat\config.cpp,16296,JLTS_droid_comlink_796,JLTS_droid_comlink,CfgWeapons,,Battle droid radio 796,MrClock,Inherited locally from JLTS_droid_comlink
TAEJLTSCompat\config.cpp,16305,JLTS_droid_comlink_797,JLTS_droid_comlink,CfgWeapons,,Battle droid radio 797,MrClock,Inherited locally from JLTS_droid_comlink
TAEJLTSCompat\config.cpp,16314,JLTS_droid_comlink_798,JLTS_droid_comlink,CfgWeapons,,Battle droid radio 798,MrClock,Inherited locally from JLTS_droid_comlink
TAEJLTSCompat\config.cpp,16323,JLTS_droid_comlink_799,JLTS_droid_comlink,CfgWeapons,,Battle droid radio 799,MrClock,Inherited locally from JLTS_droid_comlink
TAEJLTSCompat\config.cpp,16332,JLTS_droid_comlink_800,JLTS_droid_comlink,CfgWeapons,,Battle droid radio 800,MrClock,Inherited locally from JLTS_droid_comlink
TAEJLTSCompat\config.cpp,16341,JLTS_droid_comlink_801,JLTS_droid_comlink,CfgWeapons,,Battle droid radio 801,MrClock,Inherited locally from JLTS_droid_comlink
TAEJLTSCompat\config.cpp,16350,JLTS_droid_comlink_802,JLTS_droid_comlink,CfgWeapons,,Battle droid radio 802,MrClock,Inherited locally from JLTS_droid_comlink
TAEJLTSCompat\config.cpp,16359,JLTS_droid_comlink_803,JLTS_droid_comlink,CfgWeapons,,Battle droid radio 803,MrClock,Inherited locally from JLTS_droid_comlink
TAEJLTSCompat\config.cpp,16368,JLTS_droid_comlink_804,JLTS_droid_comlink,CfgWeapons,,Battle droid radio 804,MrClock,Inherited locally from JLTS_droid_comlink
TAEJLTSCompat\config.cpp,16377,JLTS_droid_comlink_805,JLTS_droid_comlink,CfgWeapons,,Battle droid radio 805,MrClock,Inherited locally from JLTS_droid_comlink
TAEJLTSCompat\config.cpp,16386,JLTS_droid_comlink_806,JLTS_droid_comlink,CfgWeapons,,Battle droid radio 806,MrClock,Inherited locally from JLTS_droid_comlink
TAEJLTSCompat\config.cpp,16395,JLTS_droid_comlink_807,JLTS_droid_comlink,CfgWeapons,,Battle droid radio 807,MrClock,Inherited locally from JLTS_droid_comlink
TAEJLTSCompat\config.cpp,16404,JLTS_droid_comlink_808,JLTS_droid_comlink,CfgWeapons,,Battle droid radio 808,MrClock,Inherited locally from JLTS_droid_comlink
TAEJLTSCompat\config.cpp,16413,JLTS_droid_comlink_809,JLTS_droid_comlink,CfgWeapons,,Battle droid radio 809,MrClock,Inherited locally from JLTS_droid_comlink
TAEJLTSCompat\config.cpp,16422,JLTS_droid_comlink_810,JLTS_droid_comlink,CfgWeapons,,Battle droid radio 810,MrClock,Inherited locally from JLTS_droid_comlink
TAEJLTSCompat\config.cpp,16431,JLTS_droid_comlink_811,JLTS_droid_comlink,CfgWeapons,,Battle droid radio 811,MrClock,Inherited locally from JLTS_droid_comlink
TAEJLTSCompat\config.cpp,16440,JLTS_droid_comlink_812,JLTS_droid_comlink,CfgWeapons,,Battle droid radio 812,MrClock,Inherited locally from JLTS_droid_comlink
TAEJLTSCompat\config.cpp,16449,JLTS_droid_comlink_813,JLTS_droid_comlink,CfgWeapons,,Battle droid radio 813,MrClock,Inherited locally from JLTS_droid_comlink
TAEJLTSCompat\config.cpp,16458,JLTS_droid_comlink_814,JLTS_droid_comlink,CfgWeapons,,Battle droid radio 814,MrClock,Inherited locally from JLTS_droid_comlink
TAEJLTSCompat\config.cpp,16467,JLTS_droid_comlink_815,JLTS_droid_comlink,CfgWeapons,,Battle droid radio 815,MrClock,Inherited locally from JLTS_droid_comlink
TAEJLTSCompat\config.cpp,16476,JLTS_droid_comlink_816,JLTS_droid_comlink,CfgWeapons,,Battle droid radio 816,MrClock,Inherited locally from JLTS_droid_comlink
TAEJLTSCompat\config.cpp,16485,JLTS_droid_comlink_817,JLTS_droid_comlink,CfgWeapons,,Battle droid radio 817,MrClock,Inherited locally from JLTS_droid_comlink
TAEJLTSCompat\config.cpp,16494,JLTS_droid_comlink_818,JLTS_droid_comlink,CfgWeapons,,Battle droid radio 818,MrClock,Inherited locally from JLTS_droid_comlink
TAEJLTSCompat\config.cpp,16503,JLTS_droid_comlink_819,JLTS_droid_comlink,CfgWeapons,,Battle droid radio 819,MrClock,Inherited locally from JLTS_droid_comlink
TAEJLTSCompat\config.cpp,16512,JLTS_droid_comlink_820,JLTS_droid_comlink,CfgWeapons,,Battle droid radio 820,MrClock,Inherited locally from JLTS_droid_comlink
TAEJLTSCompat\config.cpp,16521,JLTS_droid_comlink_821,JLTS_droid_comlink,CfgWeapons,,Battle droid radio 821,MrClock,Inherited locally from JLTS_droid_comlink
TAEJLTSCompat\config.cpp,16530,JLTS_droid_comlink_822,JLTS_droid_comlink,CfgWeapons,,Battle droid radio 822,MrClock,Inherited locally from JLTS_droid_comlink
TAEJLTSCompat\config.cpp,16539,JLTS_droid_comlink_823,JLTS_droid_comlink,CfgWeapons,,Battle droid radio 823,MrClock,Inherited locally from JLTS_droid_comlink
TAEJLTSCompat\config.cpp,16548,JLTS_droid_comlink_824,JLTS_droid_comlink,CfgWeapons,,Battle droid radio 824,MrClock,Inherited locally from JLTS_droid_comlink
TAEJLTSCompat\config.cpp,16557,JLTS_droid_comlink_825,JLTS_droid_comlink,CfgWeapons,,Battle droid radio 825,MrClock,Inherited locally from JLTS_droid_comlink
TAEJLTSCompat\config.cpp,16566,JLTS_droid_comlink_826,JLTS_droid_comlink,CfgWeapons,,Battle droid radio 826,MrClock,Inherited locally from JLTS_droid_comlink
TAEJLTSCompat\config.cpp,16575,JLTS_droid_comlink_827,JLTS_droid_comlink,CfgWeapons,,Battle droid radio 827,MrClock,Inherited locally from JLTS_droid_comlink
TAEJLTSCompat\config.cpp,16584,JLTS_droid_comlink_828,JLTS_droid_comlink,CfgWeapons,,Battle droid radio 828,MrClock,Inherited locally from JLTS_droid_comlink
TAEJLTSCompat\config.cpp,16593,JLTS_droid_comlink_829,JLTS_droid_comlink,CfgWeapons,,Battle droid radio 829,MrClock,Inherited locally from JLTS_droid_comlink
TAEJLTSCompat\config.cpp,16602,JLTS_droid_comlink_830,JLTS_droid_comlink,CfgWeapons,,Battle droid radio 830,MrClock,Inherited locally from JLTS_droid_comlink
TAEJLTSCompat\config.cpp,16611,JLTS_droid_comlink_831,JLTS_droid_comlink,CfgWeapons,,Battle droid radio 831,MrClock,Inherited locally from JLTS_droid_comlink
TAEJLTSCompat\config.cpp,16620,JLTS_droid_comlink_832,JLTS_droid_comlink,CfgWeapons,,Battle droid radio 832,MrClock,Inherited locally from JLTS_droid_comlink
TAEJLTSCompat\config.cpp,16629,JLTS_droid_comlink_833,JLTS_droid_comlink,CfgWeapons,,Battle droid radio 833,MrClock,Inherited locally from JLTS_droid_comlink
TAEJLTSCompat\config.cpp,16638,JLTS_droid_comlink_834,JLTS_droid_comlink,CfgWeapons,,Battle droid radio 834,MrClock,Inherited locally from JLTS_droid_comlink
TAEJLTSCompat\config.cpp,16647,JLTS_droid_comlink_835,JLTS_droid_comlink,CfgWeapons,,Battle droid radio 835,MrClock,Inherited locally from JLTS_droid_comlink
TAEJLTSCompat\config.cpp,16656,JLTS_droid_comlink_836,JLTS_droid_comlink,CfgWeapons,,Battle droid radio 836,MrClock,Inherited locally from JLTS_droid_comlink
TAEJLTSCompat\config.cpp,16665,JLTS_droid_comlink_837,JLTS_droid_comlink,CfgWeapons,,Battle droid radio 837,MrClock,Inherited locally from JLTS_droid_comlink
TAEJLTSCompat\config.cpp,16674,JLTS_droid_comlink_838,JLTS_droid_comlink,CfgWeapons,,Battle droid radio 838,MrClock,Inherited locally from JLTS_droid_comlink
TAEJLTSCompat\config.cpp,16683,JLTS_droid_comlink_839,JLTS_droid_comlink,CfgWeapons,,Battle droid radio 839,MrClock,Inherited locally from JLTS_droid_comlink
TAEJLTSCompat\config.cpp,16692,JLTS_droid_comlink_840,JLTS_droid_comlink,CfgWeapons,,Battle droid radio 840,MrClock,Inherited locally from JLTS_droid_comlink
TAEJLTSCompat\config.cpp,16701,JLTS_droid_comlink_841,JLTS_droid_comlink,CfgWeapons,,Battle droid radio 841,MrClock,Inherited locally from JLTS_droid_comlink
TAEJLTSCompat\config.cpp,16710,JLTS_droid_comlink_842,JLTS_droid_comlink,CfgWeapons,,Battle droid radio 842,MrClock,Inherited locally from JLTS_droid_comlink
TAEJLTSCompat\config.cpp,16719,JLTS_droid_comlink_843,JLTS_droid_comlink,CfgWeapons,,Battle droid radio 843,MrClock,Inherited locally from JLTS_droid_comlink
TAEJLTSCompat\config.cpp,16728,JLTS_droid_comlink_844,JLTS_droid_comlink,CfgWeapons,,Battle droid radio 844,MrClock,Inherited locally from JLTS_droid_comlink
TAEJLTSCompat\config.cpp,16737,JLTS_droid_comlink_845,JLTS_droid_comlink,CfgWeapons,,Battle droid radio 845,MrClock,Inherited locally from JLTS_droid_comlink
TAEJLTSCompat\config.cpp,16746,JLTS_droid_comlink_846,JLTS_droid_comlink,CfgWeapons,,Battle droid radio 846,MrClock,Inherited locally from JLTS_droid_comlink
TAEJLTSCompat\config.cpp,16755,JLTS_droid_comlink_847,JLTS_droid_comlink,CfgWeapons,,Battle droid radio 847,MrClock,Inherited locally from JLTS_droid_comlink
TAEJLTSCompat\config.cpp,16764,JLTS_droid_comlink_848,JLTS_droid_comlink,CfgWeapons,,Battle droid radio 848,MrClock,Inherited locally from JLTS_droid_comlink
TAEJLTSCompat\config.cpp,16773,JLTS_droid_comlink_849,JLTS_droid_comlink,CfgWeapons,,Battle droid radio 849,MrClock,Inherited locally from JLTS_droid_comlink
TAEJLTSCompat\config.cpp,16782,JLTS_droid_comlink_850,JLTS_droid_comlink,CfgWeapons,,Battle droid radio 850,MrClock,Inherited locally from JLTS_droid_comlink
TAEJLTSCompat\config.cpp,16791,JLTS_droid_comlink_851,JLTS_droid_comlink,CfgWeapons,,Battle droid radio 851,MrClock,Inherited locally from JLTS_droid_comlink
TAEJLTSCompat\config.cpp,16800,JLTS_droid_comlink_852,JLTS_droid_comlink,CfgWeapons,,Battle droid radio 852,MrClock,Inherited locally from JLTS_droid_comlink
TAEJLTSCompat\config.cpp,16809,JLTS_droid_comlink_853,JLTS_droid_comlink,CfgWeapons,,Battle droid radio 853,MrClock,Inherited locally from JLTS_droid_comlink
TAEJLTSCompat\config.cpp,16818,JLTS_droid_comlink_854,JLTS_droid_comlink,CfgWeapons,,Battle droid radio 854,MrClock,Inherited locally from JLTS_droid_comlink
TAEJLTSCompat\config.cpp,16827,JLTS_droid_comlink_855,JLTS_droid_comlink,CfgWeapons,,Battle droid radio 855,MrClock,Inherited locally from JLTS_droid_comlink
TAEJLTSCompat\config.cpp,16836,JLTS_droid_comlink_856,JLTS_droid_comlink,CfgWeapons,,Battle droid radio 856,MrClock,Inherited locally from JLTS_droid_comlink
TAEJLTSCompat\config.cpp,16845,JLTS_droid_comlink_857,JLTS_droid_comlink,CfgWeapons,,Battle droid radio 857,MrClock,Inherited locally from JLTS_droid_comlink
TAEJLTSCompat\config.cpp,16854,JLTS_droid_comlink_858,JLTS_droid_comlink,CfgWeapons,,Battle droid radio 858,MrClock,Inherited locally from JLTS_droid_comlink
TAEJLTSCompat\config.cpp,16863,JLTS_droid_comlink_859,JLTS_droid_comlink,CfgWeapons,,Battle droid radio 859,MrClock,Inherited locally from JLTS_droid_comlink
TAEJLTSCompat\config.cpp,16872,JLTS_droid_comlink_860,JLTS_droid_comlink,CfgWeapons,,Battle droid radio 860,MrClock,Inherited locally from JLTS_droid_comlink
TAEJLTSCompat\config.cpp,16881,JLTS_droid_comlink_861,JLTS_droid_comlink,CfgWeapons,,Battle droid radio 861,MrClock,Inherited locally from JLTS_droid_comlink
TAEJLTSCompat\config.cpp,16890,JLTS_droid_comlink_862,JLTS_droid_comlink,CfgWeapons,,Battle droid radio 862,MrClock,Inherited locally from JLTS_droid_comlink
TAEJLTSCompat\config.cpp,16899,JLTS_droid_comlink_863,JLTS_droid_comlink,CfgWeapons,,Battle droid radio 863,MrClock,Inherited locally from JLTS_droid_comlink
TAEJLTSCompat\config.cpp,16908,JLTS_droid_comlink_864,JLTS_droid_comlink,CfgWeapons,,Battle droid radio 864,MrClock,Inherited locally from JLTS_droid_comlink
TAEJLTSCompat\config.cpp,16917,JLTS_droid_comlink_865,JLTS_droid_comlink,CfgWeapons,,Battle droid radio 865,MrClock,Inherited locally from JLTS_droid_comlink
TAEJLTSCompat\config.cpp,16926,JLTS_droid_comlink_866,JLTS_droid_comlink,CfgWeapons,,Battle droid radio 866,MrClock,Inherited locally from JLTS_droid_comlink
TAEJLTSCompat\config.cpp,16935,JLTS_droid_comlink_867,JLTS_droid_comlink,CfgWeapons,,Battle droid radio 867,MrClock,Inherited locally from JLTS_droid_comlink
TAEJLTSCompat\config.cpp,16944,JLTS_droid_comlink_868,JLTS_droid_comlink,CfgWeapons,,Battle droid radio 868,MrClock,Inherited locally from JLTS_droid_comlink
TAEJLTSCompat\config.cpp,16953,JLTS_droid_comlink_869,JLTS_droid_comlink,CfgWeapons,,Battle droid radio 869,MrClock,Inherited locally from JLTS_droid_comlink
TAEJLTSCompat\config.cpp,16962,JLTS_droid_comlink_870,JLTS_droid_comlink,CfgWeapons,,Battle droid radio 870,MrClock,Inherited locally from JLTS_droid_comlink
TAEJLTSCompat\config.cpp,16971,JLTS_droid_comlink_871,JLTS_droid_comlink,CfgWeapons,,Battle droid radio 871,MrClock,Inherited locally from JLTS_droid_comlink
TAEJLTSCompat\config.cpp,16980,JLTS_droid_comlink_872,JLTS_droid_comlink,CfgWeapons,,Battle droid radio 872,MrClock,Inherited locally from JLTS_droid_comlink
TAEJLTSCompat\config.cpp,16989,JLTS_droid_comlink_873,JLTS_droid_comlink,CfgWeapons,,Battle droid radio 873,MrClock,Inherited locally from JLTS_droid_comlink
TAEJLTSCompat\config.cpp,16998,JLTS_droid_comlink_874,JLTS_droid_comlink,CfgWeapons,,Battle droid radio 874,MrClock,Inherited locally from JLTS_droid_comlink
TAEJLTSCompat\config.cpp,17007,JLTS_droid_comlink_875,JLTS_droid_comlink,CfgWeapons,,Battle droid radio 875,MrClock,Inherited locally from JLTS_droid_comlink
TAEJLTSCompat\config.cpp,17016,JLTS_droid_comlink_876,JLTS_droid_comlink,CfgWeapons,,Battle droid radio 876,MrClock,Inherited locally from JLTS_droid_comlink
TAEJLTSCompat\config.cpp,17025,JLTS_droid_comlink_877,JLTS_droid_comlink,CfgWeapons,,Battle droid radio 877,MrClock,Inherited locally from JLTS_droid_comlink
TAEJLTSCompat\config.cpp,17034,JLTS_droid_comlink_878,JLTS_droid_comlink,CfgWeapons,,Battle droid radio 878,MrClock,Inherited locally from JLTS_droid_comlink
TAEJLTSCompat\config.cpp,17043,JLTS_droid_comlink_879,JLTS_droid_comlink,CfgWeapons,,Battle droid radio 879,MrClock,Inherited locally from JLTS_droid_comlink
TAEJLTSCompat\config.cpp,17052,JLTS_droid_comlink_880,JLTS_droid_comlink,CfgWeapons,,Battle droid radio 880,MrClock,Inherited locally from JLTS_droid_comlink
TAEJLTSCompat\config.cpp,17061,JLTS_droid_comlink_881,JLTS_droid_comlink,CfgWeapons,,Battle droid radio 881,MrClock,Inherited locally from JLTS_droid_comlink
TAEJLTSCompat\config.cpp,17070,JLTS_droid_comlink_882,JLTS_droid_comlink,CfgWeapons,,Battle droid radio 882,MrClock,Inherited locally from JLTS_droid_comlink
TAEJLTSCompat\config.cpp,17079,JLTS_droid_comlink_883,JLTS_droid_comlink,CfgWeapons,,Battle droid radio 883,MrClock,Inherited locally from JLTS_droid_comlink
TAEJLTSCompat\config.cpp,17088,JLTS_droid_comlink_884,JLTS_droid_comlink,CfgWeapons,,Battle droid radio 884,MrClock,Inherited locally from JLTS_droid_comlink
TAEJLTSCompat\config.cpp,17097,JLTS_droid_comlink_885,JLTS_droid_comlink,CfgWeapons,,Battle droid radio 885,MrClock,Inherited locally from JLTS_droid_comlink
TAEJLTSCompat\config.cpp,17106,JLTS_droid_comlink_886,JLTS_droid_comlink,CfgWeapons,,Battle droid radio 886,MrClock,Inherited locally from JLTS_droid_comlink
TAEJLTSCompat\config.cpp,17115,JLTS_droid_comlink_887,JLTS_droid_comlink,CfgWeapons,,Battle droid radio 887,MrClock,Inherited locally from JLTS_droid_comlink
TAEJLTSCompat\config.cpp,17124,JLTS_droid_comlink_888,JLTS_droid_comlink,CfgWeapons,,Battle droid radio 888,MrClock,Inherited locally from JLTS_droid_comlink
TAEJLTSCompat\config.cpp,17133,JLTS_droid_comlink_889,JLTS_droid_comlink,CfgWeapons,,Battle droid radio 889,MrClock,Inherited locally from JLTS_droid_comlink
TAEJLTSCompat\config.cpp,17142,JLTS_droid_comlink_890,JLTS_droid_comlink,CfgWeapons,,Battle droid radio 890,MrClock,Inherited locally from JLTS_droid_comlink
TAEJLTSCompat\config.cpp,17151,JLTS_droid_comlink_891,JLTS_droid_comlink,CfgWeapons,,Battle droid radio 891,MrClock,Inherited locally from JLTS_droid_comlink
TAEJLTSCompat\config.cpp,17160,JLTS_droid_comlink_892,JLTS_droid_comlink,CfgWeapons,,Battle droid radio 892,MrClock,Inherited locally from JLTS_droid_comlink
TAEJLTSCompat\config.cpp,17169,JLTS_droid_comlink_893,JLTS_droid_comlink,CfgWeapons,,Battle droid radio 893,MrClock,Inherited locally from JLTS_droid_comlink
TAEJLTSCompat\config.cpp,17178,JLTS_droid_comlink_894,JLTS_droid_comlink,CfgWeapons,,Battle droid radio 894,MrClock,Inherited locally from JLTS_droid_comlink
TAEJLTSCompat\config.cpp,17187,JLTS_droid_comlink_895,JLTS_droid_comlink,CfgWeapons,,Battle droid radio 895,MrClock,Inherited locally from JLTS_droid_comlink
TAEJLTSCompat\config.cpp,17196,JLTS_droid_comlink_896,JLTS_droid_comlink,CfgWeapons,,Battle droid radio 896,MrClock,Inherited locally from JLTS_droid_comlink
TAEJLTSCompat\config.cpp,17205,JLTS_droid_comlink_897,JLTS_droid_comlink,CfgWeapons,,Battle droid radio 897,MrClock,Inherited locally from JLTS_droid_comlink
TAEJLTSCompat\config.cpp,17214,JLTS_droid_comlink_898,JLTS_droid_comlink,CfgWeapons,,Battle droid radio 898,MrClock,Inherited locally from JLTS_droid_comlink
TAEJLTSCompat\config.cpp,17223,JLTS_droid_comlink_899,JLTS_droid_comlink,CfgWeapons,,Battle droid radio 899,MrClock,Inherited locally from JLTS_droid_comlink
TAEJLTSCompat\config.cpp,17232,JLTS_droid_comlink_900,JLTS_droid_comlink,CfgWeapons,,Battle droid radio 900,MrClock,Inherited locally from JLTS_droid_comlink
TAEJLTSCompat\config.cpp,17241,JLTS_droid_comlink_901,JLTS_droid_comlink,CfgWeapons,,Battle droid radio 901,MrClock,Inherited locally from JLTS_droid_comlink
TAEJLTSCompat\config.cpp,17250,JLTS_droid_comlink_902,JLTS_droid_comlink,CfgWeapons,,Battle droid radio 902,MrClock,Inherited locally from JLTS_droid_comlink
TAEJLTSCompat\config.cpp,17259,JLTS_droid_comlink_903,JLTS_droid_comlink,CfgWeapons,,Battle droid radio 903,MrClock,Inherited locally from JLTS_droid_comlink
TAEJLTSCompat\config.cpp,17268,JLTS_droid_comlink_904,JLTS_droid_comlink,CfgWeapons,,Battle droid radio 904,MrClock,Inherited locally from JLTS_droid_comlink
TAEJLTSCompat\config.cpp,17277,JLTS_droid_comlink_905,JLTS_droid_comlink,CfgWeapons,,Battle droid radio 905,MrClock,Inherited locally from JLTS_droid_comlink
TAEJLTSCompat\config.cpp,17286,JLTS_droid_comlink_906,JLTS_droid_comlink,CfgWeapons,,Battle droid radio 906,MrClock,Inherited locally from JLTS_droid_comlink
TAEJLTSCompat\config.cpp,17295,JLTS_droid_comlink_907,JLTS_droid_comlink,CfgWeapons,,Battle droid radio 907,MrClock,Inherited locally from JLTS_droid_comlink
TAEJLTSCompat\config.cpp,17304,JLTS_droid_comlink_908,JLTS_droid_comlink,CfgWeapons,,Battle droid radio 908,MrClock,Inherited locally from JLTS_droid_comlink
TAEJLTSCompat\config.cpp,17313,JLTS_droid_comlink_909,JLTS_droid_comlink,CfgWeapons,,Battle droid radio 909,MrClock,Inherited locally from JLTS_droid_comlink
TAEJLTSCompat\config.cpp,17322,JLTS_droid_comlink_910,JLTS_droid_comlink,CfgWeapons,,Battle droid radio 910,MrClock,Inherited locally from JLTS_droid_comlink
TAEJLTSCompat\config.cpp,17331,JLTS_droid_comlink_911,JLTS_droid_comlink,CfgWeapons,,Battle droid radio 911,MrClock,Inherited locally from JLTS_droid_comlink
TAEJLTSCompat\config.cpp,17340,JLTS_droid_comlink_912,JLTS_droid_comlink,CfgWeapons,,Battle droid radio 912,MrClock,Inherited locally from JLTS_droid_comlink
TAEJLTSCompat\config.cpp,17349,JLTS_droid_comlink_913,JLTS_droid_comlink,CfgWeapons,,Battle droid radio 913,MrClock,Inherited locally from JLTS_droid_comlink
TAEJLTSCompat\config.cpp,17358,JLTS_droid_comlink_914,JLTS_droid_comlink,CfgWeapons,,Battle droid radio 914,MrClock,Inherited locally from JLTS_droid_comlink
TAEJLTSCompat\config.cpp,17367,JLTS_droid_comlink_915,JLTS_droid_comlink,CfgWeapons,,Battle droid radio 915,MrClock,Inherited locally from JLTS_droid_comlink
TAEJLTSCompat\config.cpp,17376,JLTS_droid_comlink_916,JLTS_droid_comlink,CfgWeapons,,Battle droid radio 916,MrClock,Inherited locally from JLTS_droid_comlink
TAEJLTSCompat\config.cpp,17385,JLTS_droid_comlink_917,JLTS_droid_comlink,CfgWeapons,,Battle droid radio 917,MrClock,Inherited locally from JLTS_droid_comlink
TAEJLTSCompat\config.cpp,17394,JLTS_droid_comlink_918,JLTS_droid_comlink,CfgWeapons,,Battle droid radio 918,MrClock,Inherited locally from JLTS_droid_comlink
TAEJLTSCompat\config.cpp,17403,JLTS_droid_comlink_919,JLTS_droid_comlink,CfgWeapons,,Battle droid radio 919,MrClock,Inherited locally from JLTS_droid_comlink
TAEJLTSCompat\config.cpp,17412,JLTS_droid_comlink_920,JLTS_droid_comlink,CfgWeapons,,Battle droid radio 920,MrClock,Inherited locally from JLTS_droid_comlink
TAEJLTSCompat\config.cpp,17421,JLTS_droid_comlink_921,JLTS_droid_comlink,CfgWeapons,,Battle droid radio 921,MrClock,Inherited locally from JLTS_droid_comlink
TAEJLTSCompat\config.cpp,17430,JLTS_droid_comlink_922,JLTS_droid_comlink,CfgWeapons,,Battle droid radio 922,MrClock,Inherited locally from JLTS_droid_comlink
TAEJLTSCompat\config.cpp,17439,JLTS_droid_comlink_923,JLTS_droid_comlink,CfgWeapons,,Battle droid radio 923,MrClock,Inherited locally from JLTS_droid_comlink
TAEJLTSCompat\config.cpp,17448,JLTS_droid_comlink_924,JLTS_droid_comlink,CfgWeapons,,Battle droid radio 924,MrClock,Inherited locally from JLTS_droid_comlink
TAEJLTSCompat\config.cpp,17457,JLTS_droid_comlink_925,JLTS_droid_comlink,CfgWeapons,,Battle droid radio 925,MrClock,Inherited locally from JLTS_droid_comlink
TAEJLTSCompat\config.cpp,17466,JLTS_droid_comlink_926,JLTS_droid_comlink,CfgWeapons,,Battle droid radio 926,MrClock,Inherited locally from JLTS_droid_comlink
TAEJLTSCompat\config.cpp,17475,JLTS_droid_comlink_927,JLTS_droid_comlink,CfgWeapons,,Battle droid radio 927,MrClock,Inherited locally from JLTS_droid_comlink
TAEJLTSCompat\config.cpp,17484,JLTS_droid_comlink_928,JLTS_droid_comlink,CfgWeapons,,Battle droid radio 928,MrClock,Inherited locally from JLTS_droid_comlink
TAEJLTSCompat\config.cpp,17493,JLTS_droid_comlink_929,JLTS_droid_comlink,CfgWeapons,,Battle droid radio 929,MrClock,Inherited locally from JLTS_droid_comlink
TAEJLTSCompat\config.cpp,17502,JLTS_droid_comlink_930,JLTS_droid_comlink,CfgWeapons,,Battle droid radio 930,MrClock,Inherited locally from JLTS_droid_comlink
TAEJLTSCompat\config.cpp,17511,JLTS_droid_comlink_931,JLTS_droid_comlink,CfgWeapons,,Battle droid radio 931,MrClock,Inherited locally from JLTS_droid_comlink
TAEJLTSCompat\config.cpp,17520,JLTS_droid_comlink_932,JLTS_droid_comlink,CfgWeapons,,Battle droid radio 932,MrClock,Inherited locally from JLTS_droid_comlink
TAEJLTSCompat\config.cpp,17529,JLTS_droid_comlink_933,JLTS_droid_comlink,CfgWeapons,,Battle droid radio 933,MrClock,Inherited locally from JLTS_droid_comlink
TAEJLTSCompat\config.cpp,17538,JLTS_droid_comlink_934,JLTS_droid_comlink,CfgWeapons,,Battle droid radio 934,MrClock,Inherited locally from JLTS_droid_comlink
TAEJLTSCompat\config.cpp,17547,JLTS_droid_comlink_935,JLTS_droid_comlink,CfgWeapons,,Battle droid radio 935,MrClock,Inherited locally from JLTS_droid_comlink
TAEJLTSCompat\config.cpp,17556,JLTS_droid_comlink_936,JLTS_droid_comlink,CfgWeapons,,Battle droid radio 936,MrClock,Inherited locally from JLTS_droid_comlink
TAEJLTSCompat\config.cpp,17565,JLTS_droid_comlink_937,JLTS_droid_comlink,CfgWeapons,,Battle droid radio 937,MrClock,Inherited locally from JLTS_droid_comlink
TAEJLTSCompat\config.cpp,17574,JLTS_droid_comlink_938,JLTS_droid_comlink,CfgWeapons,,Battle droid radio 938,MrClock,Inherited locally from JLTS_droid_comlink
TAEJLTSCompat\config.cpp,17583,JLTS_droid_comlink_939,JLTS_droid_comlink,CfgWeapons,,Battle droid radio 939,MrClock,Inherited locally from JLTS_droid_comlink
TAEJLTSCompat\config.cpp,17592,JLTS_droid_comlink_940,JLTS_droid_comlink,CfgWeapons,,Battle droid radio 940,MrClock,Inherited locally from JLTS_droid_comlink
TAEJLTSCompat\config.cpp,17601,JLTS_droid_comlink_941,JLTS_droid_comlink,CfgWeapons,,Battle droid radio 941,MrClock,Inherited locally from JLTS_droid_comlink
TAEJLTSCompat\config.cpp,17610,JLTS_droid_comlink_942,JLTS_droid_comlink,CfgWeapons,,Battle droid radio 942,MrClock,Inherited locally from JLTS_droid_comlink
TAEJLTSCompat\config.cpp,17619,JLTS_droid_comlink_943,JLTS_droid_comlink,CfgWeapons,,Battle droid radio 943,MrClock,Inherited locally from JLTS_droid_comlink
TAEJLTSCompat\config.cpp,17628,JLTS_droid_comlink_944,JLTS_droid_comlink,CfgWeapons,,Battle droid radio 944,MrClock,Inherited locally from JLTS_droid_comlink
TAEJLTSCompat\config.cpp,17637,JLTS_droid_comlink_945,JLTS_droid_comlink,CfgWeapons,,Battle droid radio 945,MrClock,Inherited locally from JLTS_droid_comlink
TAEJLTSCompat\config.cpp,17646,JLTS_droid_comlink_946,JLTS_droid_comlink,CfgWeapons,,Battle droid radio 946,MrClock,Inherited locally from JLTS_droid_comlink
TAEJLTSCompat\config.cpp,17655,JLTS_droid_comlink_947,JLTS_droid_comlink,CfgWeapons,,Battle droid radio 947,MrClock,Inherited locally from JLTS_droid_comlink
TAEJLTSCompat\config.cpp,17664,JLTS_droid_comlink_948,JLTS_droid_comlink,CfgWeapons,,Battle droid radio 948,MrClock,Inherited locally from JLTS_droid_comlink
TAEJLTSCompat\config.cpp,17673,JLTS_droid_comlink_949,JLTS_droid_comlink,CfgWeapons,,Battle droid radio 949,MrClock,Inherited locally from JLTS_droid_comlink
TAEJLTSCompat\config.cpp,17682,JLTS_droid_comlink_950,JLTS_droid_comlink,CfgWeapons,,Battle droid radio 950,MrClock,Inherited locally from JLTS_droid_comlink
TAEJLTSCompat\config.cpp,17691,JLTS_droid_comlink_951,JLTS_droid_comlink,CfgWeapons,,Battle droid radio 951,MrClock,Inherited locally from JLTS_droid_comlink
TAEJLTSCompat\config.cpp,17700,JLTS_droid_comlink_952,JLTS_droid_comlink,CfgWeapons,,Battle droid radio 952,MrClock,Inherited locally from JLTS_droid_comlink
TAEJLTSCompat\config.cpp,17709,JLTS_droid_comlink_953,JLTS_droid_comlink,CfgWeapons,,Battle droid radio 953,MrClock,Inherited locally from JLTS_droid_comlink
TAEJLTSCompat\config.cpp,17718,JLTS_droid_comlink_954,JLTS_droid_comlink,CfgWeapons,,Battle droid radio 954,MrClock,Inherited locally from JLTS_droid_comlink
TAEJLTSCompat\config.cpp,17727,JLTS_droid_comlink_955,JLTS_droid_comlink,CfgWeapons,,Battle droid radio 955,MrClock,Inherited locally from JLTS_droid_comlink
TAEJLTSCompat\config.cpp,17736,JLTS_droid_comlink_956,JLTS_droid_comlink,CfgWeapons,,Battle droid radio 956,MrClock,Inherited locally from JLTS_droid_comlink
TAEJLTSCompat\config.cpp,17745,JLTS_droid_comlink_957,JLTS_droid_comlink,CfgWeapons,,Battle droid radio 957,MrClock,Inherited locally from JLTS_droid_comlink
TAEJLTSCompat\config.cpp,17754,JLTS_droid_comlink_958,JLTS_droid_comlink,CfgWeapons,,Battle droid radio 958,MrClock,Inherited locally from JLTS_droid_comlink
TAEJLTSCompat\config.cpp,17763,JLTS_droid_comlink_959,JLTS_droid_comlink,CfgWeapons,,Battle droid radio 959,MrClock,Inherited locally from JLTS_droid_comlink
TAEJLTSCompat\config.cpp,17772,JLTS_droid_comlink_960,JLTS_droid_comlink,CfgWeapons,,Battle droid radio 960,MrClock,Inherited locally from JLTS_droid_comlink
TAEJLTSCompat\config.cpp,17781,JLTS_droid_comlink_961,JLTS_droid_comlink,CfgWeapons,,Battle droid radio 961,MrClock,Inherited locally from JLTS_droid_comlink
TAEJLTSCompat\config.cpp,17790,JLTS_droid_comlink_962,JLTS_droid_comlink,CfgWeapons,,Battle droid radio 962,MrClock,Inherited locally from JLTS_droid_comlink
TAEJLTSCompat\config.cpp,17799,JLTS_droid_comlink_963,JLTS_droid_comlink,CfgWeapons,,Battle droid radio 963,MrClock,Inherited locally from JLTS_droid_comlink
TAEJLTSCompat\config.cpp,17808,JLTS_droid_comlink_964,JLTS_droid_comlink,CfgWeapons,,Battle droid radio 964,MrClock,Inherited locally from JLTS_droid_comlink
TAEJLTSCompat\config.cpp,17817,JLTS_droid_comlink_965,JLTS_droid_comlink,CfgWeapons,,Battle droid radio 965,MrClock,Inherited locally from JLTS_droid_comlink
TAEJLTSCompat\config.cpp,17826,JLTS_droid_comlink_966,JLTS_droid_comlink,CfgWeapons,,Battle droid radio 966,MrClock,Inherited locally from JLTS_droid_comlink
TAEJLTSCompat\config.cpp,17835,JLTS_droid_comlink_967,JLTS_droid_comlink,CfgWeapons,,Battle droid radio 967,MrClock,Inherited locally from JLTS_droid_comlink
TAEJLTSCompat\config.cpp,17844,JLTS_droid_comlink_968,JLTS_droid_comlink,CfgWeapons,,Battle droid radio 968,MrClock,Inherited locally from JLTS_droid_comlink
TAEJLTSCompat\config.cpp,17853,JLTS_droid_comlink_969,JLTS_droid_comlink,CfgWeapons,,Battle droid radio 969,MrClock,Inherited locally from JLTS_droid_comlink
TAEJLTSCompat\config.cpp,17862,JLTS_droid_comlink_970,JLTS_droid_comlink,CfgWeapons,,Battle droid radio 970,MrClock,Inherited locally from JLTS_droid_comlink
TAEJLTSCompat\config.cpp,17871,JLTS_droid_comlink_971,JLTS_droid_comlink,CfgWeapons,,Battle droid radio 971,MrClock,Inherited locally from JLTS_droid_comlink
TAEJLTSCompat\config.cpp,17880,JLTS_droid_comlink_972,JLTS_droid_comlink,CfgWeapons,,Battle droid radio 972,MrClock,Inherited locally from JLTS_droid_comlink
TAEJLTSCompat\config.cpp,17889,JLTS_droid_comlink_973,JLTS_droid_comlink,CfgWeapons,,Battle droid radio 973,MrClock,Inherited locally from JLTS_droid_comlink
TAEJLTSCompat\config.cpp,17898,JLTS_droid_comlink_974,JLTS_droid_comlink,CfgWeapons,,Battle droid radio 974,MrClock,Inherited locally from JLTS_droid_comlink
TAEJLTSCompat\config.cpp,17907,JLTS_droid_comlink_975,JLTS_droid_comlink,CfgWeapons,,Battle droid radio 975,MrClock,Inherited locally from JLTS_droid_comlink
TAEJLTSCompat\config.cpp,17916,JLTS_droid_comlink_976,JLTS_droid_comlink,CfgWeapons,,Battle droid radio 976,MrClock,Inherited locally from JLTS_droid_comlink
TAEJLTSCompat\config.cpp,17925,JLTS_droid_comlink_977,JLTS_droid_comlink,CfgWeapons,,Battle droid radio 977,MrClock,Inherited locally from JLTS_droid_comlink
TAEJLTSCompat\config.cpp,17934,JLTS_droid_comlink_978,JLTS_droid_comlink,CfgWeapons,,Battle droid radio 978,MrClock,Inherited locally from JLTS_droid_comlink
TAEJLTSCompat\config.cpp,17943,JLTS_droid_comlink_979,JLTS_droid_comlink,CfgWeapons,,Battle droid radio 979,MrClock,Inherited locally from JLTS_droid_comlink
TAEJLTSCompat\config.cpp,17952,JLTS_droid_comlink_980,JLTS_droid_comlink,CfgWeapons,,Battle droid radio 980,MrClock,Inherited locally from JLTS_droid_comlink
TAEJLTSCompat\config.cpp,17961,JLTS_droid_comlink_981,JLTS_droid_comlink,CfgWeapons,,Battle droid radio 981,MrClock,Inherited locally from JLTS_droid_comlink
TAEJLTSCompat\config.cpp,17970,JLTS_droid_comlink_982,JLTS_droid_comlink,CfgWeapons,,Battle droid radio 982,MrClock,Inherited locally from JLTS_droid_comlink
TAEJLTSCompat\config.cpp,17979,JLTS_droid_comlink_983,JLTS_droid_comlink,CfgWeapons,,Battle droid radio 983,MrClock,Inherited locally from JLTS_droid_comlink
TAEJLTSCompat\config.cpp,17988,JLTS_droid_comlink_984,JLTS_droid_comlink,CfgWeapons,,Battle droid radio 984,MrClock,Inherited locally from JLTS_droid_comlink
TAEJLTSCompat\config.cpp,17997,JLTS_droid_comlink_985,JLTS_droid_comlink,CfgWeapons,,Battle droid radio 985,MrClock,Inherited locally from JLTS_droid_comlink
TAEJLTSCompat\config.cpp,18006,JLTS_droid_comlink_986,JLTS_droid_comlink,CfgWeapons,,Battle droid radio 986,MrClock,Inherited locally from JLTS_droid_comlink
TAEJLTSCompat\config.cpp,18015,JLTS_droid_comlink_987,JLTS_droid_comlink,CfgWeapons,,Battle droid radio 987,MrClock,Inherited locally from JLTS_droid_comlink
TAEJLTSCompat\config.cpp,18024,JLTS_droid_comlink_988,JLTS_droid_comlink,CfgWeapons,,Battle droid radio 988,MrClock,Inherited locally from JLTS_droid_comlink
TAEJLTSCompat\config.cpp,18033,JLTS_droid_comlink_989,JLTS_droid_comlink,CfgWeapons,,Battle droid radio 989,MrClock,Inherited locally from JLTS_droid_comlink
TAEJLTSCompat\config.cpp,18042,JLTS_droid_comlink_990,JLTS_droid_comlink,CfgWeapons,,Battle droid radio 990,MrClock,Inherited locally from JLTS_droid_comlink
TAEJLTSCompat\config.cpp,18051,JLTS_droid_comlink_991,JLTS_droid_comlink,CfgWeapons,,Battle droid radio 991,MrClock,Inherited locally from JLTS_droid_comlink
TAEJLTSCompat\config.cpp,18060,JLTS_droid_comlink_992,JLTS_droid_comlink,CfgWeapons,,Battle droid radio 992,MrClock,Inherited locally from JLTS_droid_comlink
TAEJLTSCompat\config.cpp,18069,JLTS_droid_comlink_993,JLTS_droid_comlink,CfgWeapons,,Battle droid radio 993,MrClock,Inherited locally from JLTS_droid_comlink
TAEJLTSCompat\config.cpp,18078,JLTS_droid_comlink_994,JLTS_droid_comlink,CfgWeapons,,Battle droid radio 994,MrClock,Inherited locally from JLTS_droid_comlink
TAEJLTSCompat\config.cpp,18087,JLTS_droid_comlink_995,JLTS_droid_comlink,CfgWeapons,,Battle droid radio 995,MrClock,Inherited locally from JLTS_droid_comlink
TAEJLTSCompat\config.cpp,18096,JLTS_droid_comlink_996,JLTS_droid_comlink,CfgWeapons,,Battle droid radio 996,MrClock,Inherited locally from JLTS_droid_comlink
TAEJLTSCompat\config.cpp,18105,JLTS_droid_comlink_997,JLTS_droid_comlink,CfgWeapons,,Battle droid radio 997,MrClock,Inherited locally from JLTS_droid_comlink
TAEJLTSCompat\config.cpp,18114,JLTS_droid_comlink_998,JLTS_droid_comlink,CfgWeapons,,Battle droid radio 998,MrClock,Inherited locally from JLTS_droid_comlink
TAEJLTSCompat\config.cpp,18123,JLTS_droid_comlink_999,JLTS_droid_comlink,CfgWeapons,,Battle droid radio 999,MrClock,Inherited locally from JLTS_droid_comlink
TAEJLTSCompat\config.cpp,18132,JLTS_droid_comlink_1000,JLTS_droid_comlink,CfgWeapons,,Battle droid radio 1000,MrClock,Inherited locally from JLTS_droid_comlink
TAEMarkers\config.cpp,2,TAEMarkers,,CfgPatches,TAE Mod Team,,TAE Mod Team,Explicit
TAEMarkers\config.cpp,18,TAE_Marker_HouseKarr,,CfgMarkers,,,,External inheritance / no local author
TAEMarkers\config.cpp,28,TAE_Marker_Nihil,,CfgMarkers,,,,External inheritance / no local author
TAEMarkers\config.cpp,38,TAE_Marker_BlackSpireCartel,,CfgMarkers,,,,External inheritance / no local author
TAEMarkers\config.cpp,48,TAE_Marker_NewRepublic,,CfgMarkers,,,,External inheritance / no local author
TAEObjects\config.cpp,2,TAEObjects,,CfgPatches,TAE Mod Team,,TAE Mod Team,Explicit
TAEObjects\config.cpp,147,TAE_ClanFlag_Acklay_Item,ls_carrierFlag_mandalorian_item,CfgWeapons,TAE Mod Team,Flag (Clan Acklay),TAE Mod Team,Explicit
TAEObjects\config.cpp,154,TAE_ClanFlag_Foxx_Item,ls_carrierFlag_mandalorian_item,CfgWeapons,TAE Mod Team,Flag (Clan Foxx),TAE Mod Team,Explicit
TAEObjects\config.cpp,161,TAE_ClanFlag_Haranverd_Item,ls_carrierFlag_mandalorian_item,CfgWeapons,TAE Mod Team,Flag (Clan Haranverd),TAE Mod Team,Explicit
TAEObjects\config.cpp,168,TAE_ClanFlag_HouseKarr_Item,ls_carrierFlag_mandalorian_item,CfgWeapons,TAE Mod Team,Flag (House Karr),TAE Mod Team,Explicit
TAEObjects\config.cpp,175,TAE_ClanFlag_Kyram_Item,ls_carrierFlag_mandalorian_item,CfgWeapons,TAE Mod Team,Flag (Clan Kyr'am),TAE Mod Team,Explicit
TAEObjects\config.cpp,182,TAE_ClanFlag_Rook_Item,ls_carrierFlag_mandalorian_item,CfgWeapons,TAE Mod Team,Flag (Clan Rook),TAE Mod Team,Explicit
TAEObjects\config.cpp,189,TAE_ClanFlag_Shyyyo_Item,ls_carrierFlag_mandalorian_item,CfgWeapons,TAE Mod Team,Flag (Shyyyo),TAE Mod Team,Explicit
TAEObjects\config.cpp,196,TAE_ClanFlag_Varen_Item,ls_carrierFlag_mandalorian_item,CfgWeapons,TAE Mod Team,Flag (Clan Varen),TAE Mod Team,Explicit
TAEObjects\config.cpp,208,TAE_Acclamator,ls_staticShip_acclamator,CfgVehicles,Legion Studios and TAE Mod Team,[TAE] Acclamator,Legion Studios and TAE Mod Team,Explicit
TAEObjects\config.cpp,231,TAE_Acclamator_Landed,ls_staticShip_acclamator_landed,CfgVehicles,Legion Studios and TAE Mod Team,[TAE] Acclamator (Landed),Legion Studios and TAE Mod Team,Explicit
TAEObjects\config.cpp,268,TAE_ClanFlag_Acklay,ls_carrierFlag_mandalorian,CfgVehicles,TAE Mod Team,Clan Acklay Flag,TAE Mod Team,Explicit
TAEObjects\config.cpp,275,TAE_ClanFlag_Foxx,ls_carrierFlag_mandalorian,CfgVehicles,TAE Mod Team,Clan Foxx Flag,TAE Mod Team,Explicit
TAEObjects\config.cpp,282,TAE_ClanFlag_Haranverd,ls_carrierFlag_mandalorian,CfgVehicles,TAE Mod Team,Clan Haranverd Flag,TAE Mod Team,Explicit
TAEObjects\config.cpp,289,TAE_ClanFlag_HouseKarr,ls_carrierFlag_mandalorian,CfgVehicles,TAE Mod Team,House Karr Flag,TAE Mod Team,Explicit
TAEObjects\config.cpp,296,TAE_ClanFlag_Kyram,ls_carrierFlag_mandalorian,CfgVehicles,TAE Mod Team,Clan Kyr'am Flag,TAE Mod Team,Explicit
TAEObjects\config.cpp,303,TAE_ClanFlag_Rook,ls_carrierFlag_mandalorian,CfgVehicles,TAE Mod Team,Clan Rook Flag,TAE Mod Team,Explicit
TAEObjects\config.cpp,310,TAE_ClanFlag_Shyyyo,ls_carrierFlag_mandalorian,CfgVehicles,TAE Mod Team,Shyyyo Flag,TAE Mod Team,Explicit
TAEObjects\config.cpp,317,TAE_ClanFlag_Varen,ls_carrierFlag_mandalorian,CfgVehicles,TAE Mod Team,Clan Varen Flag,TAE Mod Team,Explicit
TAEObjects\config.cpp,324,TAE_Specialization_Gonk_Droid,3as_GNK,CfgVehicles,TAE Mod Team,House Karr Specialization Gonk Droid,TAE Mod Team,Explicit
TAEObjects\config.cpp,365,TAE_Medical_Droid,Land_3AS_Medical_Droid,CfgVehicles,TAE Mod Team,House Karr Medical Droid,TAE Mod Team,Explicit
TAEObjects\config.cpp,388,TAE_Bed_Base,SFA_Bed_Single,CfgVehicles,TAE Mod Team,,TAE Mod Team,Explicit
TAEObjects\config.cpp,397,TAE_Bed_Acklay,TAE_Bed_Base,CfgVehicles,,House Karr Acklay Bed,TAE Mod Team,Inherited locally from TAE_Bed_Base
TAEObjects\config.cpp,406,TAE_Bed_Foxx,TAE_Bed_Base,CfgVehicles,,House Karr Foxx Bed,TAE Mod Team,Inherited locally from TAE_Bed_Base
TAEObjects\config.cpp,415,TAE_Bed_Varen,TAE_Bed_Base,CfgVehicles,,House Karr Varen Bed,TAE Mod Team,Inherited locally from TAE_Bed_Base
TAEObjects\config.cpp,424,TAE_Bed_Rook,TAE_Bed_Base,CfgVehicles,,House Karr Rook Bed,TAE Mod Team,Inherited locally from TAE_Bed_Base
TAEObjects\config.cpp,433,TAE_Bed_HouseKarr,TAE_Bed_Base,CfgVehicles,,House Karr Bed,TAE Mod Team,Inherited locally from TAE_Bed_Base
TAEObjects\config.cpp,442,TAE_Bed_Shyyyo,TAE_Bed_Base,CfgVehicles,,House Karr Shyyyo Bed,TAE Mod Team,Inherited locally from TAE_Bed_Base
TAEObjects\config.cpp,451,TAE_Wearable_Helmet_Base,ThingX,CfgVehicles,TAE Mod Team,Wearable Helmet,TAE Mod Team,Explicit
TAEObjects\config.cpp,475,TAE_Wearable_Acklay_Helmet,TAE_Wearable_Helmet_Base,CfgVehicles,,Clan Acklay Helmet,TAE Mod Team,Inherited locally from TAE_Wearable_Helmet_Base
TAEObjects\config.cpp,533,TAE_Wearable_Foxx_Helmet,TAE_Wearable_Helmet_Base,CfgVehicles,,Clan Foxx Helmet,TAE Mod Team,Inherited locally from TAE_Wearable_Helmet_Base
TAEObjects\config.cpp,585,TAE_Wearable_Varen_Helmet,TAE_Wearable_Helmet_Base,CfgVehicles,,Clan Varen Helmet,TAE Mod Team,Inherited locally from TAE_Wearable_Helmet_Base
TAEObjects\config.cpp,631,TAE_Wearable_Haranverd_Helmet,TAE_Wearable_Helmet_Base,CfgVehicles,,Clan Haranverd Helmet,TAE Mod Team,Inherited locally from TAE_Wearable_Helmet_Base
TAEObjects\config.cpp,665,TAE_Bed_Kyram,TAE_Bed_Base,CfgVehicles,,House Karr Kyr'am Bed,TAE Mod Team,Inherited locally from TAE_Bed_Base
TAEObjects\config.cpp,674,TAE_Bed_Haranverd,TAE_Bed_Base,CfgVehicles,,House Karr Haranverd Bed,TAE Mod Team,Inherited locally from TAE_Bed_Base
TAEObjects\config.cpp,683,TAE_Wearable_Kyram_Helmet,TAE_Wearable_Helmet_Base,CfgVehicles,,Clan Kyr'am Helmet,TAE Mod Team,Inherited locally from TAE_Wearable_Helmet_Base
TAEObjects\config.cpp,716,TAE_Wearable_Rook_Helmet,TAE_Wearable_Helmet_Base,CfgVehicles,,Clan Rook Helmet,TAE Mod Team,Inherited locally from TAE_Wearable_Helmet_Base
TAEObjects\config.cpp,774,TAE_Wearable_Freelancer_Helmet,TAE_Wearable_Helmet_Base,CfgVehicles,,Freelancer Helmet,TAE Mod Team,Inherited locally from TAE_Wearable_Helmet_Base
TAEObjects\config.cpp,845,TAE_Wearable_Nox_Helmet,TAE_Wearable_Helmet_Base,CfgVehicles,,Nox Helmet,TAE Mod Team,Inherited locally from TAE_Wearable_Helmet_Base
TAEObjects\config.cpp,873,TAE_Wearable_Hondo_Helmet,TAE_Wearable_Helmet_Base,CfgVehicles,,Hondo Helmet,TAE Mod Team,Inherited locally from TAE_Wearable_Helmet_Base
TAEObjects\config.cpp,901,TAE_Wearable_Edonn_Helmet,TAE_Wearable_Helmet_Base,CfgVehicles,,Edonn Helmet,TAE Mod Team,Inherited locally from TAE_Wearable_Helmet_Base
TAEObjects\config.cpp,934,TAE_Wearable_Shyyyo_Helmet,TAE_Wearable_Helmet_Base,CfgVehicles,,Shyyyo Pilot Helmet,TAE Mod Team,Inherited locally from TAE_Wearable_Helmet_Base
TAEObjects\config.cpp,969,TAE_MokTech_Locker,mti_armoury_props_locker_base,CfgVehicles,TAE Mod Team,House Karr Locker,TAE Mod Team,Explicit
TAEObjects\config.cpp,999,TAE_Vexillum_Base,3AS_Small_Mando_Stand,CfgVehicles,TAE Mod Team,,TAE Mod Team,Explicit
TAEObjects\config.cpp,1012,TAE_Vexillum_Acklay,TAE_Vexillum_Base,CfgVehicles,,House Karr Acklay Vexillum,TAE Mod Team,Inherited locally from TAE_Vexillum_Base
TAEObjects\config.cpp,1021,TAE_Vexillum_Foxx,TAE_Vexillum_Base,CfgVehicles,,House Karr Foxx Vexillum,TAE Mod Team,Inherited locally from TAE_Vexillum_Base
TAEObjects\config.cpp,1030,TAE_Vexillum_Varen,TAE_Vexillum_Base,CfgVehicles,,House Karr Varen Vexillum,TAE Mod Team,Inherited locally from TAE_Vexillum_Base
TAEObjects\config.cpp,1039,TAE_Vexillum_Rook,TAE_Vexillum_Base,CfgVehicles,,House Karr Rook Vexillum,TAE Mod Team,Inherited locally from TAE_Vexillum_Base
TAEObjects\config.cpp,1048,TAE_Vexillum_HouseKarr,TAE_Vexillum_Base,CfgVehicles,,House Karr Command Vexillum,TAE Mod Team,Inherited locally from TAE_Vexillum_Base
TAEObjects\config.cpp,1057,TAE_Vexillum_Shyyyo,TAE_Vexillum_Base,CfgVehicles,,House Karr Shyyyo Vexillum,TAE Mod Team,Inherited locally from TAE_Vexillum_Base
TAEObjects\config.cpp,1066,TAE_Vexillum_Kyram,TAE_Vexillum_Base,CfgVehicles,,House Karr Kyr'am Vexillum,TAE Mod Team,Inherited locally from TAE_Vexillum_Base
TAEObjects\config.cpp,1075,TAE_Vexillum_Haranverd,TAE_Vexillum_Base,CfgVehicles,,House Karr Haranverd Vexillum,TAE Mod Team,Inherited locally from TAE_Vexillum_Base
TAEObjects\config.cpp,1084,TAE_Restricted_Arsenal_Box,JLTS_Ammobox_weapons_GAR,CfgVehicles,TAE Mod Team,House Karr Restricted ACE Arsenal,TAE Mod Team,Explicit
TAEObjects\config.cpp,1119,TAE_Ammo_Crate,JLTS_Ammobox_weapons_GAR,CfgVehicles,TAE Mod Team,House Karr Ammo Crate,TAE Mod Team,Explicit
TAEObjects\config.cpp,1171,TAE_Demo_Crate,JLTS_Ammobox_explosives_GAR,CfgVehicles,TAE Mod Team,House Karr Grenades/Explosives Crate,TAE Mod Team,Explicit
TAEObjects\config.cpp,1342,TAE_Medical_Crate,JLTS_Ammobox_ammo_GAR,CfgVehicles,TAE Mod Team,House Karr Medical Crate,TAE Mod Team,Explicit
TAEUnits\config.cpp,2,TAEUnits_HouseKarr,,CfgPatches,TAE Mod Team,,TAE Mod Team,Explicit
TAEUnits\config.cpp,259,JMSLLTE_YwingA4_veh_F,,CfgVehicles,,,,External inheritance / no local author
TAEUnits\config.cpp,262,JMSLLTE_UwingHeli_Reb_F,,CfgVehicles,,,,External inheritance / no local author
TAEUnits\config.cpp,265,JMSLLTE_XwingCA2_NR_veh_F,,CfgVehicles,,,,External inheritance / no local author
TAEUnits\config.cpp,268,JMSLLTE_XwingT70_veh_F,,CfgVehicles,,,,External inheritance / no local author
TAEUnits\config.cpp,271,JMSLLTE_Awing_NR_veh_F,,CfgVehicles,,,,External inheritance / no local author
TAEUnits\config.cpp,275,TAE_Unit_HitPoint_Base,tae_uniform_unit_grey_seal,CfgVehicles,,,Edonn,Inherited locally from tae_uniform_unit_grey_seal
TAEUnits\config.cpp,451,TAE_Unit_Base,TAE_Unit_HitPoint_Base,CfgVehicles,TAE Mod Team,,TAE Mod Team,Explicit
TAEUnits\config.cpp,583,TAE_Unit_Player_Base,TAE_Unit_Base,CfgVehicles,,Mandalorian,TAE Mod Team,Inherited locally from TAE_Unit_Base
TAEUnits\config.cpp,614,TAE_Unit_Player_Acklay,TAE_Unit_Player_Base,CfgVehicles,,Clan Acklay Member,TAE Mod Team,Inherited locally from TAE_Unit_Player_Base
TAEUnits\config.cpp,642,TAE_Unit_Player_Foxx,TAE_Unit_Player_Base,CfgVehicles,,Clan Foxx Member,TAE Mod Team,Inherited locally from TAE_Unit_Player_Base
TAEUnits\config.cpp,663,TAE_Unit_Player_Kyram,TAE_Unit_Player_Base,CfgVehicles,,Clan Kyr'am Member,TAE Mod Team,Inherited locally from TAE_Unit_Player_Base
TAEUnits\config.cpp,684,TAE_Unit_Player_Haranverd,TAE_Unit_Player_Base,CfgVehicles,,Clan Haranverd Member,TAE Mod Team,Inherited locally from TAE_Unit_Player_Base
TAEUnits\config.cpp,705,TAE_Unit_Player_Rook,TAE_Unit_Player_Base,CfgVehicles,,Clan Rook Member,TAE Mod Team,Inherited locally from TAE_Unit_Player_Base
TAEUnits\config.cpp,726,TAE_Unit_Player_Varen,TAE_Unit_Player_Base,CfgVehicles,,Clan Varen Member,TAE Mod Team,Inherited locally from TAE_Unit_Player_Base
TAEUnits\config.cpp,754,TAE_Unit_Player_Shyyyo,TAE_Unit_Player_Base,CfgVehicles,,Clan Shyyyo Member,TAE Mod Team,Inherited locally from TAE_Unit_Player_Base
TAEUnits\config.cpp,768,TAE_Unit_Player_Foundling,TAE_Unit_Base,CfgVehicles,,Foundling,TAE Mod Team,Inherited locally from TAE_Unit_Base
TAEUnits\config.cpp,1062,TAE_Unit_Player_Freelancer,TAE_Unit_Player_Base,CfgVehicles,,Freelancer,TAE Mod Team,Inherited locally from TAE_Unit_Player_Base
TAEUnits\config.cpp,1083,TAE_Unit_Pilot,TAE_Unit_Player_Foundling,CfgVehicles,,Pilot,TAE Mod Team,Inherited locally from TAE_Unit_Player_Foundling
TAEUnits\config.cpp,1123,TAE_Unit_Veteran,TAE_Unit_Base,CfgVehicles,,Veteran,TAE Mod Team,Inherited locally from TAE_Unit_Base
TAEUnits\config.cpp,1412,TAE_Unit_Engineer,TAE_Unit_Base,CfgVehicles,,Engineer,TAE Mod Team,Inherited locally from TAE_Unit_Base
TAEUnits\config.cpp,1690,TAE_Unit_Medic,TAE_Unit_Base,CfgVehicles,,Medic,TAE Mod Team,Inherited locally from TAE_Unit_Base
TAEUnits\config.cpp,2038,TAE_Unit_Marksman,TAE_Unit_Base,CfgVehicles,,Marksman,TAE Mod Team,Inherited locally from TAE_Unit_Base
TAEUnits\config.cpp,2309,TAE_Unit_AT_AA,TAE_Unit_Base,CfgVehicles,,AT/AA,TAE Mod Team,Inherited locally from TAE_Unit_Base
TAEUnits\config.cpp,2616,TAE_Unit_Grenadier,TAE_Unit_Base,CfgVehicles,,Grenadier,TAE Mod Team,Inherited locally from TAE_Unit_Base
TAEUnits\config.cpp,2901,TAE_Unit_CQC_Specialist,TAE_Unit_Base,CfgVehicles,,CQC Specialist,TAE Mod Team,Inherited locally from TAE_Unit_Base
TAEUnits\config.cpp,3200,TAE_Unit_Heavy_Weapons,TAE_Unit_Base,CfgVehicles,,Heavy Weapons,TAE Mod Team,Inherited locally from TAE_Unit_Base
TAEUnits\config.cpp,3467,TAE_Unit_Sniper,TAE_Unit_Base,CfgVehicles,,Sniper,TAE Mod Team,Inherited locally from TAE_Unit_Base
TAEUnits\config.cpp,3747,TAE_Unit_BSC_Base,TAE_Unit_HitPoint_Base,CfgVehicles,TAE Mod Team,,TAE Mod Team,Explicit
TAEUnits\config.cpp,3770,TAE_Unit_BSC_Rifleman,TAE_Unit_BSC_Base,CfgVehicles,,Cartel Rifleman,TAE Mod Team,Inherited locally from TAE_Unit_BSC_Base
TAEUnits\config.cpp,3890,TAE_Unit_BSC_Heavy_Gunner,TAE_Unit_BSC_Base,CfgVehicles,,Cartel Heavy Gunner,TAE Mod Team,Inherited locally from TAE_Unit_BSC_Base
TAEUnits\config.cpp,3994,TAE_Unit_BSC_Grenadier,TAE_Unit_BSC_Base,CfgVehicles,,Cartel Grenadier,TAE Mod Team,Inherited locally from TAE_Unit_BSC_Base
TAEUnits\config.cpp,4120,TAE_Unit_BSC_Missile_Specialist,TAE_Unit_BSC_Base,CfgVehicles,,Cartel Missile Specialist,TAE Mod Team,Inherited locally from TAE_Unit_BSC_Base
TAEUnits\config.cpp,4246,TAE_Unit_Nihil_Base,TAE_Unit_HitPoint_Base,CfgVehicles,TAE Mod Team,,TAE Mod Team,Explicit
TAEUnits\config.cpp,4268,TAE_Unit_Nihil_Rifleman,TAE_Unit_Nihil_Base,CfgVehicles,,Nihil Rifleman,TAE Mod Team,Inherited locally from TAE_Unit_Nihil_Base
TAEUnits\config.cpp,4275,TAE_Unit_Nihil_AT_AA,TAE_Unit_Nihil_Base,CfgVehicles,,Nihil AT/AA,TAE Mod Team,Inherited locally from TAE_Unit_Nihil_Base
TAEUnits\config.cpp,4292,TAE_Unit_Nihil_Sniper,TAE_Unit_Nihil_Base,CfgVehicles,,Nihil Sniper,TAE Mod Team,Inherited locally from TAE_Unit_Nihil_Base
TAEUnits\config.cpp,4309,TAE_Unit_Nihil_Heavy,TAE_Unit_Nihil_Base,CfgVehicles,,Nihil Heavy,TAE Mod Team,Inherited locally from TAE_Unit_Nihil_Base
TAEUnits\config.cpp,4326,TAE_Unit_Nihil_Grenadier,TAE_Unit_Nihil_Base,CfgVehicles,,Nihil Grenadier,TAE Mod Team,Inherited locally from TAE_Unit_Nihil_Base
TAEUnits\config.cpp,4357,TAE_Unit_Nihil_Praetorian,TAE_Unit_Nihil_Base,CfgVehicles,,Nihil Praetorian,TAE Mod Team,Inherited locally from TAE_Unit_Nihil_Base
TAEUnits\config.cpp,4373,TAE_Unit_NR_Commando,JMSLLTE_scum_troop_trooper,CfgVehicles,TAE Mod Team,New Republic Commando,TAE Mod Team,Explicit
TAEUnits\config.cpp,4382,TAE_Unit_NR_Sergeant,JMSLLTE_scum_troop_serg,CfgVehicles,TAE Mod Team,New Republic Sergeant,TAE Mod Team,Explicit
TAEUnits\config.cpp,4391,TAE_Unit_NR_Medic,JMSLLTE_scum_troop_medic,CfgVehicles,TAE Mod Team,New Republic Medic,TAE Mod Team,Explicit
TAEUnits\config.cpp,4402,TAE_Unit_NR_AT,JMSLLTE_scum_troop_trooperAT,CfgVehicles,TAE Mod Team,New Republic Commando AT,TAE Mod Team,Explicit
TAEUnits\config.cpp,4413,TAE_Unit_NR_Heavy,JMSLLTE_scum_troop_trooperH,CfgVehicles,TAE Mod Team,New Republic Commando Heavy,TAE Mod Team,Explicit
TAEUnits\config.cpp,4424,TAE_Unit_NR_Sniper,JMSLLTE_scum_troop_snip,CfgVehicles,TAE Mod Team,New Republic Sniper,TAE Mod Team,Explicit
TAEUnits\config.cpp,4435,TAE_Unit_NR_Marksman,JMSLLTE_scum_troop_marksman,CfgVehicles,TAE Mod Team,New Republic Marksman,TAE Mod Team,Explicit
TAEUnits\config.cpp,4446,TAE_Unit_NR_Alien_Commando,JMSLLTE_scum_troop_al_trooper,CfgVehicles,TAE Mod Team,New Republic Alien Commando,TAE Mod Team,Explicit
TAEUnits\config.cpp,4455,TAE_Unit_NR_Alien_Heavy,JMSLLTE_scum_troop_al_trooperH,CfgVehicles,TAE Mod Team,New Republic Alien Commando Heavy,TAE Mod Team,Explicit
TAEUnits\config.cpp,4466,TAE_Vehicle_NR_AA2,JMSLLTE_O_veh_AA2_reb_F,CfgVehicles,TAE Mod Team,,TAE Mod Team,Explicit
TAEUnits\config.cpp,4476,TAE_Vehicle_NR_AA2_MkII,JMSLLTE_O_veh_AA2mk2_reb_F,CfgVehicles,TAE Mod Team,,TAE Mod Team,Explicit
TAEUnits\config.cpp,4486,TAE_Vehicle_NR_ATST,JMSLLTE_vehgr_ATST_reb_F,CfgVehicles,TAE Mod Team,New Republic AT-ST,TAE Mod Team,Explicit
TAEUnits\config.cpp,4497,TAE_Vehicle_NR_Ywing,JMSLLTE_YwingA4_veh_F,CfgVehicles,TAE Mod Team,BTL-A4 Y-wing Starfighter,TAE Mod Team,Explicit
TAEUnits\config.cpp,4546,TAE_Vehicle_NR_Uwing,JMSLLTE_UwingHeli_Reb_F,CfgVehicles,TAE Mod Team,UT-60D U-wing Dropship,TAE Mod Team,Explicit
TAEUnits\config.cpp,4567,TAE_Vehicle_NR_Xwing_CA2,JMSLLTE_XwingCA2_NR_veh_F,CfgVehicles,TAE Mod Team,T-65C-A2 X-wing Starfighter,TAE Mod Team,Explicit
TAEUnits\config.cpp,4616,TAE_Vehicle_NR_Xwing_T70,JMSLLTE_XwingT70_veh_F,CfgVehicles,TAE Mod Team,T-70 X-wing Starfighter,TAE Mod Team,Explicit
TAEUnits\config.cpp,4665,TAE_Vehicle_NR_Awing,JMSLLTE_Awing_NR_veh_F,CfgVehicles,TAE Mod Team,RZ-1 A-wing Interceptor,TAE Mod Team,Explicit
TAEUnits\config.cpp,4714,TAE_Unit_Civilian_Random,JMSLLTE_c_jumpsuit_blue_F,CfgVehicles,TAE Mod Team,Civilian (Random),TAE Mod Team,Explicit
TAEVehicles\config.cpp,2,TAEVehicles,,CfgPatches,TAE Mod Team,,TAE Mod Team,Explicit
TAEVehicles\config.cpp,72,3AS_BARC_Repeater,CannonCore,CfgWeapons,,,,External inheritance / no local author
TAEVehicles\config.cpp,79,TAE_BARC_Repeater,3AS_BARC_Repeater,CfgWeapons,,,,External inheritance / no local author
TAEVehicles\config.cpp,95,TAE_Skycat_weapon_MPR10,ace_missileguidance_dagr,CfgWeapons,,MPR-10 Guided Proton Rockets,,External inheritance / no local author
TAEVehicles\config.cpp,103,TAE_Komrk_weapon_Hammers,mti_armoury_weapon_AGM_Missile_Pylon,CfgWeapons,,Firebrand Proton Missile,,External inheritance / no local author
TAEVehicles\config.cpp,111,TAE_Komrk_weapon_Lightning,mti_armoury_weapon_AA_Missile_Light_Pylon,CfgWeapons,,Talon Interceptor,,External inheritance / no local author
TAEVehicles\config.cpp,119,TAE_Komrk_weapon_Typhoon,mti_armoury_weapon_AA_Short_Missile_Pylon,CfgWeapons,,Pursuit Concussion Missile,,External inheritance / no local author
TAEVehicles\config.cpp,127,TAE_Komrk_weapon_Hurricane,mti_armoury_weapon_AA_Long_Missile_Pylon,CfgWeapons,,Longspear Missile,,External inheritance / no local author
TAEVehicles\config.cpp,135,TAE_Komrk_weapon_Stalkers,mti_armoury_weapon_Harm_Missile_Pylon,CfgWeapons,,Wraith Anti-Radiation Missile,,External inheritance / no local author
TAEVehicles\config.cpp,143,TAE_Skycat_weapon_Talon,TAE_Komrk_weapon_Lightning,CfgWeapons,,,,External inheritance / no local author
TAEVehicles\config.cpp,149,TAE_Skycat_weapon_Firebrand,TAE_Komrk_weapon_Hammers,CfgWeapons,,,,External inheritance / no local author
TAEVehicles\config.cpp,155,TAE_Skycat_weapon_Wraith,TAE_Komrk_weapon_Stalkers,CfgWeapons,,,,External inheritance / no local author
TAEVehicles\config.cpp,161,TAE_Z98_weapon_Lightning,mti_armoury_weapon_AA_Missile_Light_Pylon,CfgWeapons,,Talon Interceptor,,External inheritance / no local author
TAEVehicles\config.cpp,169,TAE_Z98_weapon_Typhoon,mti_armoury_weapon_AA_Short_Missile_Pylon,CfgWeapons,,Pursuit Concussion Missile,,External inheritance / no local author
TAEVehicles\config.cpp,177,TAE_Z98_weapon_Hurricane,mti_armoury_weapon_AA_Long_Missile_Pylon,CfgWeapons,,Longspear Missile,,External inheritance / no local author
TAEVehicles\config.cpp,185,TAE_Z98_weapon_Hammers,mti_armoury_weapon_AGM_Missile_Pylon,CfgWeapons,,Firebrand Proton Missile,,External inheritance / no local author
TAEVehicles\config.cpp,193,TAE_Z98_weapon_Stalkers,mti_armoury_weapon_Harm_Missile_Pylon,CfgWeapons,,Wraith Anti-Radiation Missile,,External inheritance / no local author
TAEVehicles\config.cpp,201,TAE_Z98_weapon_DB78,knd_pylonweapon_jdumb,CfgWeapons,,DB-78 Seismic Bomb,,External inheritance / no local author
TAEVehicles\config.cpp,212,mti_armoury_ammo_AA_Ammo_Light,mti_armoury_ammo_AA_Base_Ammo,CfgAmmo,,,,External inheritance / no local author
TAEVehicles\config.cpp,221,TAE_ammo_Talon,mti_armoury_ammo_AA_Ammo_Light,CfgAmmo,,,,External inheritance / no local author
TAEVehicles\config.cpp,264,mti_armoury_ammo_AA_Ammo_Short,mti_armoury_ammo_AA_Base_Ammo,CfgAmmo,,,,External inheritance / no local author
TAEVehicles\config.cpp,273,TAE_ammo_Pursuit,mti_armoury_ammo_AA_Ammo_Short,CfgAmmo,,,,External inheritance / no local author
TAEVehicles\config.cpp,315,mti_armoury_ammo_AA_Missile_Long,mti_armoury_ammo_AA_Base_Ammo,CfgAmmo,,,,External inheritance / no local author
TAEVehicles\config.cpp,324,TAE_ammo_Longspear,mti_armoury_ammo_AA_Missile_Long,CfgAmmo,,,,External inheritance / no local author
TAEVehicles\config.cpp,370,TAE_Skycat_ammo_MPR10,ACE_Hydra70_DAGR,CfgAmmo,,MPR-10 Guided Proton Rocket,,External inheritance / no local author
TAEVehicles\config.cpp,375,TAE_Firebrand_ammo_IRLaser,mti_armoury_ammo_AGM_Missile,CfgAmmo,,,,External inheritance / no local author
TAEVehicles\config.cpp,379,TAE_Z98_ammo_Hammers,mti_armoury_ammo_AGM_Missile,CfgAmmo,,,,External inheritance / no local author
TAEVehicles\config.cpp,402,TAE_Skycat_mag_MPR10,PylonRack_24Rnd_ACE_DAGR,CfgMagazines,,MPR-10 Guided Proton Rockets,,External inheritance / no local author
TAEVehicles\config.cpp,414,TAE_Komrk_mag_Hammers,mti_armoury_mag_AGM_Mag,CfgMagazines,,Firebrand Proton Missile,,External inheritance / no local author
TAEVehicles\config.cpp,426,TAE_Komrk_mag_Lightning,mti_armoury_mag_AA_Light_Mag,CfgMagazines,,Talon Interceptor,,External inheritance / no local author
TAEVehicles\config.cpp,438,TAE_Komrk_mag_Typhoon,mti_armoury_mag_AA_Short_Mag,CfgMagazines,,Pursuit Concussion,,External inheritance / no local author
TAEVehicles\config.cpp,450,TAE_Komrk_mag_Hurricane,mti_armoury_mag_AA_Long_Mag,CfgMagazines,,Longspear,,External inheritance / no local author
TAEVehicles\config.cpp,462,TAE_Komrk_mag_Stalkers,mti_armoury_mag_HARM_Missile_Mag,CfgMagazines,,Wraith Anti-Radiation,,External inheritance / no local author
TAEVehicles\config.cpp,473,TAE_Skycat_mag_Talon,TAE_Komrk_mag_Lightning,CfgMagazines,,,,External inheritance / no local author
TAEVehicles\config.cpp,480,TAE_Skycat_mag_Firebrand,TAE_Komrk_mag_Hammers,CfgMagazines,,,,External inheritance / no local author
TAEVehicles\config.cpp,487,TAE_Skycat_mag_Wraith,TAE_Komrk_mag_Stalkers,CfgMagazines,,,,External inheritance / no local author
TAEVehicles\config.cpp,494,TAE_Z98_mag_Lightning,mti_armoury_mag_AA_Light_Mag,CfgMagazines,,Talon Interceptor,,External inheritance / no local author
TAEVehicles\config.cpp,506,TAE_Z98_mag_Typhoon,mti_armoury_mag_AA_Short_Mag,CfgMagazines,,Pursuit Concussion,,External inheritance / no local author
TAEVehicles\config.cpp,519,TAE_Z98_mag_Hurricane,mti_armoury_mag_AA_Long_Mag,CfgMagazines,,Longspear,,External inheritance / no local author
TAEVehicles\config.cpp,532,TAE_Z98_mag_Hammers,mti_armoury_mag_AGM_Mag,CfgMagazines,,Firebrand Proton Missile,,External inheritance / no local author
TAEVehicles\config.cpp,545,TAE_Z98_mag_Stalkers,mti_armoury_mag_HARM_Missile_Mag,CfgMagazines,,Wraith Anti-Radiation,,External inheritance / no local author
TAEVehicles\config.cpp,556,TAE_Z98_mag_DB78,knd_pylonrack_jdumb,CfgMagazines,,DB-78 Seismic Bomb,,External inheritance / no local author
TAEVehicles\config.cpp,571,3AS_Vwing_base,Plane_Fighter_03_base_F,CfgVehicles,,,,External inheritance / no local author
TAEVehicles\config.cpp,574,TAE_VWing,3AS_Vwing_base,CfgVehicles,"3rd Army Studios, MokTech Industries and Edonn",[TAE] V-wing Starfighter,"3rd Army Studios, MokTech Industries and Edonn",Explicit
TAEVehicles\config.cpp,630,TAE_HouseKarr,,CfgVehicles/TAE_VWing/TextureSources,3rd Army Studios and Edonn,House Karr,3rd Army Studios and Edonn,Explicit
TAEVehicles\config.cpp,643,3AS_BARC_Base,BARC_Base,CfgVehicles,,,,External inheritance / no local author
TAEVehicles\config.cpp,653,3AS_Barc_501,3AS_BARC_Base,CfgVehicles,,,,External inheritance / no local author
TAEVehicles\config.cpp,654,3AS_Barc,3AS_Barc_501,CfgVehicles,,,,External inheritance / no local author
TAEVehicles\config.cpp,655,mti_armoury_vehicles_barc_base,3AS_Barc,CfgVehicles,,,,External inheritance / no local author
TAEVehicles\config.cpp,656,mti_armoury_vehicles_barc_stretcher,mti_armoury_vehicles_barc_base,CfgVehicles,,,,External inheritance / no local author
TAEVehicles\config.cpp,666,TAE_BARC_Stretcher,mti_armoury_vehicles_barc_stretcher,CfgVehicles,"3rd Army Studios, MokTech Industries and Edonn",[TAE] BARC Speeder,"3rd Army Studios, MokTech Industries and Edonn",Explicit
TAEVehicles\config.cpp,688,TAE_HouseKarr,,CfgVehicles/TAE_BARC_Stretcher/TextureSources,3rd Army Studios and Edonn,House Karr,3rd Army Studios and Edonn,Explicit
TAEVehicles\config.cpp,694,SOB,,CfgVehicles/TAE_BARC_Stretcher/TextureSources,MokTech Industries,Special Operations Brigade,MokTech Industries,Explicit
TAEVehicles\config.cpp,721,knd_vehicles_skycat,Helicopter_Base_H,CfgVehicles,,,,External inheritance / no local author
TAEVehicles\config.cpp,726,3AS_Delta7_Base_F,Plane_Base_F,CfgVehicles,,,,External inheritance / no local author
TAEVehicles\config.cpp,730,mti_armoury_vehicles_delta_base,3AS_Delta7_Base_F,CfgVehicles,,,,External inheritance / no local author
TAEVehicles\config.cpp,743,TAE_Delta7_Interceptor,mti_armoury_vehicles_delta_base,CfgVehicles,"3rd Army Studios, MokTech Industries and Edonn","Delta-7 ""Ashwing""","3rd Army Studios, MokTech Industries and Edonn",Explicit
TAEVehicles\config.cpp,757,TAE_Purple_DarkRed,,CfgVehicles/TAE_Delta7_Interceptor/TextureSources,3rd Army Studios and Edonn,Ashwing,3rd Army Studios and Edonn,Explicit
TAEVehicles\config.cpp,838,TAE_KomrkFighter_Transport_base,knd_KomrkFighter_VTOL_Dynamic_F,CfgVehicles,,,,External inheritance / no local author
TAEVehicles\config.cpp,851,TAE_KomrkFighter_Transport,TAE_KomrkFighter_Transport_base,CfgVehicles,TAE Mod Team,House Karr Kom'rk-Class Fighter Transport,TAE Mod Team,Explicit
TAEVehicles\config.cpp,912,base,,CfgVehicles/TAE_KomrkFighter_Transport/TextureSources,TAE Mod Team,Base,TAE Mod Team,Explicit
TAEVehicles\config.cpp,1249,TAE_Skycat_Transport,knd_vehicles_skycat,CfgVehicles,TAE Mod Team,House Karr SKYCAT/I Transport,TAE Mod Team,Explicit
TAEVehicles\config.cpp,1372,TAE_Z98_Headhunter_base,ls_vehicle_z98,CfgVehicles,,,,External inheritance / no local author
TAEVehicles\config.cpp,1388,TAE_Z98_Headhunter,TAE_Z98_Headhunter_base,CfgVehicles,TAE Mod Team,House Karr Z-98 Interceptor,TAE Mod Team,Explicit
TAEVehicles\config.cpp,1436,base,,CfgVehicles/TAE_Z98_Headhunter/TextureSources,TAE Mod Team,Louis Vuitton Version,TAE Mod Team,Explicit
TAEVehicles\config.cpp,1446,PirateBlue,,CfgVehicles/TAE_Z98_Headhunter/TextureSources,House Kandosii and TAE Mod Team,Blue and Black (Pirate Rework),House Kandosii and TAE Mod Team,Explicit
TAEVehicles\config.cpp,1455,Grey,,CfgVehicles/TAE_Z98_Headhunter/TextureSources,Legion Studios,Grey,Legion Studios,Explicit
TAEWeapons\config.cpp,2,TAEWeapons,,CfgPatches,TAE Mod Team,,TAE Mod Team,Explicit
TAEWeapons\config.cpp,24,tae_ammo_HPB14,mti_armoury_ammo_hpb_base,CfgAmmo,,,,External inheritance / no local author
TAEWeapons\config.cpp,31,tae_ammo_HPB14_scatter_pellet,mti_armoury_ammo_Shotgun_Sub_HP,CfgAmmo,,,,External inheritance / no local author
TAEWeapons\config.cpp,38,tae_ammo_HPB14_scatter,mti_armoury_ammo_hpb_scatter,CfgAmmo,,,,External inheritance / no local author
TAEWeapons\config.cpp,51,tae_mag_HPB14,mti_armoury_mag_HPB,CfgMagazines,TAE Mod Team,HPB-14 150rnd Reduced-Power Energy Cell,TAE Mod Team,Explicit
TAEWeapons\config.cpp,60,tae_mag_HPB14_scatter,mti_armoury_mag_hpb_underbarrel,CfgMagazines,TAE Mod Team,HPB-14 10rnd Reduced-Power Scatter Cell,TAE Mod Team,Explicit
TAEWeapons\config.cpp,79,IDA_Galaar90,arifle_MX_Base_F,CfgWeapons,,,,External inheritance / no local author
TAEWeapons\config.cpp,85,mti_armoury_weapon_hpb,mti_armoury_weapon_hpb_base,CfgWeapons,,,,External inheritance / no local author
TAEWeapons\config.cpp,90,tae_TargetingScope_FP2,IDA_TargetingScope,CfgWeapons,Edonn,FP-2 Targeting Scope,Edonn,Explicit
TAEWeapons\config.cpp,127,tae_IQA11a,IDA_IQA11,CfgWeapons,Edonn,IQA-11a Targeting Blaster,Edonn,Explicit
TAEWeapons\config.cpp,156,tae_Galaar90a,IDA_Galaar90,CfgWeapons,Edonn,Galaar-90a Targeting Blaster,Edonn,Explicit
TAEWeapons\config.cpp,178,tae_HPB14,mti_armoury_weapon_hpb,CfgWeapons,TAE Mod Team,HPB-14 Heavy Blaster Rifle (Reduced Power),TAE Mod Team,Explicit
